participant_id,age,gender,gender_iaw,country,education,weekly_hours,nr,donation_habits,media_habits,It makes me happy if I am able to help others,The well-being of others is important to me,I like being part of a team,I enjoy group activities,I like mastering difficult tasks,I enjoy emerging victorious out of difficult circumstances,Rewards are a great way to motivate me,"If the reward is sufficient, I will put in the effort",It is important to me to follow my own path,Being independent is important to me,I see myself as a rebel,I dislike following rules,philanthropist_type,socializer_type,achiever_type,player_type,free_spirit_type,disruptor_type,more_games_eco_issues,more_games_eco_issues_chisq,more_games_support_conservation,more_games_support_conservation_chisq,like_games_eco_issues,like_games_eco_issues_chisq,like_games_support_conservation,like_games_support_conservation_chisq,openness_combined,help_understand_causes_eco_issues,help_understand_causes_eco_issues_chisq,raise_awareness_eco_issues,raise_awareness_eco_issues_chisq,raise_awareness_conservation,raise_awareness_conservation_chisq,show_how_support_conservation,show_how_support_conservation_chisq,awareness_combined,studios_provide_severity_info,studios_provide_severity_info_chisq,studios_provide_ways_support,studios_provide_ways_support_chisq,studios_have_responsibility,studios_have_responsibility_chisq,studios_combined,studios_do_enough,studios_do_enough_chisq,purchase_ingame_goods,purchase_ingame_goods_chisq,live_service_events,live_service_events_chisq,share_ingame_info,share_ingame_info_chisq,attend_ingame_marches,attend_ingame_marches_chisq,dress_avatar_profile,dress_avatar_profile_chisq,donate_without_reward,donate_without_reward_chisq,watch_livestreams,watch_livestreams_chisq,sign_petitions,sign_petitions_chisq,earn_ingame_achievements,earn_ingame_achievements_chisq,pay_more,pay_more_chisq,organise_ingame_events,organise_ingame_events_chisq,create_share_content,create_share_content_chisq,,,,,,,,,,,,,,,,,,,,,,,,,,,,,,,,,,,,,,,,,,
84,39,Female,,United Kingdom,Postgraduate degree,11-20,4.83,Never,Daily,7,7,4,6,6,6,6,7,7,6,4,4,14,10,12,13,13,8,4,agree,5,agree,5,agree,5,agree,4.75,5,agree,3,neutral,4,agree,4,agree,4.00,5,agree,5,agree,4,agree,4.67,5,agree,4,agree,5,agree,5,agree,4,agree,1,disagree,1,disagree,1,disagree,1,disagree,1,disagree,1,disagree,1,disagree,1,disagree,,,,,,,,,,,,,,,,,,,,,,,,,,,,,,,,,,,,,,,,,,
314,41,Male,,Spain,Secondary school,11-20,3.50,Never,Daily,6,6,6,6,5,7,6,6,6,5,5,3,12,12,12,12,11,8,3,neutral,4,agree,3,neutral,3,neutral,3.25,4,agree,4,agree,4,agree,4,agree,4.00,4,agree,3,neutral,4,agree,3.67,2,disagree,4,agree,3,neutral,2,disagree,3,neutral,3,neutral,1,disagree,1,disagree,1,disagree,1,disagree,1,disagree,1,disagree,1,disagree,,,,,,,,,,,,,,,,,,,,,,,,,,,,,,,,,,,,,,,,,,
689,19,Female,,Australia,Further education,21-30,4.00,Never,Daily,7,6,4,3,5,6,5,4,6,6,3,2,13,7,11,9,12,5,4,agree,4,agree,5,agree,5,agree,4.50,3,neutral,4,agree,4,agree,3,neutral,3.50,4,agree,5,agree,5,agree,4.67,4,agree,3,neutral,4,agree,3,neutral,3,neutral,1,disagree,1,disagree,3,neutral,1,disagree,3,neutral,1,disagree,1,disagree,1,disagree,,,,,,,,,,,,,,,,,,,,,,,,,,,,,,,,,,,,,,,,,,
735,27,Male,,United States of America,Postgraduate degree,21-30,4.67,Yearly,Daily,6,6,5,5,3,4,5,5,6,5,4,4,12,10,7,10,11,8,5,agree,4,agree,5,agree,5,agree,4.75,5,agree,5,agree,5,agree,3,neutral,4.50,5,agree,5,agree,4,agree,4.67,1,disagree,5,agree,5,agree,5,agree,5,agree,1,disagree,1,disagree,4,agree,2,disagree,4,agree,1,disagree,1,disagree,1,disagree,,,,,,,,,,,,,,,,,,,,,,,,,,,,,,,,,,,,,,,,,,
548,30,Male,,Spain,Postgraduate degree,21-30,3.00,Yearly,Daily,6,7,6,6,5,4,5,7,6,3,2,1,13,12,9,12,9,3,1,disagree,2,disagree,2,disagree,1,disagree,1.50,2,disagree,2,disagree,2,disagree,2,disagree,2.00,2,disagree,1,disagree,1,disagree,1.33,1,disagree,1,disagree,1,disagree,1,disagree,2,disagree,2,disagree,1,disagree,2,disagree,3,neutral,4,agree,1,disagree,1,disagree,1,disagree,,,,,,,,,,,,,,,,,,,,,,,,,,,,,,,,,,,,,,,,,,
8,34,Male,,Italy,Secondary school,21-30,3.33,Never,Daily,6,7,6,6,5,6,6,7,6,6,2,1,13,12,11,13,12,3,3,neutral,1,disagree,5,agree,3,neutral,3.00,4,agree,5,agree,5,agree,2,disagree,4.00,4,agree,1,disagree,3,neutral,2.67,2,disagree,3,neutral,5,agree,3,neutral,1,disagree,1,disagree,1,disagree,2,disagree,1,disagree,2,disagree,2,disagree,1,disagree,1,disagree,,,,,,,,,,,,,,,,,,,,,,,,,,,,,,,,,,,,,,,,,,
769,31,Male,,United Kingdom,Postgraduate degree,1-10,4.33,Yearly,Daily,6,7,6,5,6,6,6,6,5,6,2,2,13,11,12,12,11,4,5,agree,5,agree,5,agree,5,agree,5.00,5,agree,5,agree,5,agree,5,agree,5.00,5,agree,5,agree,5,agree,5.00,1,disagree,5,agree,5,agree,3,neutral,3,neutral,3,neutral,3,neutral,1,disagree,4,agree,4,agree,2,disagree,1,disagree,1,disagree,,,,,,,,,,,,,,,,,,,,,,,,,,,,,,,,,,,,,,,,,,
434,24,Female,,Australia,Secondary school,11-20,3.17,Never,Daily,5,6,2,2,4,5,4,4,4,3,3,4,11,4,9,8,7,7,3,neutral,2,disagree,3,neutral,3,neutral,2.75,4,agree,4,agree,4,agree,4,agree,4.00,3,neutral,3,neutral,3,neutral,3.00,3,neutral,3,neutral,3,neutral,1,disagree,1,disagree,2,disagree,1,disagree,2,disagree,4,agree,4,agree,2,disagree,1,disagree,1,disagree,,,,,,,,,,,,,,,,,,,,,,,,,,,,,,,,,,,,,,,,,,
696,21,Female,,Germany,Secondary school,11-20,4.00,Never,Daily,7,7,1,2,6,7,5,4,6,7,5,2,14,3,13,9,13,7,4,agree,4,agree,5,agree,5,agree,4.50,3,neutral,3,neutral,4,agree,2,disagree,3.00,1,disagree,3,neutral,5,agree,3.00,4,agree,4,agree,5,agree,4,agree,2,disagree,4,agree,1,disagree,1,disagree,1,disagree,5,agree,3,neutral,1,disagree,1,disagree,,,,,,,,,,,,,,,,,,,,,,,,,,,,,,,,,,,,,,,,,,
125,29,Male,,France,Undergraduate degree,31+,5.00,Yearly,Daily,5,6,6,5,6,7,7,6,7,7,5,7,11,11,13,13,14,12,4,agree,5,agree,4,agree,4,agree,4.25,5,agree,5,agree,5,agree,5,agree,5.00,5,agree,5,agree,5,agree,5.00,4,agree,2,disagree,2,disagree,2,disagree,2,disagree,4,agree,4,agree,5,agree,5,agree,5,agree,4,agree,1,disagree,1,disagree,,,,,,,,,,,,,,,,,,,,,,,,,,,,,,,,,,,,,,,,,,
453,31,Male,,United Kingdom,Postgraduate degree,11-20,3.67,Once every 6 months,Daily,6,6,6,5,6,6,6,7,5,6,2,2,12,11,12,13,11,4,4,agree,4,agree,4,agree,4,agree,4.00,4,agree,4,agree,4,agree,4,agree,4.00,4,agree,4,agree,4,agree,4.00,4,agree,4,agree,4,agree,4,agree,4,agree,2,disagree,1,disagree,1,disagree,1,disagree,2,disagree,1,disagree,2,disagree,1,disagree,,,,,,,,,,,,,,,,,,,,,,,,,,,,,,,,,,,,,,,,,,
691,19,Female,,United States of America,Further education,1-10,4.50,Once every 3 months,Daily,6,5,4,5,6,6,5,5,5,5,5,2,11,9,12,10,10,7,4,agree,4,agree,5,agree,5,agree,4.50,5,agree,5,agree,5,agree,5,agree,5.00,5,agree,5,agree,4,agree,4.67,4,agree,3,neutral,5,agree,3,neutral,4,agree,2,disagree,2,disagree,2,disagree,1,disagree,3,neutral,1,disagree,1,disagree,2,disagree,,,,,,,,,,,,,,,,,,,,,,,,,,,,,,,,,,,,,,,,,,
770,32,Female,,Germany,Further education,21-30,2.33,Never,Daily,7,7,4,7,6,7,7,7,4,5,1,1,14,11,13,14,9,2,5,agree,5,agree,5,agree,5,agree,5.00,5,agree,5,agree,5,agree,5,agree,5.00,5,agree,5,agree,5,agree,5.00,4,agree,5,agree,5,agree,5,agree,5,agree,3,neutral,4,agree,2,disagree,4,agree,4,agree,3,neutral,2,disagree,2,disagree,,,,,,,,,,,,,,,,,,,,,,,,,,,,,,,,,,,,,,,,,,
775,33,Female,,United States of America,Undergraduate degree,21-30,5.00,Once every 3 months,Daily,7,6,6,5,5,7,7,7,5,5,3,2,13,11,12,14,10,5,5,agree,5,agree,5,agree,5,agree,5.00,5,agree,5,agree,5,agree,5,agree,5.00,5,agree,4,agree,4,agree,4.33,2,disagree,5,agree,5,agree,4,agree,5,agree,3,neutral,4,agree,3,neutral,4,agree,4,agree,3,neutral,2,disagree,2,disagree,,,,,,,,,,,,,,,,,,,,,,,,,,,,,,,,,,,,,,,,,,
806,40,Female,,United States of America,Further education,31+,4.00,Yearly,Daily,6,6,5,3,5,5,6,6,4,5,4,4,12,8,10,12,9,8,4,agree,4,agree,4,agree,5,agree,4.25,3,neutral,4,agree,4,agree,4,agree,3.75,4,agree,4,agree,4,agree,4.00,2,disagree,4,agree,4,agree,3,neutral,3,neutral,2,disagree,4,agree,4,agree,5,agree,5,agree,3,neutral,2,disagree,2,disagree,,,,,,,,,,,,,,,,,,,,,,,,,,,,,,,,,,,,,,,,,,
297,22,Female,,Portugal,Further education,1-10,3.67,Never,Daily,5,6,4,3,3,4,6,6,4,5,4,2,11,7,7,12,9,6,4,agree,4,agree,4,agree,5,agree,4.25,5,agree,5,agree,5,agree,4,agree,4.75,3,neutral,4,agree,4,agree,3.67,2,disagree,4,agree,4,agree,3,neutral,3,neutral,3,neutral,4,agree,4,agree,4,agree,4,agree,4,agree,2,disagree,2,disagree,,,,,,,,,,,,,,,,,,,,,,,,,,,,,,,,,,,,,,,,,,
796,36,Male,,United States of America,Postgraduate degree,21-30,5.00,Monthly,Daily,6,6,5,5,6,5,2,4,6,6,6,5,12,10,11,6,12,11,5,agree,5,agree,5,agree,5,agree,5.00,5,agree,5,agree,5,agree,3,neutral,4.50,5,agree,5,agree,4,agree,4.67,4,agree,5,agree,4,agree,5,agree,5,agree,3,neutral,2,disagree,2,disagree,2,disagree,5,agree,1,disagree,2,disagree,3,neutral,,,,,,,,,,,,,,,,,,,,,,,,,,,,,,,,,,,,,,,,,,
733,28,Male,,United States of America,Undergraduate degree,11-20,4.67,Once every 6 months,Daily,7,7,6,6,5,7,7,6,7,7,4,3,14,12,12,13,14,7,4,agree,5,agree,5,agree,5,agree,4.75,5,agree,5,agree,5,agree,5,agree,5.00,5,agree,5,agree,4,agree,4.67,4,agree,4,agree,4,agree,3,neutral,3,neutral,4,agree,3,neutral,4,agree,4,agree,5,agree,4,agree,2,disagree,3,neutral,,,,,,,,,,,,,,,,,,,,,,,,,,,,,,,,,,,,,,,,,,
252,24,Male,,Italy,Undergraduate degree,1-10,3.33,Once every 6 months,Daily,6,4,6,7,4,7,6,7,6,3,3,3,10,13,11,13,9,6,3,neutral,4,agree,3,neutral,4,agree,3.50,3,neutral,3,neutral,4,agree,4,agree,3.50,2,disagree,4,agree,2,disagree,2.67,2,disagree,3,neutral,2,disagree,4,agree,2,disagree,3,neutral,3,neutral,4,agree,4,agree,4,agree,2,disagree,3,neutral,3,neutral,,,,,,,,,,,,,,,,,,,,,,,,,,,,,,,,,,,,,,,,,,
121,39,Male,,United Kingdom,Undergraduate degree,11-20,4.50,Never,Daily,7,7,6,7,7,7,7,7,6,7,3,2,14,13,14,14,13,5,5,agree,5,agree,5,agree,5,agree,5.00,5,agree,5,agree,5,agree,5,agree,5.00,5,agree,5,agree,5,agree,5.00,3,neutral,5,agree,5,agree,5,agree,5,agree,2,disagree,3,neutral,4,agree,4,agree,4,agree,3,neutral,3,neutral,3,neutral,,,,,,,,,,,,,,,,,,,,,,,,,,,,,,,,,,,,,,,,,,
118,45,Female,,United States of America,Further education,11-20,3.50,Once every 6 months,Daily,7,7,5,2,5,7,7,5,6,6,1,3,14,7,12,12,12,4,1,disagree,1,disagree,1,disagree,1,disagree,1.00,1,disagree,4,agree,4,agree,3,neutral,3.00,4,agree,3,neutral,3,neutral,3.33,3,neutral,4,agree,4,agree,1,disagree,1,disagree,1,disagree,3,neutral,1,disagree,3,neutral,3,neutral,4,agree,3,neutral,3,neutral,,,,,,,,,,,,,,,,,,,,,,,,,,,,,,,,,,,,,,,,,,
7,28,Female,,Sweden,Postgraduate degree,1-10,4.67,Yearly,Daily,6,6,5,3,5,6,7,7,5,6,5,4,12,8,11,14,11,9,4,agree,4,agree,4,agree,5,agree,4.25,4,agree,5,agree,5,agree,3,neutral,4.25,4,agree,4,agree,5,agree,4.33,1,disagree,4,agree,5,agree,4,agree,4,agree,5,agree,5,agree,4,agree,4,agree,4,agree,5,agree,3,neutral,3,neutral,,,,,,,,,,,,,,,,,,,,,,,,,,,,,,,,,,,,,,,,,,
497,51,Female,,Italy,Further education,1-10,4.17,Once every 6 months,Daily,6,6,6,6,6,6,6,7,5,6,3,2,12,12,12,13,11,5,3,neutral,3,neutral,4,agree,4,agree,3.50,4,agree,4,agree,4,agree,4,agree,4.00,4,agree,4,agree,4,agree,4.00,3,neutral,4,agree,4,agree,4,agree,3,neutral,5,agree,5,agree,4,agree,4,agree,5,agree,5,agree,3,neutral,3,neutral,,,,,,,,,,,,,,,,,,,,,,,,,,,,,,,,,,,,,,,,,,
706,24,Male,,Germany,None specified,21-30,4.83,Yearly,Daily,6,7,5,6,6,6,5,6,6,6,5,3,13,11,12,11,12,8,5,agree,5,agree,5,agree,5,agree,5.00,4,agree,5,agree,4,agree,4,agree,4.25,5,agree,5,agree,4,agree,4.67,3,neutral,5,agree,5,agree,4,agree,5,agree,4,agree,4,agree,4,agree,4,agree,4,agree,4,agree,4,agree,3,neutral,,,,,,,,,,,,,,,,,,,,,,,,,,,,,,,,,,,,,,,,,,
777,33,Female,,United States of America,Further education,21-30,4.33,Never,Daily,7,7,6,2,7,5,6,7,6,6,5,3,14,8,12,13,12,8,5,agree,4,agree,5,agree,5,agree,4.75,5,agree,5,agree,5,agree,4,agree,4.75,5,agree,5,agree,2,disagree,4.00,2,disagree,4,agree,5,agree,2,disagree,4,agree,5,agree,5,agree,4,agree,5,agree,5,agree,5,agree,5,agree,3,neutral,,,,,,,,,,,,,,,,,,,,,,,,,,,,,,,,,,,,,,,,,,
216,27,Female,,Hungary,Postgraduate degree,11-20,3.33,Once every 6 months,Daily,6,6,3,3,7,6,2,4,5,7,6,3,12,6,13,6,12,9,3,neutral,3,neutral,4,agree,5,agree,3.75,5,agree,4,agree,4,agree,4,agree,4.25,5,agree,2,disagree,2,disagree,3.00,3,neutral,4,agree,4,agree,5,agree,2,disagree,4,agree,3,neutral,4,agree,5,agree,5,agree,3,neutral,2,disagree,4,agree,,,,,,,,,,,,,,,,,,,,,,,,,,,,,,,,,,,,,,,,,,
48,30,Male,,United Kingdom,Undergraduate degree,11-20,4.33,Never,Daily,6,7,6,6,5,6,7,7,5,5,1,2,13,12,11,14,10,3,3,neutral,4,agree,3,neutral,4,agree,3.50,4,agree,5,agree,5,agree,4,agree,4.50,4,agree,4,agree,4,agree,4.00,3,neutral,4,agree,4,agree,4,agree,2,disagree,2,disagree,2,disagree,3,neutral,3,neutral,3,neutral,3,neutral,3,neutral,4,agree,,,,,,,,,,,,,,,,,,,,,,,,,,,,,,,,,,,,,,,,,,
162,24,Male,,Italy,Secondary school,11-20,4.33,Never,Daily,7,6,4,6,5,6,6,6,4,6,6,4,13,10,11,12,10,10,2,disagree,2,disagree,4,agree,4,agree,3.00,2,disagree,4,agree,2,disagree,4,agree,3.00,4,agree,5,agree,3,neutral,4.00,5,agree,4,agree,5,agree,4,agree,4,agree,3,neutral,3,neutral,4,agree,4,agree,4,agree,3,neutral,3,neutral,4,agree,,,,,,,,,,,,,,,,,,,,,,,,,,,,,,,,,,,,,,,,,,
705,24,Male,,United Kingdom,Postgraduate degree,21-30,4.00,Never,Daily,7,7,7,7,6,7,7,6,5,4,2,2,14,14,13,13,9,4,3,neutral,4,agree,4,agree,5,agree,4.00,4,agree,4,agree,4,agree,5,agree,4.25,4,agree,4,agree,2,disagree,3.33,3,neutral,4,agree,4,agree,1,disagree,3,neutral,2,disagree,2,disagree,2,disagree,4,agree,5,agree,2,disagree,4,agree,4,agree,,,,,,,,,,,,,,,,,,,,,,,,,,,,,,,,,,,,,,,,,,
761,30,Male,,United States of America,Postgraduate degree,1-10,4.83,Once every 3 months,Daily,6,6,5,7,5,5,6,6,5,4,5,3,12,12,10,12,9,8,5,agree,5,agree,5,agree,5,agree,5.00,3,neutral,3,neutral,4,agree,3,neutral,3.25,5,agree,4,agree,5,agree,4.67,2,disagree,4,agree,4,agree,5,agree,1,disagree,4,agree,2,disagree,3,neutral,4,agree,5,agree,2,disagree,4,agree,4,agree,,,,,,,,,,,,,,,,,,,,,,,,,,,,,,,,,,,,,,,,,,
763,31,Female,,Germany,Further education,31+,3.17,Never,Daily,6,6,3,1,5,6,7,6,6,6,5,4,12,4,11,13,12,9,3,neutral,4,agree,4,agree,4,agree,3.75,4,agree,4,agree,5,agree,3,neutral,4.00,4,agree,4,agree,3,neutral,3.67,3,neutral,4,agree,4,agree,2,disagree,2,disagree,4,agree,4,agree,4,agree,4,agree,5,agree,2,disagree,4,agree,4,agree,,,,,,,,,,,,,,,,,,,,,,,,,,,,,,,,,,,,,,,,,,
798,37,Other,Non-binary,Finland,None specified,21-30,4.50,Once every 6 months,Daily,7,6,7,5,5,5,6,6,5,5,3,3,13,12,10,12,10,6,4,agree,3,neutral,4,agree,4,agree,3.75,4,agree,5,agree,5,agree,4,agree,4.50,4,agree,3,neutral,3,neutral,3.33,4,agree,4,agree,4,agree,3,neutral,4,agree,3,neutral,4,agree,3,neutral,4,agree,4,agree,3,neutral,4,agree,4,agree,,,,,,,,,,,,,,,,,,,,,,,,,,,,,,,,,,,,,,,,,,
398,31,Male,,The Netherlands,Postgraduate degree,1-10,2.67,Never,Daily,5,5,6,6,5,6,7,7,4,5,3,2,10,12,11,14,9,5,3,neutral,2,disagree,3,neutral,4,agree,3.00,4,agree,4,agree,4,agree,4,agree,4.00,3,neutral,3,neutral,2,disagree,2.67,3,neutral,2,disagree,4,agree,2,disagree,3,neutral,4,agree,4,agree,4,agree,4,agree,5,agree,4,agree,4,agree,4,agree,,,,,,,,,,,,,,,,,,,,,,,,,,,,,,,,,,,,,,,,,,
760,30,Female,,United States of America,Undergraduate degree,31+,4.67,Never,Daily,6,6,5,5,5,7,7,6,5,6,3,3,12,10,12,13,11,6,5,agree,5,agree,5,agree,5,agree,5.00,5,agree,5,agree,5,agree,5,agree,5.00,4,agree,4,agree,4,agree,4.00,4,agree,5,agree,5,agree,5,agree,5,agree,5,agree,4,agree,5,agree,4,agree,5,agree,4,agree,4,agree,5,agree,,,,,,,,,,,,,,,,,,,,,,,,,,,,,,,,,,,,,,,,,,
362,29,Female,,Poland,Postgraduate degree,1-10,4.50,Yearly,Daily,7,7,7,7,6,7,7,7,5,6,3,4,14,14,13,14,11,7,4,agree,3,neutral,4,agree,4,agree,3.75,3,neutral,4,agree,4,agree,4,agree,3.75,5,agree,5,agree,5,agree,5.00,4,agree,4,agree,3,neutral,1,disagree,3,neutral,5,agree,5,agree,5,agree,5,agree,5,agree,4,agree,4,agree,5,agree,,,,,,,,,,,,,,,,,,,,,,,,,,,,,,,,,,,,,,,,,,
460,22,Female,,Canada,Undergraduate degree,1-10,4.67,Yearly,Daily,7,7,5,6,6,7,7,7,6,5,2,2,14,11,13,14,11,4,5,agree,5,agree,5,agree,5,agree,5.00,4,agree,4,agree,4,agree,4,agree,4.00,5,agree,5,agree,5,agree,5.00,3,neutral,3,neutral,5,agree,2,disagree,5,agree,5,agree,5,agree,5,agree,5,agree,5,agree,5,agree,4,agree,5,agree,,,,,,,,,,,,,,,,,,,,,,,,,,,,,,,,,,,,,,,,,,
817,52,Female,,United States of America,Undergraduate degree,21-30,4.50,Yearly,Daily,7,7,5,5,7,7,6,6,5,5,4,2,14,10,14,12,10,6,4,agree,3,neutral,4,agree,4,agree,3.75,5,agree,5,agree,5,agree,4,agree,4.75,3,neutral,5,agree,3,neutral,3.67,3,neutral,4,agree,4,agree,3,neutral,4,agree,5,agree,4,agree,1,disagree,4,agree,5,agree,5,agree,5,agree,5,agree,,,,,,,,,,,,,,,,,,,,,,,,,,,,,,,,,,,,,,,,,,
746,30,Female,,United Kingdom,Postgraduate degree,31+,3.67,Yearly,Daily,6,7,6,6,6,6,6,6,7,6,6,5,13,12,12,12,13,11,4,agree,4,agree,4,agree,4,agree,4.00,4,agree,4,agree,4,agree,4,agree,4.00,5,agree,4,agree,5,agree,4.67,3,neutral,4,agree,5,agree,4,agree,4,agree,5,agree,4,agree,5,agree,5,agree,5,agree,5,agree,5,agree,5,agree,,,,,,,,,,,,,,,,,,,,,,,,,,,,,,,,,,,,,,,,,,
287,65,Male,,Spain,Undergraduate degree,1-10,4.83,Never,Daily,7,6,3,5,6,6,5,6,5,6,1,2,13,8,12,11,11,3,4,agree,4,agree,4,agree,4,agree,4.00,4,agree,5,agree,4,agree,4,agree,4.25,5,agree,5,agree,2,disagree,4.00,4,agree,4,agree,4,agree,1,disagree,2,disagree,5,agree,5,agree,5,agree,5,agree,5,agree,5,agree,5,agree,5,agree,,,,,,,,,,,,,,,,,,,,,,,,,,,,,,,,,,,,,,,,,,
414,31,Female,,United Kingdom,Undergraduate degree,1-10,3.33,Never,Monthly,7,6,6,6,3,7,7,6,5,6,1,2,13,12,10,13,11,3,3,neutral,2,disagree,2,disagree,3,neutral,2.50,4,agree,4,agree,4,agree,3,neutral,3.75,2,disagree,3,neutral,2,disagree,2.33,3,neutral,2,disagree,4,agree,1,disagree,1,disagree,1,disagree,1,disagree,1,disagree,1,disagree,1,disagree,1,disagree,1,disagree,1,disagree,,,,,,,,,,,,,,,,,,,,,,,,,,,,,,,,,,,,,,,,,,
802,38,Female,,United States of America,Secondary school,11-20,3.33,Never,Monthly,6,7,3,2,4,6,6,6,6,7,5,4,13,5,10,12,13,9,4,agree,4,agree,4,agree,4,agree,4.00,5,agree,4,agree,5,agree,4,agree,4.50,5,agree,4,agree,3,neutral,4.00,2,disagree,4,agree,2,disagree,3,neutral,1,disagree,1,disagree,1,disagree,1,disagree,1,disagree,1,disagree,1,disagree,1,disagree,1,disagree,,,,,,,,,,,,,,,,,,,,,,,,,,,,,,,,,,,,,,,,,,
650,26,Female,,Sweden,Further education,1-10,4.33,Never,Monthly,7,7,1,2,5,4,6,6,6,5,1,3,14,3,9,12,11,4,5,agree,2,disagree,5,agree,3,neutral,3.75,5,agree,5,agree,5,agree,3,neutral,4.50,4,agree,3,neutral,4,agree,3.67,5,agree,2,disagree,1,disagree,4,agree,1,disagree,1,disagree,1,disagree,1,disagree,1,disagree,1,disagree,1,disagree,1,disagree,1,disagree,,,,,,,,,,,,,,,,,,,,,,,,,,,,,,,,,,,,,,,,,,
504,24,Male,,Czechia,Further education,1-10,3.83,Yearly,Monthly,7,6,6,3,5,7,7,6,5,6,2,3,13,9,12,13,11,5,3,neutral,4,agree,5,agree,4,agree,4.00,4,agree,4,agree,5,agree,5,agree,4.50,5,agree,4,agree,5,agree,4.67,1,disagree,4,agree,4,agree,2,disagree,4,agree,1,disagree,1,disagree,1,disagree,1,disagree,1,disagree,1,disagree,1,disagree,1,disagree,,,,,,,,,,,,,,,,,,,,,,,,,,,,,,,,,,,,,,,,,,
749,28,Male,,United States of America,Undergraduate degree,11-20,3.83,Yearly,Monthly,7,7,5,5,5,6,6,6,5,5,4,4,14,10,11,12,10,8,4,agree,4,agree,4,agree,3,neutral,3.75,5,agree,5,agree,4,agree,2,disagree,4.00,5,agree,4,agree,5,agree,4.67,2,disagree,1,disagree,4,agree,2,disagree,3,neutral,1,disagree,1,disagree,1,disagree,1,disagree,2,disagree,1,disagree,1,disagree,1,disagree,,,,,,,,,,,,,,,,,,,,,,,,,,,,,,,,,,,,,,,,,,
436,31,Female,,United Kingdom,Undergraduate degree,21-30,3.83,Yearly,Monthly,6,6,2,2,5,5,7,7,5,6,3,4,12,4,10,14,11,7,3,neutral,4,agree,4,agree,3,neutral,3.50,4,agree,4,agree,4,agree,4,agree,4.00,4,agree,4,agree,2,disagree,3.33,3,neutral,4,agree,4,agree,2,disagree,4,agree,2,disagree,1,disagree,2,disagree,4,agree,2,disagree,1,disagree,1,disagree,1,disagree,,,,,,,,,,,,,,,,,,,,,,,,,,,,,,,,,,,,,,,,,,
646,30,Female,,United Kingdom,Further education,11-20,4.67,Yearly,Monthly,5,6,5,5,6,6,6,6,5,5,3,3,11,10,12,12,10,6,4,agree,4,agree,4,agree,4,agree,4.00,4,agree,5,agree,5,agree,4,agree,4.50,5,agree,4,agree,4,agree,4.33,3,neutral,4,agree,4,agree,2,disagree,2,disagree,1,disagree,1,disagree,1,disagree,1,disagree,3,neutral,1,disagree,1,disagree,1,disagree,,,,,,,,,,,,,,,,,,,,,,,,,,,,,,,,,,,,,,,,,,
466,20,Male,,United Kingdom,Further education,21-30,4.33,Yearly,Monthly,6,6,6,5,5,6,7,6,5,3,4,5,12,11,11,13,8,9,3,neutral,4,agree,4,agree,4,agree,3.75,4,agree,4,agree,3,neutral,4,agree,3.75,3,neutral,3,neutral,2,disagree,2.67,4,agree,4,agree,4,agree,3,neutral,4,agree,1,disagree,2,disagree,2,disagree,1,disagree,3,neutral,1,disagree,1,disagree,1,disagree,,,,,,,,,,,,,,,,,,,,,,,,,,,,,,,,,,,,,,,,,,
292,28,Female,,United Kingdom,Undergraduate degree,11-20,4.50,Monthly,Monthly,6,6,5,3,6,6,6,6,5,2,2,2,12,8,12,12,7,4,4,agree,5,agree,5,agree,4,agree,4.50,4,agree,4,agree,4,agree,4,agree,4.00,5,agree,5,agree,4,agree,4.67,2,disagree,5,agree,4,agree,4,agree,4,agree,1,disagree,1,disagree,1,disagree,1,disagree,4,agree,2,disagree,1,disagree,1,disagree,,,,,,,,,,,,,,,,,,,,,,,,,,,,,,,,,,,,,,,,,,
41,32,Male,,Italy,Postgraduate degree,21-30,4.50,Once every 3 months,Monthly,6,6,4,5,6,7,6,7,6,6,5,4,12,9,13,13,12,9,3,neutral,4,agree,4,agree,5,agree,4.00,4,agree,5,agree,5,agree,5,agree,4.75,4,agree,4,agree,3,neutral,3.67,3,neutral,5,agree,3,neutral,2,disagree,2,disagree,1,disagree,1,disagree,3,neutral,2,disagree,4,agree,2,disagree,1,disagree,1,disagree,,,,,,,,,,,,,,,,,,,,,,,,,,,,,,,,,,,,,,,,,,
210,32,Male,,Poland,Postgraduate degree,11-20,3.17,Never,Monthly,5,4,4,5,5,4,5,6,5,6,4,4,9,9,9,11,11,8,4,agree,4,agree,4,agree,3,neutral,3.75,4,agree,4,agree,4,agree,4,agree,4.00,2,disagree,2,disagree,2,disagree,2.00,3,neutral,2,disagree,1,disagree,1,disagree,1,disagree,1,disagree,1,disagree,3,neutral,3,neutral,4,agree,2,disagree,1,disagree,1,disagree,,,,,,,,,,,,,,,,,,,,,,,,,,,,,,,,,,,,,,,,,,
704,24,Female,,Belgium,Postgraduate degree,1-10,2.50,Never,Monthly,6,6,6,6,6,7,7,7,5,6,2,3,12,12,13,14,11,5,3,neutral,4,agree,4,agree,4,agree,3.75,5,agree,5,agree,5,agree,5,agree,5.00,3,neutral,4,agree,4,agree,3.67,4,agree,4,agree,5,agree,2,disagree,5,agree,1,disagree,2,disagree,1,disagree,3,neutral,3,neutral,3,neutral,1,disagree,1,disagree,,,,,,,,,,,,,,,,,,,,,,,,,,,,,,,,,,,,,,,,,,
203,28,Other,Non-binary,Spain,Further education,1-10,4.17,Never,Monthly,7,7,5,6,5,5,5,6,5,4,5,2,14,11,10,11,9,7,4,agree,3,neutral,4,agree,4,agree,3.75,4,agree,4,agree,4,agree,4,agree,4.00,4,agree,4,agree,4,agree,4.00,3,neutral,3,neutral,4,agree,4,agree,4,agree,2,disagree,2,disagree,3,neutral,3,neutral,3,neutral,3,neutral,1,disagree,1,disagree,,,,,,,,,,,,,,,,,,,,,,,,,,,,,,,,,,,,,,,,,,
176,41,Male,,United Kingdom,Further education,1-10,3.83,Never,Monthly,5,3,3,2,5,4,4,5,6,7,4,5,8,5,9,9,13,9,3,neutral,3,neutral,3,neutral,3,neutral,3.00,5,agree,5,agree,4,agree,5,agree,4.75,3,neutral,3,neutral,2,disagree,2.67,3,neutral,3,neutral,3,neutral,3,neutral,3,neutral,1,disagree,2,disagree,4,agree,4,agree,4,agree,3,neutral,1,disagree,1,disagree,,,,,,,,,,,,,,,,,,,,,,,,,,,,,,,,,,,,,,,,,,
670,25,Female,,United Kingdom,Undergraduate degree,1-10,2.50,Never,Monthly,1,6,1,1,5,7,7,7,6,7,2,5,7,2,12,14,13,7,5,agree,5,agree,5,agree,5,agree,5.00,4,agree,5,agree,5,agree,3,neutral,4.25,5,agree,5,agree,5,agree,5.00,1,disagree,4,agree,5,agree,5,agree,1,disagree,4,agree,3,neutral,4,agree,4,agree,4,agree,3,neutral,1,disagree,1,disagree,,,,,,,,,,,,,,,,,,,,,,,,,,,,,,,,,,,,,,,,,,
575,19,Male,,Portugal,Further education,11-20,4.83,Yearly,Monthly,7,7,1,2,4,7,7,7,6,5,1,1,14,3,11,14,11,2,4,agree,5,agree,5,agree,5,agree,4.75,5,agree,5,agree,5,agree,5,agree,5.00,5,agree,4,agree,3,neutral,4.00,5,agree,5,agree,5,agree,1,disagree,4,agree,4,agree,2,disagree,3,neutral,3,neutral,2,disagree,4,agree,1,disagree,1,disagree,,,,,,,,,,,,,,,,,,,,,,,,,,,,,,,,,,,,,,,,,,
112,41,Female,,United Kingdom,Undergraduate degree,11-20,4.33,Once every 6 months,Monthly,6,6,5,5,6,7,6,6,5,7,3,5,12,10,13,12,12,8,4,agree,4,agree,5,agree,4,agree,4.25,3,neutral,4,agree,4,agree,4,agree,3.75,4,agree,4,agree,4,agree,4.00,3,neutral,4,agree,4,agree,4,agree,4,agree,5,agree,1,disagree,1,disagree,4,agree,4,agree,4,agree,1,disagree,1,disagree,,,,,,,,,,,,,,,,,,,,,,,,,,,,,,,,,,,,,,,,,,
358,27,Male,,United States of America,Postgraduate degree,1-10,4.00,Yearly,Monthly,5,5,5,5,5,4,7,6,4,7,6,4,10,10,9,13,11,10,4,agree,4,agree,4,agree,4,agree,4.00,4,agree,4,agree,5,agree,4,agree,4.25,4,agree,4,agree,4,agree,4.00,4,agree,2,disagree,2,disagree,4,agree,3,neutral,1,disagree,1,disagree,3,neutral,4,agree,2,disagree,1,disagree,2,disagree,1,disagree,,,,,,,,,,,,,,,,,,,,,,,,,,,,,,,,,,,,,,,,,,
352,35,Male,,Germany,Further education,31+,3.33,Yearly,Monthly,7,6,5,5,6,7,6,6,5,4,3,4,13,10,13,12,9,7,3,neutral,2,disagree,4,agree,4,agree,3.25,4,agree,4,agree,4,agree,4,agree,4.00,4,agree,2,disagree,1,disagree,2.33,4,agree,4,agree,5,agree,3,neutral,2,disagree,4,agree,3,neutral,3,neutral,5,agree,5,agree,4,agree,2,disagree,1,disagree,,,,,,,,,,,,,,,,,,,,,,,,,,,,,,,,,,,,,,,,,,
132,30,Male,,United States of America,Further education,21-30,3.33,Once every 6 months,Monthly,6,4,4,6,5,6,4,6,7,7,4,5,10,10,11,10,14,9,3,neutral,3,neutral,3,neutral,3,neutral,3.00,3,neutral,4,agree,3,neutral,4,agree,3.50,4,agree,4,agree,4,agree,4.00,4,agree,3,neutral,4,agree,4,agree,3,neutral,4,agree,4,agree,5,agree,4,agree,5,agree,3,neutral,3,neutral,1,disagree,,,,,,,,,,,,,,,,,,,,,,,,,,,,,,,,,,,,,,,,,,
201,41,Female,,Sweden,Further education,11-20,4.83,Yearly,Monthly,3,5,2,2,5,6,6,6,7,6,2,2,8,4,11,12,13,4,3,neutral,5,agree,4,agree,5,agree,4.25,5,agree,5,agree,2,disagree,3,neutral,3.75,4,agree,4,agree,1,disagree,3.00,3,neutral,1,disagree,1,disagree,1,disagree,2,disagree,3,neutral,1,disagree,1,disagree,3,neutral,4,agree,1,disagree,4,agree,1,disagree,,,,,,,,,,,,,,,,,,,,,,,,,,,,,,,,,,,,,,,,,,
4,39,Female,,United States of America,Further education,11-20,3.50,Yearly,Monthly,6,6,5,3,6,6,5,6,3,5,2,2,12,8,12,11,8,4,4,agree,4,agree,4,agree,3,neutral,3.75,4,agree,4,agree,4,agree,4,agree,4.00,4,agree,4,agree,4,agree,4.00,4,agree,4,agree,2,disagree,2,disagree,2,disagree,1,disagree,2,disagree,3,neutral,1,disagree,1,disagree,1,disagree,1,disagree,2,disagree,,,,,,,,,,,,,,,,,,,,,,,,,,,,,,,,,,,,,,,,,,
625,38,Male,,United Kingdom,Postgraduate degree,11-20,4.83,Never,Monthly,7,7,4,3,7,7,7,7,6,7,5,2,14,7,14,14,13,7,1,disagree,1,disagree,1,disagree,1,disagree,1.00,2,disagree,2,disagree,2,disagree,2,disagree,2.00,1,disagree,1,disagree,1,disagree,1.00,4,agree,4,agree,4,agree,1,disagree,3,neutral,2,disagree,2,disagree,4,agree,2,disagree,4,agree,1,disagree,1,disagree,2,disagree,,,,,,,,,,,,,,,,,,,,,,,,,,,,,,,,,,,,,,,,,,
312,29,Male,,United Kingdom,Further education,1-10,3.83,Monthly,Monthly,6,6,6,6,5,6,6,6,6,6,5,3,12,12,11,12,12,8,4,agree,4,agree,4,agree,4,agree,4.00,4,agree,4,agree,4,agree,4,agree,4.00,4,agree,4,agree,4,agree,4.00,3,neutral,4,agree,4,agree,4,agree,4,agree,4,agree,1,disagree,3,neutral,4,agree,5,agree,1,disagree,1,disagree,2,disagree,,,,,,,,,,,,,,,,,,,,,,,,,,,,,,,,,,,,,,,,,,
325,25,Other,Non-binary,United Kingdom,Further education,11-20,4.50,Yearly,Monthly,6,6,3,5,5,5,6,5,5,5,5,5,12,8,10,11,10,10,5,agree,4,agree,5,agree,4,agree,4.50,4,agree,5,agree,5,agree,4,agree,4.50,4,agree,5,agree,5,agree,4.67,4,agree,4,agree,4,agree,4,agree,5,agree,5,agree,1,disagree,5,agree,4,agree,5,agree,1,disagree,1,disagree,2,disagree,,,,,,,,,,,,,,,,,,,,,,,,,,,,,,,,,,,,,,,,,,
690,18,Female,,Australia,Secondary school,11-20,5.00,Yearly,Monthly,6,6,3,5,5,6,7,7,5,5,2,2,12,8,11,14,10,4,5,agree,5,agree,5,agree,5,agree,5.00,4,agree,4,agree,4,agree,5,agree,4.25,5,agree,5,agree,5,agree,5.00,2,disagree,4,agree,5,agree,1,disagree,2,disagree,3,neutral,2,disagree,3,neutral,1,disagree,4,agree,3,neutral,1,disagree,2,disagree,,,,,,,,,,,,,,,,,,,,,,,,,,,,,,,,,,,,,,,,,,
137,39,Other,Non-binary,United States of America,Undergraduate degree,1-10,2.83,Yearly,Monthly,5,4,4,2,4,6,4,6,6,6,2,4,9,6,10,10,12,6,3,neutral,3,neutral,4,agree,3,neutral,3.25,3,neutral,3,neutral,3,neutral,3,neutral,3.00,4,agree,4,agree,4,agree,4.00,3,neutral,2,disagree,2,disagree,3,neutral,3,neutral,1,disagree,3,neutral,1,disagree,3,neutral,2,disagree,4,agree,1,disagree,2,disagree,,,,,,,,,,,,,,,,,,,,,,,,,,,,,,,,,,,,,,,,,,
191,36,Male,,United States of America,Undergraduate degree,11-20,3.00,Never,Monthly,7,7,6,6,6,7,7,6,5,5,4,4,14,12,13,13,10,8,5,agree,5,agree,5,agree,5,agree,5.00,5,agree,5,agree,5,agree,5,agree,5.00,5,agree,5,agree,5,agree,5.00,5,agree,5,agree,5,agree,5,agree,5,agree,3,neutral,4,agree,3,neutral,3,neutral,4,agree,4,agree,1,disagree,2,disagree,,,,,,,,,,,,,,,,,,,,,,,,,,,,,,,,,,,,,,,,,,
782,34,Female,,United States of America,Postgraduate degree,1-10,4.00,Yearly,Monthly,6,6,5,4,4,5,4,5,3,3,3,4,12,9,9,9,6,7,4,agree,4,agree,4,agree,5,agree,4.25,4,agree,5,agree,5,agree,4,agree,4.50,5,agree,5,agree,2,disagree,4.00,3,neutral,3,neutral,4,agree,2,disagree,3,neutral,4,agree,5,agree,3,neutral,3,neutral,5,agree,4,agree,1,disagree,2,disagree,,,,,,,,,,,,,,,,,,,,,,,,,,,,,,,,,,,,,,,,,,
17,50,Female,,United Kingdom,Further education,1-10,3.17,Yearly,Monthly,5,6,3,5,3,4,6,7,7,7,6,6,11,8,7,13,14,12,5,agree,5,agree,5,agree,5,agree,5.00,4,agree,5,agree,5,agree,4,agree,4.50,4,agree,5,agree,5,agree,4.67,2,disagree,4,agree,5,agree,3,neutral,4,agree,5,agree,2,disagree,4,agree,5,agree,5,agree,4,agree,1,disagree,2,disagree,,,,,,,,,,,,,,,,,,,,,,,,,,,,,,,,,,,,,,,,,,
183,32,Male,,Portugal,Postgraduate degree,1-10,4.33,Yearly,Monthly,6,6,6,6,5,6,6,7,6,5,5,5,12,12,11,13,11,10,2,disagree,2,disagree,2,disagree,3,neutral,2.25,2,disagree,1,disagree,3,neutral,1,disagree,1.75,2,disagree,4,agree,2,disagree,2.67,3,neutral,4,agree,4,agree,3,neutral,4,agree,2,disagree,5,agree,5,agree,5,agree,5,agree,4,agree,1,disagree,2,disagree,,,,,,,,,,,,,,,,,,,,,,,,,,,,,,,,,,,,,,,,,,
607,19,Male,,United Kingdom,Further education,21-30,4.33,Monthly,Monthly,6,5,4,6,1,6,7,7,7,7,3,7,11,10,7,14,14,10,4,agree,4,agree,4,agree,5,agree,4.25,4,agree,4,agree,4,agree,4,agree,4.00,5,agree,5,agree,5,agree,5.00,1,disagree,3,neutral,4,agree,2,disagree,3,neutral,2,disagree,1,disagree,2,disagree,1,disagree,3,neutral,1,disagree,2,disagree,2,disagree,,,,,,,,,,,,,,,,,,,,,,,,,,,,,,,,,,,,,,,,,,
626,31,Male,,Germany,Further education,11-20,4.50,Monthly,Monthly,6,6,7,7,7,7,6,6,5,5,3,4,12,14,14,12,10,7,5,agree,5,agree,5,agree,5,agree,5.00,4,agree,4,agree,4,agree,4,agree,4.00,5,agree,5,agree,5,agree,5.00,2,disagree,5,agree,5,agree,3,neutral,4,agree,3,neutral,1,disagree,2,disagree,4,agree,4,agree,1,disagree,2,disagree,2,disagree,,,,,,,,,,,,,,,,,,,,,,,,,,,,,,,,,,,,,,,,,,
762,30,Female,,United States of America,Undergraduate degree,11-20,4.00,Yearly,Monthly,6,6,6,3,5,6,7,6,6,6,6,2,12,9,11,13,12,8,5,agree,4,agree,3,neutral,5,agree,4.25,4,agree,5,agree,5,agree,4,agree,4.50,4,agree,4,agree,5,agree,4.33,2,disagree,5,agree,5,agree,4,agree,4,agree,4,agree,1,disagree,4,agree,4,agree,5,agree,1,disagree,2,disagree,2,disagree,,,,,,,,,,,,,,,,,,,,,,,,,,,,,,,,,,,,,,,,,,
368,28,Female,,United States of America,Secondary school,21-30,5.00,Once every 6 months,Monthly,6,7,7,6,6,6,6,7,7,6,5,7,13,13,12,13,13,12,4,agree,5,agree,4,agree,4,agree,4.25,3,neutral,4,agree,2,disagree,4,agree,3.25,5,agree,5,agree,5,agree,5.00,2,disagree,4,agree,2,disagree,1,disagree,4,agree,1,disagree,1,disagree,2,disagree,2,disagree,3,neutral,2,disagree,2,disagree,2,disagree,,,,,,,,,,,,,,,,,,,,,,,,,,,,,,,,,,,,,,,,,,
424,34,Male,,Germany,Postgraduate degree,1-10,4.17,Monthly,Monthly,5,6,5,6,7,7,7,7,5,7,3,4,11,11,14,14,12,7,2,disagree,3,neutral,4,agree,3,neutral,3.00,5,agree,5,agree,5,agree,5,agree,5.00,3,neutral,4,agree,5,agree,4.00,4,agree,1,disagree,1,disagree,1,disagree,1,disagree,2,disagree,2,disagree,3,neutral,2,disagree,4,agree,2,disagree,2,disagree,2,disagree,,,,,,,,,,,,,,,,,,,,,,,,,,,,,,,,,,,,,,,,,,
535,23,Male,,Poland,Further education,21-30,3.33,Never,Monthly,5,5,5,5,4,7,7,6,7,7,5,5,10,10,11,13,14,10,3,neutral,3,neutral,3,neutral,3,neutral,3.00,4,agree,4,agree,3,neutral,3,neutral,3.50,3,neutral,3,neutral,3,neutral,3.00,3,neutral,1,disagree,3,neutral,1,disagree,1,disagree,3,neutral,2,disagree,2,disagree,3,neutral,4,agree,2,disagree,2,disagree,2,disagree,,,,,,,,,,,,,,,,,,,,,,,,,,,,,,,,,,,,,,,,,,
781,34,Other,Non-binary/agender,Poland,Further education,31+,3.00,Never,Monthly,6,6,4,3,3,5,4,5,2,4,1,1,12,7,8,9,6,2,5,agree,5,agree,4,agree,5,agree,4.75,5,agree,4,agree,3,neutral,1,disagree,3.25,4,agree,4,agree,4,agree,4.00,2,disagree,4,agree,4,agree,3,neutral,4,agree,3,neutral,2,disagree,3,neutral,4,agree,4,agree,2,disagree,2,disagree,2,disagree,,,,,,,,,,,,,,,,,,,,,,,,,,,,,,,,,,,,,,,,,,
68,39,Female,,France,Postgraduate degree,11-20,2.83,Never,Monthly,7,6,4,4,5,6,6,6,5,4,2,2,13,8,11,12,9,4,4,agree,4,agree,5,agree,4,agree,4.25,4,agree,4,agree,4,agree,4,agree,4.00,3,neutral,4,agree,2,disagree,3.00,3,neutral,2,disagree,2,disagree,4,agree,2,disagree,1,disagree,4,agree,3,neutral,4,agree,4,agree,2,disagree,2,disagree,2,disagree,,,,,,,,,,,,,,,,,,,,,,,,,,,,,,,,,,,,,,,,,,
248,23,Male,,Poland,Further education,11-20,2.00,Yearly,Monthly,3,2,2,3,5,6,6,5,6,4,5,6,5,5,11,11,10,11,1,disagree,3,neutral,2,disagree,3,neutral,2.25,1,disagree,4,agree,3,neutral,4,agree,3.00,5,agree,4,agree,5,agree,4.67,3,neutral,1,disagree,3,neutral,1,disagree,1,disagree,3,neutral,3,neutral,4,agree,4,agree,4,agree,2,disagree,2,disagree,2,disagree,,,,,,,,,,,,,,,,,,,,,,,,,,,,,,,,,,,,,,,,,,
255,34,Male,,United States of America,Secondary school,21-30,4.17,Never,Monthly,4,5,2,2,5,5,6,5,6,6,4,4,9,4,10,11,12,8,3,neutral,4,agree,3,neutral,3,neutral,3.25,4,agree,4,agree,4,agree,4,agree,4.00,4,agree,4,agree,3,neutral,3.67,5,agree,4,agree,4,agree,2,disagree,2,disagree,4,agree,3,neutral,4,agree,4,agree,4,agree,2,disagree,2,disagree,2,disagree,,,,,,,,,,,,,,,,,,,,,,,,,,,,,,,,,,,,,,,,,,
345,43,Female,,United Kingdom,Undergraduate degree,11-20,4.00,Never,Monthly,5,6,4,5,5,6,5,6,5,5,2,3,11,9,11,11,10,5,3,neutral,3,neutral,3,neutral,3,neutral,3.00,4,agree,4,agree,4,agree,4,agree,4.00,4,agree,4,agree,5,agree,4.33,2,disagree,3,neutral,4,agree,3,neutral,2,disagree,3,neutral,3,neutral,2,disagree,2,disagree,4,agree,3,neutral,2,disagree,2,disagree,,,,,,,,,,,,,,,,,,,,,,,,,,,,,,,,,,,,,,,,,,
544,34,Male,,Austria,Undergraduate degree,11-20,3.50,Never,Monthly,6,6,3,4,5,6,5,6,6,7,5,4,12,7,11,11,13,9,4,agree,4,agree,5,agree,5,agree,4.50,4,agree,4,agree,4,agree,4,agree,4.00,4,agree,5,agree,3,neutral,4.00,3,neutral,4,agree,4,agree,3,neutral,2,disagree,3,neutral,3,neutral,4,agree,3,neutral,4,agree,3,neutral,2,disagree,2,disagree,,,,,,,,,,,,,,,,,,,,,,,,,,,,,,,,,,,,,,,,,,
731,27,Other,Non-binary,United States of America,Postgraduate degree,11-20,4.00,Yearly,Monthly,6,6,5,5,6,6,6,6,6,5,6,6,12,10,12,12,11,12,4,agree,4,agree,4,agree,5,agree,4.25,5,agree,5,agree,5,agree,5,agree,5.00,5,agree,5,agree,5,agree,5.00,3,neutral,4,agree,5,agree,2,disagree,5,agree,4,agree,2,disagree,3,neutral,5,agree,4,agree,3,neutral,2,disagree,2,disagree,,,,,,,,,,,,,,,,,,,,,,,,,,,,,,,,,,,,,,,,,,
462,25,Female,,Australia,Undergraduate degree,1-10,2.33,Never,Monthly,7,6,6,6,3,6,7,6,5,6,2,6,13,12,9,13,11,8,4,agree,3,neutral,4,agree,4,agree,3.75,4,agree,5,agree,4,agree,4,agree,4.25,2,disagree,2,disagree,3,neutral,2.33,3,neutral,2,disagree,4,agree,2,disagree,4,agree,3,neutral,2,disagree,3,neutral,2,disagree,5,agree,3,neutral,2,disagree,2,disagree,,,,,,,,,,,,,,,,,,,,,,,,,,,,,,,,,,,,,,,,,,
21,38,Male,,United States of America,Undergraduate degree,11-20,3.33,Once every 6 months,Monthly,7,6,6,5,5,6,7,6,4,4,2,2,13,11,11,13,8,4,4,agree,4,agree,5,agree,4,agree,4.25,4,agree,4,agree,4,agree,5,agree,4.25,5,agree,4,agree,3,neutral,4.00,3,neutral,5,agree,5,agree,4,agree,5,agree,3,neutral,4,agree,2,disagree,4,agree,5,agree,3,neutral,2,disagree,2,disagree,,,,,,,,,,,,,,,,,,,,,,,,,,,,,,,,,,,,,,,,,,
181,41,Male,,United Kingdom,Further education,31+,2.67,Never,Monthly,5,6,4,3,5,5,7,7,5,5,4,3,11,7,10,14,10,7,2,disagree,3,neutral,2,disagree,3,neutral,2.50,3,neutral,4,agree,3,neutral,3,neutral,3.25,3,neutral,3,neutral,2,disagree,2.67,2,disagree,1,disagree,3,neutral,3,neutral,2,disagree,2,disagree,2,disagree,4,agree,5,agree,5,agree,3,neutral,2,disagree,2,disagree,,,,,,,,,,,,,,,,,,,,,,,,,,,,,,,,,,,,,,,,,,
821,50,Male,,United States of America,Postgraduate degree,11-20,3.83,Once every 3 months,Monthly,6,4,6,5,6,6,6,6,6,6,3,6,10,11,12,12,12,9,4,agree,3,neutral,4,agree,5,agree,4.00,4,agree,4,agree,4,agree,3,neutral,3.75,3,neutral,4,agree,3,neutral,3.33,3,neutral,3,neutral,4,agree,3,neutral,1,disagree,4,agree,4,agree,3,neutral,4,agree,4,agree,4,agree,2,disagree,2,disagree,,,,,,,,,,,,,,,,,,,,,,,,,,,,,,,,,,,,,,,,,,
107,45,Female,,United Kingdom,Undergraduate degree,11-20,4.50,Never,Monthly,7,6,5,5,6,6,7,6,5,7,3,2,13,10,12,13,12,5,5,agree,4,agree,5,agree,4,agree,4.50,5,agree,4,agree,4,agree,4,agree,4.25,4,agree,4,agree,4,agree,4.00,3,neutral,5,agree,3,neutral,2,disagree,2,disagree,2,disagree,3,neutral,4,agree,4,agree,4,agree,4,agree,2,disagree,2,disagree,,,,,,,,,,,,,,,,,,,,,,,,,,,,,,,,,,,,,,,,,,
631,21,Male,,United Kingdom,Undergraduate degree,11-20,4.33,Yearly,Monthly,5,5,4,3,6,6,6,7,7,6,6,5,10,7,12,13,13,11,3,neutral,4,agree,5,agree,4,agree,4.00,4,agree,4,agree,5,agree,4,agree,4.25,4,agree,5,agree,3,neutral,4.00,3,neutral,4,agree,4,agree,5,agree,3,neutral,4,agree,3,neutral,4,agree,4,agree,4,agree,4,agree,2,disagree,2,disagree,,,,,,,,,,,,,,,,,,,,,,,,,,,,,,,,,,,,,,,,,,
697,22,Female,,United Kingdom,Undergraduate degree,31+,4.00,Never,Monthly,7,6,5,6,5,5,6,6,5,3,4,4,13,11,10,12,8,8,3,neutral,3,neutral,5,agree,4,agree,3.75,4,agree,4,agree,4,agree,4,agree,4.00,3,neutral,5,agree,4,agree,4.00,3,neutral,5,agree,4,agree,2,disagree,1,disagree,4,agree,4,agree,4,agree,4,agree,4,agree,4,agree,2,disagree,2,disagree,,,,,,,,,,,,,,,,,,,,,,,,,,,,,,,,,,,,,,,,,,
790,35,Male,,Germany,Postgraduate degree,21-30,4.00,Never,Monthly,5,6,5,5,4,6,6,6,6,6,4,3,11,10,10,12,12,7,5,agree,4,agree,5,agree,3,neutral,4.25,4,agree,4,agree,4,agree,1,disagree,3.25,5,agree,3,neutral,1,disagree,3.00,3,neutral,5,agree,5,agree,3,neutral,5,agree,4,agree,4,agree,1,disagree,5,agree,5,agree,4,agree,2,disagree,2,disagree,,,,,,,,,,,,,,,,,,,,,,,,,,,,,,,,,,,,,,,,,,
732,28,Female,,Poland,Postgraduate degree,21-30,3.67,Never,Monthly,6,5,2,2,6,6,7,6,6,6,5,6,11,4,12,13,12,11,2,disagree,2,disagree,4,agree,2,disagree,2.50,1,disagree,2,disagree,1,disagree,3,neutral,1.75,5,agree,4,agree,5,agree,4.67,3,neutral,4,agree,5,agree,2,disagree,4,agree,2,disagree,4,agree,4,agree,5,agree,5,agree,4,agree,2,disagree,2,disagree,,,,,,,,,,,,,,,,,,,,,,,,,,,,,,,,,,,,,,,,,,
818,32,Male,,Germany,Further education,31+,3.83,Once every 6 months,Monthly,6,5,2,3,4,6,6,7,6,5,5,4,11,5,10,13,11,9,4,agree,4,agree,4,agree,5,agree,4.25,5,agree,5,agree,4,agree,5,agree,4.75,5,agree,5,agree,4,agree,4.67,4,agree,5,agree,5,agree,3,neutral,4,agree,5,agree,4,agree,3,neutral,5,agree,3,neutral,5,agree,2,disagree,2,disagree,,,,,,,,,,,,,,,,,,,,,,,,,,,,,,,,,,,,,,,,,,
308,23,Female,,United Kingdom,Undergraduate degree,1-10,4.67,Yearly,Monthly,7,6,7,7,6,6,7,6,6,6,4,3,13,14,12,13,12,7,5,agree,5,agree,4,agree,5,agree,4.75,5,agree,4,agree,4,agree,4,agree,4.25,4,agree,4,agree,5,agree,4.33,2,disagree,4,agree,5,agree,4,agree,2,disagree,4,agree,5,agree,5,agree,5,agree,5,agree,5,agree,2,disagree,2,disagree,,,,,,,,,,,,,,,,,,,,,,,,,,,,,,,,,,,,,,,,,,
755,30,Male,,Belgium,Postgraduate degree,31+,2.50,Yearly,Monthly,5,6,2,4,4,5,4,5,6,6,1,2,11,6,9,9,12,3,3,neutral,3,neutral,3,neutral,4,agree,3.25,5,agree,5,agree,5,agree,4,agree,4.75,4,agree,3,neutral,1,disagree,2.67,3,neutral,4,agree,4,agree,1,disagree,1,disagree,2,disagree,3,neutral,2,disagree,3,neutral,3,neutral,3,neutral,3,neutral,2,disagree,,,,,,,,,,,,,,,,,,,,,,,,,,,,,,,,,,,,,,,,,,
422,51,Male,,United States of America,Undergraduate degree,11-20,2.00,Never,Monthly,5,5,5,5,6,6,6,6,6,6,6,5,10,10,12,12,12,11,2,disagree,2,disagree,3,neutral,3,neutral,2.50,4,agree,4,agree,4,agree,4,agree,4.00,4,agree,4,agree,2,disagree,3.33,2,disagree,2,disagree,4,agree,2,disagree,2,disagree,2,disagree,2,disagree,3,neutral,4,agree,4,agree,3,neutral,3,neutral,2,disagree,,,,,,,,,,,,,,,,,,,,,,,,,,,,,,,,,,,,,,,,,,
562,38,Male,,Poland,Undergraduate degree,11-20,4.33,Once every 6 months,Monthly,7,7,5,3,5,6,6,6,7,6,6,6,14,8,11,12,13,12,5,agree,5,agree,5,agree,5,agree,5.00,5,agree,5,agree,5,agree,5,agree,5.00,4,agree,4,agree,4,agree,4.00,3,neutral,4,agree,2,disagree,5,agree,3,neutral,4,agree,2,disagree,4,agree,4,agree,4,agree,3,neutral,3,neutral,2,disagree,,,,,,,,,,,,,,,,,,,,,,,,,,,,,,,,,,,,,,,,,,
45,34,Female,,United Kingdom,Undergraduate degree,21-30,3.67,Once every 6 months,Monthly,6,6,6,6,5,7,7,7,6,6,2,2,12,12,12,14,12,4,4,agree,4,agree,3,neutral,3,neutral,3.50,4,agree,5,agree,4,agree,4,agree,4.25,4,agree,5,agree,4,agree,4.33,3,neutral,3,neutral,4,agree,2,disagree,4,agree,4,agree,4,agree,4,agree,4,agree,4,agree,4,agree,3,neutral,2,disagree,,,,,,,,,,,,,,,,,,,,,,,,,,,,,,,,,,,,,,,,,,
194,27,Male,,Portugal,Secondary school,11-20,4.00,Never,Monthly,6,5,6,5,4,6,6,6,5,6,3,4,11,11,10,12,11,7,3,neutral,4,agree,4,agree,4,agree,3.75,2,disagree,4,agree,4,agree,4,agree,3.50,4,agree,4,agree,4,agree,4.00,4,agree,4,agree,4,agree,3,neutral,2,disagree,3,neutral,2,disagree,1,disagree,3,neutral,5,agree,4,agree,3,neutral,2,disagree,,,,,,,,,,,,,,,,,,,,,,,,,,,,,,,,,,,,,,,,,,
264,29,Female,,United Kingdom,Postgraduate degree,1-10,3.67,Yearly,Monthly,6,6,2,6,7,7,7,7,7,7,2,3,12,8,14,14,14,5,4,agree,4,agree,5,agree,5,agree,4.50,4,agree,5,agree,5,agree,5,agree,4.75,4,agree,4,agree,4,agree,4.00,2,disagree,1,disagree,2,disagree,2,disagree,1,disagree,2,disagree,3,neutral,4,agree,5,agree,5,agree,4,agree,3,neutral,2,disagree,,,,,,,,,,,,,,,,,,,,,,,,,,,,,,,,,,,,,,,,,,
668,30,Female,,United Kingdom,Postgraduate degree,11-20,4.67,Never,Monthly,7,7,5,3,5,5,6,6,4,7,4,1,14,8,10,12,11,5,4,agree,4,agree,4,agree,4,agree,4.00,5,agree,5,agree,5,agree,4,agree,4.75,4,agree,4,agree,5,agree,4.33,3,neutral,3,neutral,4,agree,1,disagree,4,agree,5,agree,4,agree,4,agree,5,agree,5,agree,4,agree,3,neutral,2,disagree,,,,,,,,,,,,,,,,,,,,,,,,,,,,,,,,,,,,,,,,,,
715,27,Male,,Czechia,Undergraduate degree,1-10,3.67,Never,Monthly,6,6,4,5,6,7,5,6,6,6,6,4,12,9,13,11,12,10,4,agree,3,neutral,4,agree,5,agree,4.00,5,agree,5,agree,5,agree,5,agree,5.00,4,agree,3,neutral,2,disagree,3.00,3,neutral,4,agree,4,agree,2,disagree,1,disagree,5,agree,4,agree,5,agree,5,agree,5,agree,4,agree,3,neutral,2,disagree,,,,,,,,,,,,,,,,,,,,,,,,,,,,,,,,,,,,,,,,,,
450,30,Male,,United Kingdom,Undergraduate degree,11-20,3.33,Yearly,Monthly,7,6,7,6,6,6,6,7,7,6,1,1,13,13,12,13,13,2,5,agree,5,agree,4,agree,5,agree,4.75,5,agree,5,agree,5,agree,5,agree,5.00,4,agree,5,agree,5,agree,4.67,2,disagree,5,agree,5,agree,4,agree,4,agree,5,agree,2,disagree,4,agree,5,agree,5,agree,3,neutral,4,agree,2,disagree,,,,,,,,,,,,,,,,,,,,,,,,,,,,,,,,,,,,,,,,,,
807,44,Female,,United States of America,Undergraduate degree,21-30,3.83,Yearly,Monthly,7,7,6,5,5,6,6,7,5,7,3,1,14,11,11,13,12,4,5,agree,5,agree,5,agree,5,agree,5.00,5,agree,5,agree,5,agree,5,agree,5.00,5,agree,5,agree,4,agree,4.67,4,agree,5,agree,5,agree,5,agree,5,agree,3,neutral,4,agree,5,agree,5,agree,4,agree,5,agree,4,agree,2,disagree,,,,,,,,,,,,,,,,,,,,,,,,,,,,,,,,,,,,,,,,,,
774,33,Female,,France,Postgraduate degree,11-20,3.83,Monthly,Monthly,6,6,3,3,3,5,2,4,4,7,6,3,12,6,8,6,11,9,3,neutral,4,agree,3,neutral,4,agree,3.50,3,neutral,4,agree,3,neutral,2,disagree,3.00,3,neutral,4,agree,3,neutral,3.33,2,disagree,2,disagree,3,neutral,1,disagree,3,neutral,5,agree,4,agree,5,agree,5,agree,5,agree,5,agree,4,agree,2,disagree,,,,,,,,,,,,,,,,,,,,,,,,,,,,,,,,,,,,,,,,,,
61,25,Female,,Poland,Postgraduate degree,11-20,3.33,Yearly,Monthly,7,6,6,4,7,7,7,7,6,7,3,3,13,10,14,14,13,6,3,neutral,4,agree,4,agree,5,agree,4.00,3,neutral,4,agree,4,agree,4,agree,3.75,4,agree,4,agree,5,agree,4.33,3,neutral,5,agree,5,agree,5,agree,2,disagree,1,disagree,5,agree,5,agree,1,disagree,5,agree,3,neutral,1,disagree,3,neutral,,,,,,,,,,,,,,,,,,,,,,,,,,,,,,,,,,,,,,,,,,
698,22,Female,,United States of America,Further education,21-30,3.83,Never,Monthly,7,6,5,3,5,6,6,6,5,5,2,7,13,8,11,12,10,9,4,agree,5,agree,5,agree,5,agree,4.75,4,agree,5,agree,5,agree,4,agree,4.50,5,agree,5,agree,5,agree,5.00,3,neutral,4,agree,4,agree,3,neutral,4,agree,3,neutral,3,neutral,2,disagree,4,agree,4,agree,4,agree,1,disagree,3,neutral,,,,,,,,,,,,,,,,,,,,,,,,,,,,,,,,,,,,,,,,,,
9,28,Female,,United States of America,Postgraduate degree,1-10,3.67,Monthly,Monthly,5,6,5,7,6,7,6,7,6,6,3,4,11,12,13,13,12,7,3,neutral,3,neutral,4,agree,5,agree,3.75,4,agree,5,agree,4,agree,5,agree,4.50,3,neutral,4,agree,2,disagree,3.00,3,neutral,5,agree,4,agree,2,disagree,1,disagree,3,neutral,4,agree,2,disagree,3,neutral,5,agree,4,agree,1,disagree,3,neutral,,,,,,,,,,,,,,,,,,,,,,,,,,,,,,,,,,,,,,,,,,
695,20,Other,Genderfluid,United States of America,Secondary school,31+,3.17,Never,Monthly,6,5,6,6,4,6,6,6,6,6,4,5,11,12,10,12,12,9,4,agree,4,agree,4,agree,5,agree,4.25,4,agree,5,agree,5,agree,4,agree,4.50,5,agree,5,agree,4,agree,4.67,4,agree,5,agree,5,agree,4,agree,4,agree,4,agree,4,agree,1,disagree,4,agree,5,agree,4,agree,1,disagree,3,neutral,,,,,,,,,,,,,,,,,,,,,,,,,,,,,,,,,,,,,,,,,,
799,37,Male,,United Kingdom,Undergraduate degree,1-10,4.00,Yearly,Monthly,5,5,4,5,5,5,5,6,5,5,4,3,10,9,10,11,10,7,4,agree,5,agree,4,agree,4,agree,4.25,5,agree,5,agree,5,agree,5,agree,5.00,4,agree,4,agree,4,agree,4.00,2,disagree,5,agree,5,agree,5,agree,5,agree,3,neutral,2,disagree,2,disagree,5,agree,3,neutral,2,disagree,2,disagree,3,neutral,,,,,,,,,,,,,,,,,,,,,,,,,,,,,,,,,,,,,,,,,,
251,25,Female,,Poland,Postgraduate degree,1-10,4.67,Yearly,Monthly,7,6,2,2,5,7,6,7,7,6,6,6,13,4,12,13,13,12,5,agree,5,agree,5,agree,5,agree,5.00,5,agree,4,agree,2,disagree,5,agree,4.00,4,agree,5,agree,5,agree,4.67,2,disagree,2,disagree,4,agree,5,agree,4,agree,3,neutral,2,disagree,2,disagree,2,disagree,3,neutral,4,agree,2,disagree,3,neutral,,,,,,,,,,,,,,,,,,,,,,,,,,,,,,,,,,,,,,,,,,
667,30,Male,,United States of America,Undergraduate degree,11-20,4.50,Never,Monthly,5,6,5,5,7,7,7,7,6,6,4,4,11,10,14,14,12,8,4,agree,4,agree,4,agree,4,agree,4.00,4,agree,4,agree,4,agree,4,agree,4.00,5,agree,4,agree,4,agree,4.33,3,neutral,4,agree,5,agree,4,agree,5,agree,3,neutral,4,agree,4,agree,4,agree,4,agree,4,agree,2,disagree,3,neutral,,,,,,,,,,,,,,,,,,,,,,,,,,,,,,,,,,,,,,,,,,
326,22,Male,,Portugal,Undergraduate degree,11-20,4.17,Once every 3 months,Monthly,7,7,5,3,5,7,6,7,5,6,1,6,14,8,12,13,11,7,4,agree,5,agree,4,agree,4,agree,4.25,5,agree,5,agree,5,agree,5,agree,5.00,5,agree,5,agree,5,agree,5.00,3,neutral,4,agree,5,agree,4,agree,5,agree,5,agree,3,neutral,5,agree,4,agree,5,agree,4,agree,2,disagree,3,neutral,,,,,,,,,,,,,,,,,,,,,,,,,,,,,,,,,,,,,,,,,,
175,30,Female,,United Kingdom,Postgraduate degree,1-10,3.83,Never,Monthly,5,5,4,3,4,5,5,6,5,6,2,3,10,7,9,11,11,5,4,agree,3,neutral,4,agree,4,agree,3.75,3,neutral,4,agree,3,neutral,4,agree,3.50,4,agree,5,agree,4,agree,4.33,3,neutral,2,disagree,2,disagree,4,agree,2,disagree,4,agree,4,agree,3,neutral,5,agree,5,agree,5,agree,2,disagree,3,neutral,,,,,,,,,,,,,,,,,,,,,,,,,,,,,,,,,,,,,,,,,,
284,24,Male,,Portugal,Further education,11-20,3.67,Never,Monthly,5,5,6,6,5,7,7,7,6,6,3,4,10,12,12,14,12,7,4,agree,5,agree,4,agree,4,agree,4.25,4,agree,5,agree,5,agree,4,agree,4.50,5,agree,5,agree,4,agree,4.67,2,disagree,5,agree,5,agree,3,neutral,3,neutral,3,neutral,3,neutral,3,neutral,2,disagree,3,neutral,2,disagree,3,neutral,3,neutral,,,,,,,,,,,,,,,,,,,,,,,,,,,,,,,,,,,,,,,,,,
378,29,Other,Non-binary,United Kingdom,Postgraduate degree,1-10,3.17,Once every 3 months,Monthly,5,5,4,5,5,6,6,5,4,4,3,3,10,9,11,11,8,6,3,neutral,3,neutral,3,neutral,3,neutral,3.00,4,agree,4,agree,4,agree,4,agree,4.00,4,agree,4,agree,4,agree,4.00,3,neutral,3,neutral,4,agree,2,disagree,4,agree,3,neutral,2,disagree,3,neutral,3,neutral,3,neutral,2,disagree,3,neutral,3,neutral,,,,,,,,,,,,,,,,,,,,,,,,,,,,,,,,,,,,,,,,,,
427,25,Female,,Canada,Secondary school,21-30,4.50,Never,Monthly,6,7,5,5,6,7,7,7,6,6,2,2,13,10,13,14,12,4,5,agree,4,agree,5,agree,5,agree,4.75,5,agree,5,agree,5,agree,5,agree,5.00,4,agree,5,agree,5,agree,4.67,3,neutral,5,agree,4,agree,2,disagree,2,disagree,5,agree,3,neutral,2,disagree,4,agree,4,agree,2,disagree,3,neutral,3,neutral,,,,,,,,,,,,,,,,,,,,,,,,,,,,,,,,,,,,,,,,,,
756,30,Female,,Canada,Further education,1-10,3.50,Yearly,Monthly,5,6,5,3,3,5,5,5,5,6,2,2,11,8,8,10,11,4,2,disagree,2,disagree,4,agree,4,agree,3.00,4,agree,4,agree,4,agree,4,agree,4.00,3,neutral,3,neutral,2,disagree,2.67,4,agree,4,agree,2,disagree,2,disagree,2,disagree,4,agree,3,neutral,4,agree,4,agree,4,agree,2,disagree,3,neutral,3,neutral,,,,,,,,,,,,,,,,,,,,,,,,,,,,,,,,,,,,,,,,,,
169,33,Male,,Estonia,Secondary school,11-20,4.33,Never,Monthly,7,7,4,2,5,7,6,5,6,7,4,1,14,6,12,11,13,5,4,agree,5,agree,5,agree,5,agree,4.75,5,agree,5,agree,5,agree,5,agree,5.00,5,agree,5,agree,4,agree,4.67,3,neutral,4,agree,5,agree,3,neutral,4,agree,4,agree,3,neutral,4,agree,3,neutral,4,agree,3,neutral,3,neutral,3,neutral,,,,,,,,,,,,,,,,,,,,,,,,,,,,,,,,,,,,,,,,,,
653,31,Male,,United Kingdom,Postgraduate degree,11-20,4.17,Yearly,Monthly,6,5,4,5,5,6,6,5,3,3,3,5,11,9,11,11,6,8,4,agree,4,agree,4,agree,4,agree,4.00,4,agree,4,agree,3,neutral,5,agree,4.00,4,agree,3,neutral,4,agree,3.67,1,disagree,1,disagree,2,disagree,3,neutral,2,disagree,4,agree,2,disagree,4,agree,4,agree,4,agree,3,neutral,3,neutral,3,neutral,,,,,,,,,,,,,,,,,,,,,,,,,,,,,,,,,,,,,,,,,,
279,33,Male,,United States of America,Secondary school,1-10,1.83,Never,Monthly,7,6,6,5,5,7,5,5,5,6,2,2,13,11,12,10,11,4,3,neutral,4,agree,5,agree,3,neutral,3.75,4,agree,5,agree,4,agree,4,agree,4.25,4,agree,5,agree,4,agree,4.33,4,agree,4,agree,5,agree,2,disagree,2,disagree,2,disagree,5,agree,3,neutral,2,disagree,3,neutral,4,agree,3,neutral,3,neutral,,,,,,,,,,,,,,,,,,,,,,,,,,,,,,,,,,,,,,,,,,
438,22,Female,,France,Further education,31+,3.67,Never,Monthly,7,7,5,6,6,6,7,7,5,6,2,4,14,11,12,14,11,6,3,neutral,4,agree,4,agree,4,agree,3.75,4,agree,5,agree,5,agree,4,agree,4.50,2,disagree,3,neutral,2,disagree,2.33,4,agree,4,agree,5,agree,4,agree,5,agree,1,disagree,1,disagree,5,agree,1,disagree,5,agree,4,agree,3,neutral,3,neutral,,,,,,,,,,,,,,,,,,,,,,,,,,,,,,,,,,,,,,,,,,
801,38,Female,,United Kingdom,Undergraduate degree,11-20,4.50,Never,Monthly,6,6,2,1,3,4,6,5,6,5,6,3,12,3,7,11,11,9,4,agree,5,agree,5,agree,5,agree,4.75,4,agree,4,agree,4,agree,4,agree,4.00,5,agree,5,agree,3,neutral,4.33,2,disagree,2,disagree,4,agree,3,neutral,5,agree,4,agree,4,agree,5,agree,5,agree,5,agree,5,agree,3,neutral,3,neutral,,,,,,,,,,,,,,,,,,,,,,,,,,,,,,,,,,,,,,,,,,
576,46,Female,,Canada,Undergraduate degree,11-20,3.17,Monthly,Monthly,6,7,6,5,6,6,6,6,5,6,2,3,13,11,12,12,11,5,5,agree,5,agree,5,agree,5,agree,5.00,4,agree,4,agree,4,agree,5,agree,4.25,5,agree,5,agree,5,agree,5.00,2,disagree,2,disagree,1,disagree,1,disagree,2,disagree,5,agree,4,agree,5,agree,5,agree,5,agree,5,agree,3,neutral,3,neutral,,,,,,,,,,,,,,,,,,,,,,,,,,,,,,,,,,,,,,,,,,
66,38,Male,,Italy,Undergraduate degree,1-10,4.33,Yearly,Monthly,5,4,4,3,4,5,5,5,6,4,4,4,9,7,9,10,10,8,4,agree,3,neutral,4,agree,3,neutral,3.50,4,agree,4,agree,4,agree,4,agree,4.00,3,neutral,3,neutral,3,neutral,3.00,3,neutral,4,agree,3,neutral,3,neutral,3,neutral,5,agree,5,agree,5,agree,5,agree,5,agree,5,agree,3,neutral,3,neutral,,,,,,,,,,,,,,,,,,,,,,,,,,,,,,,,,,,,,,,,,,
371,53,Male,,United States of America,Further education,11-20,3.67,Yearly,Monthly,7,7,6,4,7,7,7,6,5,4,3,1,14,10,14,13,9,4,3,neutral,3,neutral,3,neutral,3,neutral,3.00,4,agree,4,agree,4,agree,3,neutral,3.75,3,neutral,3,neutral,2,disagree,2.67,4,agree,3,neutral,4,agree,3,neutral,3,neutral,4,agree,3,neutral,4,agree,4,agree,4,agree,1,disagree,4,agree,3,neutral,,,,,,,,,,,,,,,,,,,,,,,,,,,,,,,,,,,,,,,,,,
165,22,Female,,Portugal,Undergraduate degree,1-10,3.67,Never,Monthly,7,7,7,7,7,7,7,7,6,7,1,1,14,14,14,14,13,2,4,agree,4,agree,5,agree,5,agree,4.50,5,agree,5,agree,5,agree,5,agree,5.00,5,agree,5,agree,5,agree,5.00,3,neutral,4,agree,5,agree,5,agree,5,agree,4,agree,2,disagree,3,neutral,3,neutral,4,agree,3,neutral,4,agree,3,neutral,,,,,,,,,,,,,,,,,,,,,,,,,,,,,,,,,,,,,,,,,,
233,38,Female,,United Kingdom,Further education,11-20,4.33,Monthly,Monthly,6,6,3,2,6,5,6,6,5,7,5,3,12,5,11,12,12,8,5,agree,5,agree,5,agree,5,agree,5.00,5,agree,5,agree,5,agree,5,agree,5.00,5,agree,5,agree,5,agree,5.00,5,agree,5,agree,5,agree,5,agree,5,agree,2,disagree,4,agree,3,neutral,3,neutral,4,agree,4,agree,4,agree,3,neutral,,,,,,,,,,,,,,,,,,,,,,,,,,,,,,,,,,,,,,,,,,
420,30,Female,,Australia,Undergraduate degree,21-30,4.00,Never,Monthly,6,6,5,6,6,7,7,7,6,6,3,5,12,11,13,14,12,8,4,agree,5,agree,4,agree,4,agree,4.25,5,agree,5,agree,5,agree,5,agree,5.00,4,agree,5,agree,4,agree,4.33,3,neutral,4,agree,4,agree,3,neutral,4,agree,4,agree,3,neutral,4,agree,4,agree,5,agree,4,agree,4,agree,3,neutral,,,,,,,,,,,,,,,,,,,,,,,,,,,,,,,,,,,,,,,,,,
686,42,Male,,United States of America,Further education,11-20,5.00,Yearly,Monthly,7,7,7,6,7,7,7,7,7,7,1,1,14,13,14,14,14,2,5,agree,5,agree,5,agree,5,agree,5.00,5,agree,5,agree,5,agree,5,agree,5.00,5,agree,5,agree,5,agree,5.00,5,agree,5,agree,5,agree,5,agree,5,agree,4,agree,3,neutral,4,agree,5,agree,5,agree,4,agree,4,agree,3,neutral,,,,,,,,,,,,,,,,,,,,,,,,,,,,,,,,,,,,,,,,,,
827,27,Female,,United States of America,Undergraduate degree,1-10,4.83,Yearly,Monthly,5,6,5,5,5,6,7,7,7,6,2,2,11,10,11,14,13,4,3,neutral,3,neutral,4,agree,3,neutral,3.25,4,agree,4,agree,4,agree,2,disagree,3.50,3,neutral,4,agree,4,agree,3.67,3,neutral,4,agree,5,agree,3,neutral,4,agree,4,agree,4,agree,5,agree,5,agree,5,agree,4,agree,4,agree,3,neutral,,,,,,,,,,,,,,,,,,,,,,,,,,,,,,,,,,,,,,,,,,
404,37,Male,,United Kingdom,Undergraduate degree,11-20,2.67,Yearly,Monthly,7,7,7,6,5,7,7,6,3,5,1,4,14,13,12,13,8,5,5,agree,5,agree,5,agree,5,agree,5.00,5,agree,5,agree,5,agree,5,agree,5.00,5,agree,5,agree,3,neutral,4.33,3,neutral,4,agree,5,agree,1,disagree,1,disagree,5,agree,2,disagree,5,agree,5,agree,5,agree,4,agree,5,agree,3,neutral,,,,,,,,,,,,,,,,,,,,,,,,,,,,,,,,,,,,,,,,,,
490,44,Male,,Spain,Postgraduate degree,11-20,3.33,Never,Monthly,5,5,4,4,4,6,6,6,6,7,5,4,10,8,10,12,13,9,4,agree,4,agree,4,agree,4,agree,4.00,3,neutral,4,agree,4,agree,4,agree,3.75,4,agree,4,agree,5,agree,4.33,1,disagree,3,neutral,4,agree,4,agree,4,agree,1,disagree,2,disagree,1,disagree,5,agree,5,agree,4,agree,1,disagree,4,agree,,,,,,,,,,,,,,,,,,,,,,,,,,,,,,,,,,,,,,,,,,
604,46,Female,,United Kingdom,Further education,11-20,3.17,Never,Monthly,7,7,6,5,6,7,5,6,5,5,3,3,14,11,13,11,10,6,2,disagree,3,neutral,4,agree,4,agree,3.25,4,agree,4,agree,4,agree,4,agree,4.00,2,disagree,4,agree,5,agree,3.67,2,disagree,4,agree,4,agree,2,disagree,2,disagree,4,agree,5,agree,5,agree,5,agree,5,agree,5,agree,1,disagree,4,agree,,,,,,,,,,,,,,,,,,,,,,,,,,,,,,,,,,,,,,,,,,
783,34,Male,,United States of America,Undergraduate degree,11-20,4.33,Never,Monthly,6,7,5,3,6,6,5,6,4,6,3,2,13,8,12,11,10,5,4,agree,5,agree,5,agree,5,agree,4.75,4,agree,5,agree,5,agree,3,neutral,4.25,5,agree,5,agree,3,neutral,4.33,4,agree,4,agree,5,agree,2,disagree,2,disagree,5,agree,3,neutral,4,agree,5,agree,4,agree,3,neutral,2,disagree,4,agree,,,,,,,,,,,,,,,,,,,,,,,,,,,,,,,,,,,,,,,,,,
671,25,Female,,United States of America,Further education,11-20,4.83,Yearly,Monthly,6,6,5,5,6,6,6,6,4,6,3,2,12,10,12,12,10,5,5,agree,4,agree,5,agree,5,agree,4.75,5,agree,5,agree,5,agree,5,agree,5.00,3,neutral,5,agree,2,disagree,3.33,5,agree,5,agree,5,agree,5,agree,5,agree,4,agree,2,disagree,5,agree,4,agree,5,agree,4,agree,2,disagree,4,agree,,,,,,,,,,,,,,,,,,,,,,,,,,,,,,,,,,,,,,,,,,
108,56,Male,,United Kingdom,Further education,1-10,3.33,Never,Monthly,7,4,5,3,6,4,6,5,5,6,2,3,11,8,10,11,11,5,2,disagree,2,disagree,3,neutral,3,neutral,2.50,2,disagree,3,neutral,3,neutral,4,agree,3.00,3,neutral,4,agree,4,agree,3.67,4,agree,2,disagree,2,disagree,1,disagree,1,disagree,3,neutral,2,disagree,3,neutral,3,neutral,4,agree,5,agree,2,disagree,4,agree,,,,,,,,,,,,,,,,,,,,,,,,,,,,,,,,,,,,,,,,,,
792,37,Female,,Finland,Undergraduate degree,11-20,3.50,Never,Monthly,6,7,5,1,6,7,6,6,5,2,3,2,13,6,13,12,7,5,4,agree,4,agree,4,agree,5,agree,4.25,5,agree,5,agree,5,agree,4,agree,4.75,4,agree,4,agree,1,disagree,3.00,2,disagree,4,agree,4,agree,1,disagree,2,disagree,4,agree,3,neutral,4,agree,4,agree,4,agree,2,disagree,3,neutral,4,agree,,,,,,,,,,,,,,,,,,,,,,,,,,,,,,,,,,,,,,,,,,
386,33,Male,,United Kingdom,Undergraduate degree,11-20,4.67,Once every 3 months,Monthly,6,6,6,6,6,6,7,7,5,6,2,4,12,12,12,14,11,6,1,disagree,2,disagree,1,disagree,2,disagree,1.50,2,disagree,3,neutral,1,disagree,3,neutral,2.25,5,agree,5,agree,5,agree,5.00,3,neutral,4,agree,5,agree,5,agree,4,agree,5,agree,3,neutral,4,agree,3,neutral,4,agree,3,neutral,3,neutral,4,agree,,,,,,,,,,,,,,,,,,,,,,,,,,,,,,,,,,,,,,,,,,
335,47,Male,,United Kingdom,Undergraduate degree,11-20,4.50,Yearly,Monthly,6,6,5,3,6,6,7,7,6,7,2,1,12,8,12,14,13,3,3,neutral,3,neutral,4,agree,4,agree,3.50,5,agree,5,agree,4,agree,4,agree,4.50,2,disagree,2,disagree,3,neutral,2.33,3,neutral,2,disagree,2,disagree,3,neutral,4,agree,3,neutral,4,agree,2,disagree,4,agree,4,agree,3,neutral,3,neutral,4,agree,,,,,,,,,,,,,,,,,,,,,,,,,,,,,,,,,,,,,,,,,,
374,28,Male,,United Kingdom,Undergraduate degree,11-20,4.00,Yearly,Monthly,6,6,5,6,6,7,6,6,6,5,4,3,12,11,13,12,11,7,4,agree,4,agree,3,neutral,3,neutral,3.50,4,agree,4,agree,4,agree,4,agree,4.00,5,agree,4,agree,4,agree,4.33,3,neutral,4,agree,4,agree,2,disagree,3,neutral,4,agree,4,agree,3,neutral,4,agree,3,neutral,4,agree,3,neutral,4,agree,,,,,,,,,,,,,,,,,,,,,,,,,,,,,,,,,,,,,,,,,,
510,24,Male,,Germany,Further education,11-20,2.33,Yearly,Monthly,5,5,6,6,5,6,7,7,4,5,2,3,10,12,11,14,9,5,4,agree,4,agree,5,agree,4,agree,4.25,4,agree,4,agree,4,agree,4,agree,4.00,5,agree,4,agree,3,neutral,4.00,3,neutral,4,agree,5,agree,2,disagree,3,neutral,4,agree,4,agree,4,agree,4,agree,4,agree,4,agree,3,neutral,4,agree,,,,,,,,,,,,,,,,,,,,,,,,,,,,,,,,,,,,,,,,,,
171,35,Female,,Italy,Undergraduate degree,1-10,4.67,Yearly,Monthly,6,6,6,6,6,5,7,7,5,6,3,2,12,12,11,14,11,5,2,disagree,2,disagree,3,neutral,5,agree,3.00,4,agree,4,agree,4,agree,4,agree,4.00,4,agree,5,agree,2,disagree,3.67,3,neutral,4,agree,5,agree,3,neutral,1,disagree,5,agree,4,agree,4,agree,5,agree,5,agree,4,agree,3,neutral,4,agree,,,,,,,,,,,,,,,,,,,,,,,,,,,,,,,,,,,,,,,,,,
532,21,Female,,Poland,Undergraduate degree,11-20,3.33,Never,Monthly,7,6,5,6,3,7,7,7,6,4,2,2,13,11,10,14,10,4,4,agree,4,agree,5,agree,5,agree,4.50,5,agree,5,agree,5,agree,3,neutral,4.50,5,agree,5,agree,3,neutral,4.33,3,neutral,4,agree,4,agree,1,disagree,2,disagree,4,agree,1,disagree,5,agree,4,agree,3,neutral,1,disagree,4,agree,4,agree,,,,,,,,,,,,,,,,,,,,,,,,,,,,,,,,,,,,,,,,,,
745,29,Female,,United States of America,Postgraduate degree,1-10,3.17,Yearly,Monthly,7,7,3,1,6,6,7,6,4,7,1,1,14,4,12,13,11,2,3,neutral,4,agree,4,agree,4,agree,3.75,2,disagree,5,agree,4,agree,3,neutral,3.50,5,agree,4,agree,2,disagree,3.67,3,neutral,4,agree,5,agree,2,disagree,1,disagree,4,agree,2,disagree,1,disagree,4,agree,5,agree,1,disagree,4,agree,4,agree,,,,,,,,,,,,,,,,,,,,,,,,,,,,,,,,,,,,,,,,,,
322,32,Female,,United Kingdom,Further education,1-10,4.00,Never,Monthly,7,6,6,6,6,7,6,6,4,5,2,3,13,12,13,12,9,5,3,neutral,4,agree,4,agree,4,agree,3.75,3,neutral,4,agree,4,agree,3,neutral,3.50,5,agree,5,agree,5,agree,5.00,3,neutral,4,agree,3,neutral,4,agree,3,neutral,4,agree,2,disagree,5,agree,1,disagree,2,disagree,2,disagree,4,agree,4,agree,,,,,,,,,,,,,,,,,,,,,,,,,,,,,,,,,,,,,,,,,,
753,29,Female,,United States of America,Further education,11-20,4.67,Never,Monthly,6,6,3,3,6,6,5,6,6,7,4,4,12,6,12,11,13,8,5,agree,5,agree,5,agree,5,agree,5.00,5,agree,5,agree,5,agree,4,agree,4.75,5,agree,5,agree,4,agree,4.67,3,neutral,4,agree,4,agree,5,agree,3,neutral,4,agree,2,disagree,4,agree,4,agree,4,agree,2,disagree,4,agree,4,agree,,,,,,,,,,,,,,,,,,,,,,,,,,,,,,,,,,,,,,,,,,
396,43,Male,,United States of America,Undergraduate degree,11-20,3.00,Never,Monthly,6,7,5,5,4,6,6,6,6,5,1,2,13,10,10,12,11,3,3,neutral,3,neutral,3,neutral,3,neutral,3.00,2,disagree,4,agree,2,disagree,3,neutral,2.75,4,agree,3,neutral,5,agree,4.00,3,neutral,3,neutral,3,neutral,3,neutral,1,disagree,3,neutral,3,neutral,4,agree,4,agree,4,agree,2,disagree,4,agree,4,agree,,,,,,,,,,,,,,,,,,,,,,,,,,,,,,,,,,,,,,,,,,
776,33,Other,Non-binary,United States of America,Undergraduate degree,11-20,4.50,Never,Monthly,6,6,6,5,5,6,5,5,7,6,2,3,12,11,11,10,13,5,3,neutral,4,agree,4,agree,5,agree,4.00,4,agree,4,agree,5,agree,4,agree,4.25,3,neutral,4,agree,4,agree,3.67,3,neutral,1,disagree,5,agree,2,disagree,4,agree,4,agree,2,disagree,4,agree,3,neutral,5,agree,2,disagree,4,agree,4,agree,,,,,,,,,,,,,,,,,,,,,,,,,,,,,,,,,,,,,,,,,,
734,32,Female,,Australia,Further education,21-30,3.50,Once every 3 months,Monthly,6,5,4,5,7,6,7,7,5,5,2,2,11,9,13,14,10,4,5,agree,5,agree,5,agree,5,agree,5.00,5,agree,5,agree,5,agree,5,agree,5.00,5,agree,5,agree,4,agree,4.67,4,agree,4,agree,5,agree,5,agree,4,agree,5,agree,4,agree,5,agree,5,agree,5,agree,2,disagree,4,agree,4,agree,,,,,,,,,,,,,,,,,,,,,,,,,,,,,,,,,,,,,,,,,,
687,36,Male,,Italy,None specified,31+,3.17,Yearly,Monthly,6,6,5,5,6,6,6,5,5,4,5,2,12,10,12,11,9,7,2,disagree,2,disagree,2,disagree,4,agree,2.50,2,disagree,3,neutral,4,agree,2,disagree,2.75,1,disagree,2,disagree,1,disagree,1.33,3,neutral,4,agree,4,agree,2,disagree,2,disagree,3,neutral,4,agree,4,agree,4,agree,3,neutral,3,neutral,4,agree,4,agree,,,,,,,,,,,,,,,,,,,,,,,,,,,,,,,,,,,,,,,,,,
747,28,Male,,United States of America,Further education,21-30,4.67,Once every 6 months,Monthly,6,7,4,5,5,6,7,6,5,5,4,4,13,9,11,13,10,8,5,agree,5,agree,5,agree,5,agree,5.00,5,agree,5,agree,5,agree,5,agree,5.00,5,agree,5,agree,5,agree,5.00,3,neutral,5,agree,5,agree,5,agree,5,agree,3,neutral,3,neutral,4,agree,4,agree,4,agree,3,neutral,4,agree,4,agree,,,,,,,,,,,,,,,,,,,,,,,,,,,,,,,,,,,,,,,,,,
245,32,Male,,Portugal,Further education,11-20,4.50,Never,Monthly,5,7,6,6,5,6,7,7,5,6,3,5,12,12,11,14,11,8,5,agree,4,agree,4,agree,4,agree,4.25,4,agree,5,agree,5,agree,3,neutral,4.25,4,agree,4,agree,3,neutral,3.67,3,neutral,3,neutral,4,agree,3,neutral,4,agree,4,agree,3,neutral,4,agree,4,agree,4,agree,3,neutral,4,agree,4,agree,,,,,,,,,,,,,,,,,,,,,,,,,,,,,,,,,,,,,,,,,,
384,36,Male,,United States of America,Undergraduate degree,11-20,3.50,Never,Monthly,7,6,7,6,6,7,6,6,5,5,4,2,13,13,13,12,10,6,3,neutral,4,agree,3,neutral,4,agree,3.50,2,disagree,3,neutral,3,neutral,3,neutral,2.75,4,agree,4,agree,4,agree,4.00,3,neutral,3,neutral,4,agree,4,agree,2,disagree,4,agree,4,agree,5,agree,4,agree,4,agree,3,neutral,4,agree,4,agree,,,,,,,,,,,,,,,,,,,,,,,,,,,,,,,,,,,,,,,,,,
570,27,Male,,Poland,Undergraduate degree,21-30,3.00,Yearly,Monthly,6,6,6,6,4,7,6,6,6,5,4,4,12,12,11,12,11,8,4,agree,3,neutral,4,agree,4,agree,3.75,4,agree,5,agree,4,agree,4,agree,4.25,5,agree,5,agree,2,disagree,4.00,3,neutral,3,neutral,3,neutral,4,agree,3,neutral,4,agree,2,disagree,4,agree,3,neutral,4,agree,4,agree,4,agree,4,agree,,,,,,,,,,,,,,,,,,,,,,,,,,,,,,,,,,,,,,,,,,
79,31,Male,,United Kingdom,Further education,31+,3.50,Once every 3 months,Monthly,7,7,6,7,5,7,7,6,5,6,6,2,14,13,12,13,11,8,4,agree,5,agree,4,agree,5,agree,4.50,4,agree,4,agree,4,agree,5,agree,4.25,4,agree,3,neutral,5,agree,4.00,5,agree,4,agree,5,agree,3,neutral,4,agree,4,agree,3,neutral,4,agree,3,neutral,4,agree,4,agree,4,agree,4,agree,,,,,,,,,,,,,,,,,,,,,,,,,,,,,,,,,,,,,,,,,,
163,27,Female,,United Kingdom,Postgraduate degree,11-20,3.33,Yearly,Monthly,6,5,5,5,6,7,6,6,6,7,7,5,11,10,13,12,13,12,5,agree,4,agree,4,agree,4,agree,4.25,5,agree,5,agree,4,agree,4,agree,4.50,5,agree,4,agree,4,agree,4.33,3,neutral,4,agree,3,neutral,4,agree,4,agree,4,agree,3,neutral,4,agree,4,agree,4,agree,4,agree,4,agree,4,agree,,,,,,,,,,,,,,,,,,,,,,,,,,,,,,,,,,,,,,,,,,
754,29,Female,,United States of America,Further education,31+,2.83,Never,Monthly,7,7,1,1,5,7,7,7,5,5,2,5,14,2,12,14,10,7,4,agree,5,agree,4,agree,5,agree,4.50,5,agree,5,agree,5,agree,4,agree,4.75,5,agree,5,agree,5,agree,5.00,1,disagree,5,agree,5,agree,1,disagree,4,agree,4,agree,4,agree,4,agree,4,agree,4,agree,4,agree,4,agree,4,agree,,,,,,,,,,,,,,,,,,,,,,,,,,,,,,,,,,,,,,,,,,
784,34,Female,,United States of America,Undergraduate degree,11-20,3.67,Never,Monthly,7,7,6,6,5,7,6,6,3,5,2,2,14,12,12,12,8,4,4,agree,4,agree,4,agree,5,agree,4.25,5,agree,5,agree,5,agree,5,agree,5.00,5,agree,5,agree,3,neutral,4.33,4,agree,4,agree,5,agree,1,disagree,4,agree,4,agree,3,neutral,3,neutral,4,agree,5,agree,4,agree,4,agree,4,agree,,,,,,,,,,,,,,,,,,,,,,,,,,,,,,,,,,,,,,,,,,
260,29,Male,,Portugal,Undergraduate degree,1-10,3.50,Never,Monthly,6,5,6,5,5,6,7,6,5,6,3,4,11,11,11,13,11,7,4,agree,3,neutral,4,agree,4,agree,3.75,4,agree,4,agree,4,agree,2,disagree,3.50,4,agree,3,neutral,5,agree,4.00,3,neutral,2,disagree,5,agree,2,disagree,4,agree,4,agree,4,agree,4,agree,3,neutral,4,agree,5,agree,4,agree,4,agree,,,,,,,,,,,,,,,,,,,,,,,,,,,,,,,,,,,,,,,,,,
467,31,Female,,France,Further education,11-20,4.00,Yearly,Monthly,7,6,5,5,6,6,7,7,5,6,4,3,13,10,12,14,11,7,2,disagree,2,disagree,4,agree,3,neutral,2.75,4,agree,4,agree,4,agree,3,neutral,3.75,4,agree,4,agree,3,neutral,3.67,3,neutral,4,agree,4,agree,2,disagree,3,neutral,4,agree,5,agree,5,agree,5,agree,5,agree,5,agree,4,agree,4,agree,,,,,,,,,,,,,,,,,,,,,,,,,,,,,,,,,,,,,,,,,,
387,39,Male,,United States of America,Undergraduate degree,11-20,4.50,Yearly,Monthly,5,6,6,5,6,5,7,6,6,5,1,3,11,11,11,13,11,4,2,disagree,2,disagree,4,agree,4,agree,3.00,4,agree,4,agree,5,agree,5,agree,4.50,4,agree,4,agree,1,disagree,3.00,5,agree,4,agree,4,agree,2,disagree,1,disagree,5,agree,5,agree,5,agree,5,agree,5,agree,4,agree,5,agree,4,agree,,,,,,,,,,,,,,,,,,,,,,,,,,,,,,,,,,,,,,,,,,
728,27,Female,,Spain,Undergraduate degree,1-10,4.83,Never,Monthly,7,7,6,6,6,5,2,7,6,6,3,2,14,12,11,9,12,5,5,agree,4,agree,5,agree,5,agree,4.75,5,agree,5,agree,5,agree,5,agree,5.00,4,agree,4,agree,4,agree,4.00,2,disagree,1,disagree,5,agree,4,agree,5,agree,5,agree,2,disagree,4,agree,5,agree,5,agree,5,agree,5,agree,4,agree,,,,,,,,,,,,,,,,,,,,,,,,,,,,,,,,,,,,,,,,,,
464,30,Female,,Australia,Postgraduate degree,1-10,4.00,Yearly,Monthly,5,4,3,3,5,6,6,5,5,5,4,4,9,6,11,11,10,8,3,neutral,3,neutral,4,agree,4,agree,3.50,3,neutral,4,agree,4,agree,4,agree,3.75,3,neutral,3,neutral,3,neutral,3.00,3,neutral,2,disagree,4,agree,2,disagree,2,disagree,5,agree,3,neutral,5,agree,5,agree,5,agree,5,agree,2,disagree,5,agree,,,,,,,,,,,,,,,,,,,,,,,,,,,,,,,,,,,,,,,,,,
710,29,Female,,United Kingdom,Undergraduate degree,11-20,3.33,Never,Monthly,6,6,6,6,5,6,5,5,6,5,2,4,12,12,11,10,11,6,3,neutral,3,neutral,4,agree,4,agree,3.50,4,agree,4,agree,4,agree,4,agree,4.00,3,neutral,3,neutral,5,agree,3.67,3,neutral,2,disagree,3,neutral,5,agree,3,neutral,4,agree,4,agree,5,agree,5,agree,5,agree,4,agree,3,neutral,5,agree,,,,,,,,,,,,,,,,,,,,,,,,,,,,,,,,,,,,,,,,,,
202,57,Female,,United Kingdom,Further education,11-20,4.33,Yearly,Monthly,6,5,6,5,6,6,6,6,5,6,4,3,11,11,12,12,11,7,4,agree,4,agree,4,agree,4,agree,4.00,3,neutral,4,agree,3,neutral,4,agree,3.50,3,neutral,3,neutral,2,disagree,2.67,2,disagree,5,agree,4,agree,3,neutral,4,agree,5,agree,5,agree,5,agree,5,agree,4,agree,5,agree,3,neutral,5,agree,,,,,,,,,,,,,,,,,,,,,,,,,,,,,,,,,,,,,,,,,,
712,28,Female,,United States of America,Undergraduate degree,11-20,4.50,Yearly,Monthly,7,6,5,2,7,6,7,6,7,7,5,5,13,7,13,13,14,10,4,agree,4,agree,4,agree,4,agree,4.00,4,agree,4,agree,4,agree,4,agree,4.00,5,agree,4,agree,5,agree,4.67,3,neutral,5,agree,3,neutral,3,neutral,5,agree,4,agree,4,agree,5,agree,5,agree,4,agree,3,neutral,4,agree,5,agree,,,,,,,,,,,,,,,,,,,,,,,,,,,,,,,,,,,,,,,,,,
290,43,Female,,Italy,Undergraduate degree,11-20,4.67,Yearly,Monthly,6,6,5,5,6,6,6,6,6,7,1,1,12,10,12,12,13,2,4,agree,3,neutral,4,agree,4,agree,3.75,4,agree,4,agree,4,agree,4,agree,4.00,5,agree,5,agree,4,agree,4.67,3,neutral,3,neutral,4,agree,4,agree,4,agree,5,agree,2,disagree,4,agree,4,agree,4,agree,4,agree,4,agree,5,agree,,,,,,,,,,,,,,,,,,,,,,,,,,,,,,,,,,,,,,,,,,
788,35,Male,,Canada,Undergraduate degree,11-20,4.50,Yearly,Monthly,7,5,6,6,6,7,7,7,6,5,5,5,12,12,13,14,11,10,4,agree,3,neutral,4,agree,4,agree,3.75,4,agree,4,agree,5,agree,4,agree,4.25,3,neutral,3,neutral,2,disagree,2.67,2,disagree,5,agree,4,agree,1,disagree,4,agree,5,agree,5,agree,4,agree,4,agree,5,agree,4,agree,4,agree,5,agree,,,,,,,,,,,,,,,,,,,,,,,,,,,,,,,,,,,,,,,,,,
716,27,Female,,Poland,Postgraduate degree,11-20,3.50,Yearly,Monthly,6,5,6,6,5,6,6,6,5,6,2,2,11,12,11,12,11,4,3,neutral,5,agree,4,agree,3,neutral,3.75,2,disagree,4,agree,2,disagree,4,agree,3.00,5,agree,4,agree,4,agree,4.33,3,neutral,4,agree,4,agree,1,disagree,4,agree,2,disagree,3,neutral,4,agree,5,agree,5,agree,4,agree,4,agree,5,agree,,,,,,,,,,,,,,,,,,,,,,,,,,,,,,,,,,,,,,,,,,
153,34,Male,,United Kingdom,Undergraduate degree,11-20,2.83,Never,Monthly,5,6,6,5,6,6,7,6,6,7,2,3,11,11,12,13,13,5,4,agree,4,agree,5,agree,5,agree,4.50,4,agree,4,agree,4,agree,4,agree,4.00,5,agree,4,agree,4,agree,4.33,2,disagree,4,agree,5,agree,4,agree,2,disagree,5,agree,2,disagree,5,agree,2,disagree,4,agree,5,agree,4,agree,5,agree,,,,,,,,,,,,,,,,,,,,,,,,,,,,,,,,,,,,,,,,,,
37,53,Male,,United Kingdom,Further education,11-20,4.17,Never,Monthly,5,4,2,2,4,6,5,6,4,4,4,3,9,4,10,11,8,7,3,neutral,3,neutral,3,neutral,4,agree,3.25,4,agree,4,agree,4,agree,4,agree,4.00,4,agree,5,agree,3,neutral,4.00,4,agree,3,neutral,3,neutral,3,neutral,3,neutral,5,agree,4,agree,4,agree,5,agree,5,agree,5,agree,4,agree,5,agree,,,,,,,,,,,,,,,,,,,,,,,,,,,,,,,,,,,,,,,,,,
565,30,Male,,Portugal,Undergraduate degree,1-10,4.00,Yearly,Monthly,6,5,5,6,6,7,7,7,6,7,2,5,11,11,13,14,13,7,2,disagree,2,disagree,3,neutral,3,neutral,2.50,5,agree,5,agree,5,agree,5,agree,5.00,5,agree,5,agree,3,neutral,4.33,3,neutral,4,agree,4,agree,4,agree,4,agree,5,agree,1,disagree,5,agree,5,agree,5,agree,2,disagree,5,agree,5,agree,,,,,,,,,,,,,,,,,,,,,,,,,,,,,,,,,,,,,,,,,,
393,33,Female,,Germany,Further education,21-30,3.50,Never,Monthly,6,6,3,1,5,6,6,5,4,6,4,2,12,4,11,11,10,6,2,disagree,3,neutral,3,neutral,3,neutral,2.75,4,agree,4,agree,4,agree,4,agree,4.00,3,neutral,4,agree,2,disagree,3.00,3,neutral,3,neutral,4,agree,4,agree,3,neutral,5,agree,3,neutral,5,agree,5,agree,5,agree,2,disagree,5,agree,5,agree,,,,,,,,,,,,,,,,,,,,,,,,,,,,,,,,,,,,,,,,,,
60,26,Male,,United Kingdom,Secondary school,21-30,4.67,Yearly,Monthly,7,6,5,3,6,7,7,7,6,7,2,3,13,8,13,14,13,5,5,agree,5,agree,5,agree,5,agree,5.00,2,disagree,5,agree,4,agree,4,agree,3.75,5,agree,5,agree,2,disagree,4.00,5,agree,5,agree,4,agree,2,disagree,4,agree,5,agree,3,neutral,4,agree,5,agree,5,agree,5,agree,5,agree,5,agree,,,,,,,,,,,,,,,,,,,,,,,,,,,,,,,,,,,,,,,,,,
520,46,Male,,United Kingdom,Postgraduate degree,21-30,2.00,Never,Monthly,5,3,5,5,6,6,7,6,5,6,2,2,8,10,12,13,11,4,3,neutral,3,neutral,3,neutral,3,neutral,3.00,4,agree,4,agree,4,agree,4,agree,4.00,4,agree,5,agree,4,agree,4.33,2,disagree,2,disagree,4,agree,1,disagree,1,disagree,5,agree,5,agree,5,agree,5,agree,5,agree,5,agree,5,agree,5,agree,,,,,,,,,,,,,,,,,,,,,,,,,,,,,,,,,,,,,,,,,,
146,27,Male,,United States of America,Secondary school,1-10,2.00,Never,Never,4,2,5,3,7,7,7,7,5,7,2,5,6,8,14,14,12,7,1,disagree,1,disagree,1,disagree,1,disagree,1.00,1,disagree,1,disagree,1,disagree,1,disagree,1.00,1,disagree,1,disagree,1,disagree,1.00,1,disagree,1,disagree,1,disagree,1,disagree,1,disagree,1,disagree,1,disagree,1,disagree,1,disagree,1,disagree,1,disagree,1,disagree,1,disagree,,,,,,,,,,,,,,,,,,,,,,,,,,,,,,,,,,,,,,,,,,
613,40,Female,,Germany,Further education,1-10,3.33,Monthly,Never,5,5,3,2,5,5,6,5,5,6,5,2,10,5,10,11,11,7,1,disagree,1,disagree,1,disagree,2,disagree,1.25,1,disagree,1,disagree,1,disagree,1,disagree,1.00,1,disagree,2,disagree,1,disagree,1.33,5,agree,1,disagree,2,disagree,1,disagree,1,disagree,1,disagree,1,disagree,1,disagree,1,disagree,1,disagree,1,disagree,1,disagree,1,disagree,,,,,,,,,,,,,,,,,,,,,,,,,,,,,,,,,,,,,,,,,,
291,27,Male,,Portugal,Postgraduate degree,21-30,1.67,Never,Never,6,5,5,6,7,7,7,7,6,7,2,1,11,11,14,14,13,3,1,disagree,1,disagree,1,disagree,4,agree,1.75,4,agree,4,agree,4,agree,4,agree,4.00,4,agree,5,agree,4,agree,4.33,3,neutral,1,disagree,4,agree,2,disagree,1,disagree,1,disagree,4,agree,1,disagree,1,disagree,1,disagree,1,disagree,1,disagree,1,disagree,,,,,,,,,,,,,,,,,,,,,,,,,,,,,,,,,,,,,,,,,,
822,26,Male,,Germany,Undergraduate degree,11-20,3.00,Never,Never,4,6,4,3,2,6,7,6,5,5,2,2,10,7,8,13,10,4,2,disagree,2,disagree,2,disagree,3,neutral,2.25,2,disagree,4,agree,2,disagree,3,neutral,2.75,3,neutral,1,disagree,3,neutral,2.33,2,disagree,2,disagree,2,disagree,1,disagree,1,disagree,1,disagree,1,disagree,1,disagree,1,disagree,2,disagree,1,disagree,1,disagree,1,disagree,,,,,,,,,,,,,,,,,,,,,,,,,,,,,,,,,,,,,,,,,,
578,30,Male,,United Kingdom,Further education,1-10,2.00,Never,Never,5,6,6,6,5,2,6,6,4,6,3,2,11,12,7,12,10,5,2,disagree,2,disagree,2,disagree,2,disagree,2.00,4,agree,4,agree,4,agree,4,agree,4.00,3,neutral,3,neutral,3,neutral,3.00,3,neutral,3,neutral,4,agree,1,disagree,1,disagree,3,neutral,1,disagree,1,disagree,1,disagree,2,disagree,1,disagree,1,disagree,1,disagree,,,,,,,,,,,,,,,,,,,,,,,,,,,,,,,,,,,,,,,,,,
331,25,Female,,United Kingdom,Undergraduate degree,11-20,1.83,Yearly,Never,6,4,5,5,5,5,6,6,7,7,5,5,10,10,10,12,14,10,3,neutral,3,neutral,4,agree,4,agree,3.50,3,neutral,3,neutral,3,neutral,3,neutral,3.00,5,agree,4,agree,4,agree,4.33,3,neutral,5,agree,4,agree,3,neutral,3,neutral,1,disagree,1,disagree,1,disagree,1,disagree,3,neutral,1,disagree,1,disagree,1,disagree,,,,,,,,,,,,,,,,,,,,,,,,,,,,,,,,,,,,,,,,,,
250,36,Male,,United Kingdom,Undergraduate degree,1-10,2.83,Never,Never,4,4,5,4,4,5,6,6,4,5,2,2,8,9,9,12,9,4,1,disagree,1,disagree,1,disagree,1,disagree,1.00,3,neutral,3,neutral,3,neutral,3,neutral,3.00,1,disagree,3,neutral,1,disagree,1.67,3,neutral,3,neutral,1,disagree,1,disagree,1,disagree,2,disagree,2,disagree,1,disagree,1,disagree,3,neutral,1,disagree,1,disagree,1,disagree,,,,,,,,,,,,,,,,,,,,,,,,,,,,,,,,,,,,,,,,,,
455,35,Male,,Australia,Undergraduate degree,1-10,4.00,Never,Never,7,6,6,6,6,6,6,7,6,6,4,3,13,12,12,13,12,7,4,agree,4,agree,3,neutral,4,agree,3.75,4,agree,4,agree,4,agree,4,agree,4.00,4,agree,4,agree,3,neutral,3.67,4,agree,4,agree,4,agree,4,agree,4,agree,1,disagree,2,disagree,3,neutral,1,disagree,3,neutral,1,disagree,1,disagree,1,disagree,,,,,,,,,,,,,,,,,,,,,,,,,,,,,,,,,,,,,,,,,,
617,38,Female,,United States of America,Further education,11-20,2.33,Yearly,Never,7,3,2,6,7,7,2,7,7,6,5,2,10,8,14,9,13,7,4,agree,2,disagree,3,neutral,5,agree,3.50,2,disagree,2,disagree,3,neutral,4,agree,2.75,4,agree,3,neutral,5,agree,4.00,2,disagree,4,agree,2,disagree,4,agree,3,neutral,4,agree,1,disagree,1,disagree,4,agree,4,agree,1,disagree,1,disagree,1,disagree,,,,,,,,,,,,,,,,,,,,,,,,,,,,,,,,,,,,,,,,,,
266,32,Female,,Poland,Postgraduate degree,11-20,3.83,Never,Never,6,6,6,4,5,6,6,5,7,7,5,3,12,10,11,11,14,8,3,neutral,4,agree,3,neutral,5,agree,3.75,4,agree,4,agree,4,agree,4,agree,4.00,5,agree,5,agree,2,disagree,4.00,3,neutral,4,agree,5,agree,3,neutral,4,agree,1,disagree,1,disagree,1,disagree,2,disagree,4,agree,2,disagree,1,disagree,1,disagree,,,,,,,,,,,,,,,,,,,,,,,,,,,,,,,,,,,,,,,,,,
144,36,Male,,Italy,Postgraduate degree,21-30,1.50,Never,Never,4,4,3,1,5,4,4,5,5,4,4,6,8,4,9,9,9,10,3,neutral,2,disagree,2,disagree,3,neutral,2.50,4,agree,4,agree,3,neutral,3,neutral,3.50,4,agree,2,disagree,3,neutral,3.00,1,disagree,1,disagree,1,disagree,1,disagree,1,disagree,1,disagree,1,disagree,1,disagree,4,agree,5,agree,2,disagree,1,disagree,1,disagree,,,,,,,,,,,,,,,,,,,,,,,,,,,,,,,,,,,,,,,,,,
123,32,Female,,United Kingdom,Undergraduate degree,1-10,2.67,Never,Never,5,4,3,2,5,5,6,6,4,4,4,3,9,5,10,12,8,7,3,neutral,4,agree,3,neutral,4,agree,3.50,3,neutral,4,agree,4,agree,3,neutral,3.50,5,agree,5,agree,4,agree,4.67,3,neutral,2,disagree,1,disagree,1,disagree,1,disagree,4,agree,3,neutral,2,disagree,4,agree,4,agree,3,neutral,1,disagree,1,disagree,,,,,,,,,,,,,,,,,,,,,,,,,,,,,,,,,,,,,,,,,,
309,24,Male,,United States of America,Further education,31+,3.17,Never,Never,5,6,5,5,3,6,6,6,5,5,3,4,11,10,9,12,10,7,1,disagree,1,disagree,1,disagree,1,disagree,1.00,1,disagree,4,agree,1,disagree,4,agree,2.50,5,agree,1,disagree,3,neutral,3.00,1,disagree,2,disagree,3,neutral,3,neutral,1,disagree,2,disagree,4,agree,3,neutral,3,neutral,4,agree,4,agree,1,disagree,1,disagree,,,,,,,,,,,,,,,,,,,,,,,,,,,,,,,,,,,,,,,,,,
550,33,Female,,United Kingdom,Postgraduate degree,1-10,3.67,Never,Never,6,6,5,2,5,6,6,5,2,6,3,2,12,7,11,11,8,5,4,agree,4,agree,3,neutral,4,agree,3.75,4,agree,4,agree,4,agree,4,agree,4.00,4,agree,5,agree,4,agree,4.33,3,neutral,3,neutral,3,neutral,1,disagree,2,disagree,5,agree,3,neutral,5,agree,2,disagree,5,agree,4,agree,1,disagree,1,disagree,,,,,,,,,,,,,,,,,,,,,,,,,,,,,,,,,,,,,,,,,,
157,27,Female,,United States of America,Undergraduate degree,1-10,1.67,Never,Never,5,4,5,6,5,5,6,7,6,6,2,3,9,11,10,13,12,5,3,neutral,4,agree,4,agree,4,agree,3.75,4,agree,4,agree,5,agree,2,disagree,3.75,3,neutral,4,agree,5,agree,4.00,3,neutral,4,agree,4,agree,4,agree,2,disagree,5,agree,3,neutral,4,agree,4,agree,5,agree,5,agree,1,disagree,1,disagree,,,,,,,,,,,,,,,,,,,,,,,,,,,,,,,,,,,,,,,,,,
119,44,Male,,United States of America,Further education,31+,2.17,Never,Never,6,6,4,4,6,6,4,4,6,7,1,1,12,8,12,8,13,2,1,disagree,1,disagree,3,neutral,1,disagree,1.50,1,disagree,1,disagree,1,disagree,1,disagree,1.00,3,neutral,3,neutral,3,neutral,3.00,3,neutral,1,disagree,1,disagree,1,disagree,1,disagree,5,agree,4,agree,2,disagree,5,agree,5,agree,5,agree,1,disagree,1,disagree,,,,,,,,,,,,,,,,,,,,,,,,,,,,,,,,,,,,,,,,,,
688,46,Male,,United States of America,Undergraduate degree,1-10,4.17,Yearly,Never,6,6,5,6,5,6,6,6,5,6,6,5,12,11,11,12,11,11,4,agree,4,agree,4,agree,4,agree,4.00,4,agree,4,agree,4,agree,4,agree,4.00,3,neutral,4,agree,4,agree,3.67,4,agree,4,agree,4,agree,3,neutral,2,disagree,4,agree,5,agree,5,agree,5,agree,5,agree,4,agree,2,disagree,1,disagree,,,,,,,,,,,,,,,,,,,,,,,,,,,,,,,,,,,,,,,,,,
299,24,Male,,Portugal,Undergraduate degree,31+,2.33,Never,Never,5,5,7,5,4,6,7,6,7,6,4,3,10,12,10,13,13,7,3,neutral,3,neutral,3,neutral,4,agree,3.25,4,agree,4,agree,4,agree,3,neutral,3.75,1,disagree,3,neutral,1,disagree,1.67,3,neutral,3,neutral,4,agree,2,disagree,1,disagree,3,neutral,3,neutral,3,neutral,3,neutral,4,agree,1,disagree,1,disagree,2,disagree,,,,,,,,,,,,,,,,,,,,,,,,,,,,,,,,,,,,,,,,,,
581,30,Male,,Canada,Undergraduate degree,11-20,1.33,Never,Never,5,4,3,3,6,7,6,6,7,7,3,3,9,6,13,12,14,6,2,disagree,2,disagree,2,disagree,3,neutral,2.25,2,disagree,3,neutral,3,neutral,2,disagree,2.50,2,disagree,2,disagree,3,neutral,2.33,2,disagree,4,agree,4,agree,4,agree,3,neutral,4,agree,2,disagree,4,agree,2,disagree,4,agree,2,disagree,1,disagree,2,disagree,,,,,,,,,,,,,,,,,,,,,,,,,,,,,,,,,,,,,,,,,,
433,27,Female,,United States of America,Further education,11-20,3.00,Never,Never,7,6,2,3,6,6,7,6,6,5,1,1,13,5,12,13,11,2,4,agree,4,agree,4,agree,4,agree,4.00,2,disagree,4,agree,4,agree,4,agree,3.50,4,agree,4,agree,4,agree,4.00,2,disagree,2,disagree,2,disagree,4,agree,2,disagree,3,neutral,3,neutral,3,neutral,4,agree,4,agree,3,neutral,1,disagree,2,disagree,,,,,,,,,,,,,,,,,,,,,,,,,,,,,,,,,,,,,,,,,,
635,25,Female,,United Kingdom,Undergraduate degree,11-20,3.67,Never,Never,6,6,2,1,1,6,6,5,5,5,5,5,12,3,7,11,10,10,1,disagree,1,disagree,1,disagree,1,disagree,1.00,2,disagree,4,agree,2,disagree,1,disagree,2.25,4,agree,1,disagree,1,disagree,2.00,1,disagree,2,disagree,2,disagree,2,disagree,3,neutral,4,agree,2,disagree,4,agree,4,agree,4,agree,3,neutral,1,disagree,2,disagree,,,,,,,,,,,,,,,,,,,,,,,,,,,,,,,,,,,,,,,,,,
518,27,Male,,Canada,Secondary school,1-10,1.50,Never,Never,6,5,5,6,6,6,4,6,7,7,6,6,11,11,12,10,14,12,3,neutral,3,neutral,3,neutral,3,neutral,3.00,4,agree,3,neutral,4,agree,4,agree,3.75,5,agree,4,agree,4,agree,4.33,3,neutral,3,neutral,1,disagree,1,disagree,1,disagree,4,agree,5,agree,4,agree,4,agree,4,agree,4,agree,1,disagree,2,disagree,,,,,,,,,,,,,,,,,,,,,,,,,,,,,,,,,,,,,,,,,,
481,40,Male,,Germany,Undergraduate degree,11-20,3.33,Never,Never,7,6,4,3,6,7,6,6,5,5,3,3,13,7,13,12,10,6,1,disagree,1,disagree,1,disagree,3,neutral,1.50,4,agree,3,neutral,3,neutral,4,agree,3.50,1,disagree,1,disagree,1,disagree,1.00,4,agree,1,disagree,1,disagree,1,disagree,1,disagree,4,agree,3,neutral,2,disagree,4,agree,5,agree,4,agree,1,disagree,2,disagree,,,,,,,,,,,,,,,,,,,,,,,,,,,,,,,,,,,,,,,,,,
277,32,Other,Non-binary,Italy,Further education,21-30,2.50,Yearly,Never,5,5,2,2,5,5,6,6,5,6,2,2,10,4,10,12,11,4,3,neutral,2,disagree,2,disagree,2,disagree,2.25,3,neutral,4,agree,3,neutral,2,disagree,3.00,3,neutral,3,neutral,4,agree,3.33,4,agree,1,disagree,4,agree,1,disagree,2,disagree,3,neutral,2,disagree,3,neutral,2,disagree,3,neutral,2,disagree,2,disagree,2,disagree,,,,,,,,,,,,,,,,,,,,,,,,,,,,,,,,,,,,,,,,,,
819,43,Female,,United Kingdom,Further education,11-20,2.83,Never,Never,6,5,5,5,6,7,7,6,5,6,2,2,11,10,13,13,11,4,2,disagree,2,disagree,2,disagree,3,neutral,2.25,4,agree,4,agree,4,agree,4,agree,4.00,2,disagree,2,disagree,1,disagree,1.67,4,agree,2,disagree,2,disagree,2,disagree,1,disagree,1,disagree,1,disagree,1,disagree,1,disagree,4,agree,2,disagree,2,disagree,2,disagree,,,,,,,,,,,,,,,,,,,,,,,,,,,,,,,,,,,,,,,,,,
226,23,Male,,Poland,Further education,11-20,3.67,Never,Never,6,6,2,2,5,4,6,6,5,3,2,2,12,4,9,12,8,4,2,disagree,4,agree,4,agree,4,agree,3.50,2,disagree,4,agree,4,agree,2,disagree,3.00,3,neutral,4,agree,4,agree,3.67,3,neutral,4,agree,5,agree,2,disagree,4,agree,2,disagree,4,agree,4,agree,4,agree,4,agree,2,disagree,2,disagree,2,disagree,,,,,,,,,,,,,,,,,,,,,,,,,,,,,,,,,,,,,,,,,,
25,41,Female,,United Kingdom,Undergraduate degree,11-20,2.50,Never,Never,6,6,5,4,6,4,6,5,5,5,5,4,12,9,10,11,10,9,3,neutral,4,agree,3,neutral,4,agree,3.50,3,neutral,4,agree,4,agree,4,agree,3.75,4,agree,3,neutral,2,disagree,3.00,3,neutral,3,neutral,3,neutral,2,disagree,3,neutral,4,agree,3,neutral,4,agree,2,disagree,5,agree,4,agree,2,disagree,2,disagree,,,,,,,,,,,,,,,,,,,,,,,,,,,,,,,,,,,,,,,,,,
271,35,Female,,Prefer not to say,Further education,1-10,2.67,Never,Never,5,5,4,3,5,5,6,6,5,6,5,5,10,7,10,12,11,10,2,disagree,1,disagree,1,disagree,2,disagree,1.50,1,disagree,2,disagree,1,disagree,1,disagree,1.25,1,disagree,1,disagree,1,disagree,1.00,3,neutral,3,neutral,3,neutral,1,disagree,1,disagree,4,agree,2,disagree,4,agree,5,agree,5,agree,4,agree,2,disagree,2,disagree,,,,,,,,,,,,,,,,,,,,,,,,,,,,,,,,,,,,,,,,,,
416,65,Female,,United Kingdom,Undergraduate degree,11-20,3.00,Never,Never,5,5,4,5,5,5,6,5,4,6,2,3,10,9,10,11,10,5,2,disagree,2,disagree,2,disagree,3,neutral,2.25,2,disagree,3,neutral,3,neutral,3,neutral,2.75,4,agree,3,neutral,3,neutral,3.33,3,neutral,3,neutral,2,disagree,1,disagree,1,disagree,4,agree,5,agree,4,agree,2,disagree,5,agree,5,agree,2,disagree,2,disagree,,,,,,,,,,,,,,,,,,,,,,,,,,,,,,,,,,,,,,,,,,
492,31,Female,,United States of America,None specified,21-30,3.33,Never,Never,7,6,6,7,7,7,6,7,6,6,1,2,13,13,14,13,12,3,2,disagree,4,agree,3,neutral,3,neutral,3.00,4,agree,4,agree,4,agree,4,agree,4.00,4,agree,4,agree,2,disagree,3.33,4,agree,4,agree,4,agree,4,agree,2,disagree,2,disagree,3,neutral,4,agree,3,neutral,4,agree,1,disagree,3,neutral,2,disagree,,,,,,,,,,,,,,,,,,,,,,,,,,,,,,,,,,,,,,,,,,
513,32,Female,,United States of America,Undergraduate degree,1-10,1.83,Never,Never,7,7,3,2,5,4,6,6,4,4,1,4,14,5,9,12,8,5,1,disagree,1,disagree,1,disagree,1,disagree,1.00,1,disagree,1,disagree,1,disagree,1,disagree,1.00,1,disagree,3,neutral,3,neutral,2.33,3,neutral,1,disagree,1,disagree,1,disagree,1,disagree,4,agree,3,neutral,2,disagree,4,agree,5,agree,1,disagree,3,neutral,2,disagree,,,,,,,,,,,,,,,,,,,,,,,,,,,,,,,,,,,,,,,,,,
190,46,Male,,United Kingdom,Further education,1-10,2.67,Never,Never,6,4,4,2,6,6,5,5,6,6,5,3,10,6,12,10,12,8,1,disagree,1,disagree,1,disagree,1,disagree,1.00,1,disagree,1,disagree,1,disagree,1,disagree,1.00,1,disagree,1,disagree,1,disagree,1.00,1,disagree,1,disagree,1,disagree,1,disagree,1,disagree,2,disagree,4,agree,4,agree,2,disagree,4,agree,5,agree,1,disagree,3,neutral,,,,,,,,,,,,,,,,,,,,,,,,,,,,,,,,,,,,,,,,,,
449,53,Male,,United Kingdom,Undergraduate degree,11-20,2.00,Never,Never,6,4,5,6,5,6,5,6,4,6,2,4,10,11,11,11,10,6,3,neutral,4,agree,4,agree,3,neutral,3.50,2,disagree,4,agree,3,neutral,4,agree,3.25,4,agree,4,agree,3,neutral,3.67,3,neutral,3,neutral,3,neutral,3,neutral,3,neutral,4,agree,4,agree,4,agree,4,agree,4,agree,5,agree,1,disagree,3,neutral,,,,,,,,,,,,,,,,,,,,,,,,,,,,,,,,,,,,,,,,,,
526,48,Female,,United Kingdom,Undergraduate degree,1-10,4.33,Never,Never,6,6,2,2,5,5,7,7,7,7,4,1,12,4,10,14,14,5,3,neutral,3,neutral,3,neutral,3,neutral,3.00,4,agree,4,agree,4,agree,3,neutral,3.75,4,agree,3,neutral,4,agree,3.67,4,agree,4,agree,3,neutral,2,disagree,2,disagree,5,agree,5,agree,5,agree,5,agree,5,agree,5,agree,1,disagree,3,neutral,,,,,,,,,,,,,,,,,,,,,,,,,,,,,,,,,,,,,,,,,,
340,26,Female,,United Kingdom,Postgraduate degree,1-10,1.33,Never,Never,7,6,2,2,5,7,7,7,4,6,1,1,13,4,12,14,10,2,5,agree,5,agree,5,agree,5,agree,5.00,5,agree,5,agree,5,agree,5,agree,5.00,4,agree,5,agree,5,agree,4.67,3,neutral,3,neutral,4,agree,4,agree,4,agree,3,neutral,2,disagree,4,agree,3,neutral,4,agree,2,disagree,2,disagree,3,neutral,,,,,,,,,,,,,,,,,,,,,,,,,,,,,,,,,,,,,,,,,,
379,35,Male,,United Kingdom,Undergraduate degree,21-30,2.00,Never,Never,2,4,5,5,7,7,7,7,7,6,4,2,6,10,14,14,13,6,1,disagree,1,disagree,1,disagree,3,neutral,1.50,1,disagree,1,disagree,1,disagree,1,disagree,1.00,1,disagree,1,disagree,1,disagree,1.00,1,disagree,1,disagree,1,disagree,1,disagree,1,disagree,5,agree,5,agree,5,agree,5,agree,5,agree,2,disagree,2,disagree,3,neutral,,,,,,,,,,,,,,,,,,,,,,,,,,,,,,,,,,,,,,,,,,
220,38,Male,,Poland,Postgraduate degree,11-20,3.50,Never,Never,7,7,6,6,5,5,6,7,6,4,6,6,14,12,10,13,10,12,2,disagree,2,disagree,2,disagree,3,neutral,2.25,1,disagree,2,disagree,2,disagree,2,disagree,1.75,2,disagree,3,neutral,3,neutral,2.67,4,agree,4,agree,3,neutral,4,agree,3,neutral,4,agree,4,agree,4,agree,4,agree,4,agree,3,neutral,2,disagree,3,neutral,,,,,,,,,,,,,,,,,,,,,,,,,,,,,,,,,,,,,,,,,,
179,25,Female,,United Kingdom,Postgraduate degree,1-10,2.33,Never,Never,4,6,5,6,4,6,7,6,6,7,2,2,10,11,10,13,13,4,2,disagree,3,neutral,2,disagree,3,neutral,2.50,4,agree,4,agree,4,agree,4,agree,4.00,4,agree,4,agree,2,disagree,3.33,3,neutral,2,disagree,3,neutral,2,disagree,2,disagree,3,neutral,3,neutral,3,neutral,5,agree,4,agree,4,agree,2,disagree,3,neutral,,,,,,,,,,,,,,,,,,,,,,,,,,,,,,,,,,,,,,,,,,
478,42,Female,,United Kingdom,Undergraduate degree,11-20,3.83,Yearly,Never,5,5,5,3,2,6,6,6,5,4,2,3,10,8,8,12,9,5,1,disagree,2,disagree,1,disagree,3,neutral,1.75,4,agree,4,agree,4,agree,3,neutral,3.75,4,agree,2,disagree,1,disagree,2.33,3,neutral,3,neutral,3,neutral,1,disagree,1,disagree,5,agree,4,agree,5,agree,5,agree,5,agree,4,agree,2,disagree,3,neutral,,,,,,,,,,,,,,,,,,,,,,,,,,,,,,,,,,,,,,,,,,
52,27,Male,,Canada,Further education,11-20,4.33,Never,Never,7,6,7,5,5,7,7,7,6,7,4,3,13,12,12,14,13,7,4,agree,5,agree,5,agree,5,agree,4.75,5,agree,5,agree,5,agree,5,agree,5.00,5,agree,5,agree,5,agree,5.00,3,neutral,4,agree,5,agree,2,disagree,3,neutral,4,agree,2,disagree,3,neutral,4,agree,4,agree,5,agree,2,disagree,3,neutral,,,,,,,,,,,,,,,,,,,,,,,,,,,,,,,,,,,,,,,,,,
305,25,Female,,Estonia,Undergraduate degree,31+,3.17,Yearly,Never,7,6,3,3,4,5,6,6,5,6,5,3,13,6,9,12,11,8,3,neutral,4,agree,3,neutral,4,agree,3.50,4,agree,4,agree,3,neutral,2,disagree,3.25,3,neutral,5,agree,3,neutral,3.67,4,agree,4,agree,3,neutral,2,disagree,3,neutral,5,agree,4,agree,5,agree,5,agree,5,agree,1,disagree,3,neutral,3,neutral,,,,,,,,,,,,,,,,,,,,,,,,,,,,,,,,,,,,,,,,,,
134,34,Male,,Hungary,Further education,21-30,1.83,Never,Never,4,4,4,5,7,7,7,7,7,7,4,4,8,9,14,14,14,8,3,neutral,3,neutral,3,neutral,3,neutral,3.00,3,neutral,3,neutral,3,neutral,3,neutral,3.00,4,agree,3,neutral,4,agree,3.67,3,neutral,1,disagree,1,disagree,1,disagree,1,disagree,3,neutral,3,neutral,3,neutral,3,neutral,3,neutral,3,neutral,3,neutral,3,neutral,,,,,,,,,,,,,,,,,,,,,,,,,,,,,,,,,,,,,,,,,,
205,31,Female,,United Kingdom,Further education,1-10,2.17,Never,Never,7,7,3,1,2,5,7,5,4,6,4,1,14,4,7,12,10,5,5,agree,5,agree,5,agree,5,agree,5.00,3,neutral,4,agree,4,agree,4,agree,3.75,4,agree,4,agree,3,neutral,3.67,3,neutral,3,neutral,3,neutral,1,disagree,1,disagree,3,neutral,3,neutral,3,neutral,3,neutral,3,neutral,3,neutral,3,neutral,3,neutral,,,,,,,,,,,,,,,,,,,,,,,,,,,,,,,,,,,,,,,,,,
623,25,Male,,United Kingdom,Undergraduate degree,11-20,2.67,Yearly,Never,6,4,1,1,6,7,5,7,5,6,2,4,10,2,13,12,11,6,3,neutral,3,neutral,4,agree,4,agree,3.50,3,neutral,4,agree,4,agree,4,agree,3.75,3,neutral,2,disagree,2,disagree,2.33,3,neutral,4,agree,3,neutral,1,disagree,1,disagree,3,neutral,3,neutral,3,neutral,3,neutral,3,neutral,3,neutral,3,neutral,3,neutral,,,,,,,,,,,,,,,,,,,,,,,,,,,,,,,,,,,,,,,,,,
356,31,Male,,Hungary,Undergraduate degree,21-30,3.17,Never,Never,5,5,5,5,5,6,7,7,6,6,4,3,10,10,11,14,12,7,4,agree,4,agree,4,agree,4,agree,4.00,5,agree,5,agree,5,agree,4,agree,4.75,5,agree,5,agree,3,neutral,4.33,3,neutral,4,agree,4,agree,3,neutral,4,agree,3,neutral,2,disagree,3,neutral,4,agree,3,neutral,3,neutral,3,neutral,3,neutral,,,,,,,,,,,,,,,,,,,,,,,,,,,,,,,,,,,,,,,,,,
12,37,Male,,Portugal,Undergraduate degree,31+,1.50,Never,Never,4,4,4,5,5,7,7,7,3,4,4,3,8,9,12,14,7,7,1,disagree,1,disagree,1,disagree,1,disagree,1.00,1,disagree,1,disagree,1,disagree,1,disagree,1.00,3,neutral,3,neutral,3,neutral,3.00,3,neutral,1,disagree,3,neutral,1,disagree,1,disagree,4,agree,3,neutral,4,agree,4,agree,4,agree,3,neutral,3,neutral,3,neutral,,,,,,,,,,,,,,,,,,,,,,,,,,,,,,,,,,,,,,,,,,
585,37,Male,,United Kingdom,Secondary school,11-20,2.67,Never,Never,6,5,5,2,6,6,7,6,6,6,2,2,11,7,12,13,12,4,2,disagree,4,agree,2,disagree,2,disagree,2.50,2,disagree,5,agree,2,disagree,5,agree,3.50,4,agree,5,agree,3,neutral,4.00,5,agree,4,agree,4,agree,2,disagree,2,disagree,4,agree,4,agree,4,agree,4,agree,4,agree,3,neutral,3,neutral,3,neutral,,,,,,,,,,,,,,,,,,,,,,,,,,,,,,,,,,,,,,,,,,
586,22,Male,,United Kingdom,Undergraduate degree,11-20,3.00,Never,Never,4,5,4,6,4,4,7,7,5,7,1,3,9,10,8,14,12,4,3,neutral,3,neutral,5,agree,3,neutral,3.50,1,disagree,4,agree,3,neutral,3,neutral,2.75,3,neutral,3,neutral,3,neutral,3.00,4,agree,3,neutral,3,neutral,4,agree,3,neutral,4,agree,3,neutral,5,agree,5,agree,4,agree,3,neutral,3,neutral,3,neutral,,,,,,,,,,,,,,,,,,,,,,,,,,,,,,,,,,,,,,,,,,
521,35,Female,,Canada,Undergraduate degree,11-20,3.33,Yearly,Never,7,7,6,1,7,7,7,7,1,3,1,2,14,7,14,14,4,3,2,disagree,3,neutral,3,neutral,2,disagree,2.50,1,disagree,2,disagree,3,neutral,1,disagree,1.75,5,agree,4,agree,3,neutral,4.00,3,neutral,3,neutral,1,disagree,1,disagree,1,disagree,3,neutral,4,agree,3,neutral,3,neutral,4,agree,4,agree,3,neutral,3,neutral,,,,,,,,,,,,,,,,,,,,,,,,,,,,,,,,,,,,,,,,,,
541,41,Male,,United States of America,Further education,1-10,3.50,Never,Never,6,6,5,5,6,7,7,6,6,6,5,4,12,10,13,13,12,9,1,disagree,1,disagree,1,disagree,1,disagree,1.00,1,disagree,3,neutral,1,disagree,3,neutral,2.00,3,neutral,3,neutral,3,neutral,3.00,3,neutral,1,disagree,1,disagree,1,disagree,1,disagree,4,agree,4,agree,4,agree,4,agree,4,agree,4,agree,3,neutral,3,neutral,,,,,,,,,,,,,,,,,,,,,,,,,,,,,,,,,,,,,,,,,,
219,29,Female,,United Kingdom,Undergraduate degree,1-10,3.50,Never,Never,7,7,5,6,5,6,7,7,5,7,2,2,14,11,11,14,12,4,4,agree,4,agree,5,agree,5,agree,4.50,4,agree,5,agree,5,agree,2,disagree,4.00,3,neutral,5,agree,5,agree,4.33,3,neutral,4,agree,5,agree,1,disagree,1,disagree,5,agree,4,agree,5,agree,4,agree,4,agree,4,agree,3,neutral,3,neutral,,,,,,,,,,,,,,,,,,,,,,,,,,,,,,,,,,,,,,,,,,
218,20,Female,,Poland,Further education,11-20,1.83,Never,Never,5,5,1,2,3,5,6,6,4,6,2,3,10,3,8,12,10,5,2,disagree,3,neutral,2,disagree,3,neutral,2.50,4,agree,4,agree,4,agree,4,agree,4.00,4,agree,4,agree,4,agree,4.00,2,disagree,3,neutral,5,agree,3,neutral,4,agree,5,agree,5,agree,5,agree,5,agree,5,agree,5,agree,3,neutral,3,neutral,,,,,,,,,,,,,,,,,,,,,,,,,,,,,,,,,,,,,,,,,,
278,40,Male,,Spain,Further education,1-10,2.50,Never,Never,6,6,4,3,7,6,6,6,6,4,1,2,12,7,13,12,10,3,3,neutral,4,agree,3,neutral,3,neutral,3.25,3,neutral,4,agree,4,agree,4,agree,3.75,3,neutral,3,neutral,3,neutral,3.00,3,neutral,2,disagree,2,disagree,2,disagree,2,disagree,1,disagree,4,agree,3,neutral,4,agree,4,agree,1,disagree,4,agree,3,neutral,,,,,,,,,,,,,,,,,,,,,,,,,,,,,,,,,,,,,,,,,,
257,43,Male,,United Kingdom,None specified,1-10,3.33,Never,Never,6,6,5,5,7,7,7,7,6,6,2,6,12,10,14,14,12,8,2,disagree,3,neutral,2,disagree,3,neutral,2.50,4,agree,5,agree,4,agree,5,agree,4.50,5,agree,4,agree,4,agree,4.33,3,neutral,3,neutral,4,agree,1,disagree,1,disagree,4,agree,2,disagree,4,agree,4,agree,4,agree,2,disagree,4,agree,3,neutral,,,,,,,,,,,,,,,,,,,,,,,,,,,,,,,,,,,,,,,,,,
50,36,Male,,United Kingdom,Undergraduate degree,21-30,2.67,Never,Never,6,6,5,5,6,6,5,5,5,6,1,1,12,10,12,10,11,2,3,neutral,3,neutral,3,neutral,3,neutral,3.00,3,neutral,3,neutral,3,neutral,3,neutral,3.00,3,neutral,3,neutral,2,disagree,2.67,3,neutral,3,neutral,3,neutral,2,disagree,2,disagree,5,agree,5,agree,4,agree,5,agree,5,agree,5,agree,4,agree,3,neutral,,,,,,,,,,,,,,,,,,,,,,,,,,,,,,,,,,,,,,,,,,
199,46,Male,,United States of America,Undergraduate degree,11-20,2.83,Yearly,Never,6,5,6,6,6,5,6,6,4,5,2,1,11,12,11,12,9,3,1,disagree,1,disagree,1,disagree,1,disagree,1.00,1,disagree,1,disagree,1,disagree,1,disagree,1.00,1,disagree,1,disagree,1,disagree,1.00,1,disagree,1,disagree,1,disagree,1,disagree,1,disagree,5,agree,2,disagree,1,disagree,4,agree,5,agree,5,agree,5,agree,3,neutral,,,,,,,,,,,,,,,,,,,,,,,,,,,,,,,,,,,,,,,,,,
509,35,Female,,United Kingdom,Further education,11-20,2.00,Never,Never,5,7,2,2,2,5,7,6,2,2,1,1,12,4,7,13,4,2,1,disagree,2,disagree,1,disagree,1,disagree,1.25,2,disagree,3,neutral,2,disagree,3,neutral,2.50,2,disagree,2,disagree,3,neutral,2.33,1,disagree,1,disagree,1,disagree,1,disagree,1,disagree,5,agree,2,disagree,1,disagree,5,agree,4,agree,1,disagree,1,disagree,4,agree,,,,,,,,,,,,,,,,,,,,,,,,,,,,,,,,,,,,,,,,,,
811,36,Male,,United States of America,Postgraduate degree,21-30,1.00,Never,Never,3,6,2,5,5,5,6,5,5,5,6,4,9,7,10,11,10,10,5,agree,2,disagree,2,disagree,4,agree,3.25,4,agree,4,agree,4,agree,3,neutral,3.75,4,agree,4,agree,5,agree,4.33,2,disagree,4,agree,5,agree,4,agree,2,disagree,4,agree,2,disagree,2,disagree,5,agree,2,disagree,1,disagree,2,disagree,4,agree,,,,,,,,,,,,,,,,,,,,,,,,,,,,,,,,,,,,,,,,,,
569,22,Female,,Canada,Secondary school,11-20,2.67,Never,Never,6,6,6,6,5,6,6,6,6,6,2,2,12,12,11,12,12,4,3,neutral,3,neutral,3,neutral,4,agree,3.25,3,neutral,3,neutral,3,neutral,4,agree,3.25,4,agree,4,agree,4,agree,4.00,3,neutral,3,neutral,3,neutral,2,disagree,2,disagree,5,agree,2,disagree,5,agree,5,agree,4,agree,5,agree,2,disagree,4,agree,,,,,,,,,,,,,,,,,,,,,,,,,,,,,,,,,,,,,,,,,,
339,60,Male,,United States of America,Further education,11-20,4.00,Never,Never,7,7,6,4,7,6,6,7,5,5,3,2,14,10,13,13,10,5,1,disagree,2,disagree,2,disagree,1,disagree,1.50,3,neutral,3,neutral,3,neutral,3,neutral,3.00,1,disagree,1,disagree,3,neutral,1.67,2,disagree,1,disagree,1,disagree,1,disagree,1,disagree,4,agree,4,agree,4,agree,5,agree,5,agree,5,agree,2,disagree,4,agree,,,,,,,,,,,,,,,,,,,,,,,,,,,,,,,,,,,,,,,,,,
601,40,Male,,Switzerland,Postgraduate degree,11-20,4.17,Never,Never,6,5,5,4,6,6,7,5,6,6,5,6,11,9,12,12,12,11,3,neutral,2,disagree,2,disagree,3,neutral,2.50,4,agree,4,agree,4,agree,4,agree,4.00,4,agree,3,neutral,3,neutral,3.33,3,neutral,4,agree,4,agree,3,neutral,3,neutral,3,neutral,4,agree,4,agree,4,agree,4,agree,4,agree,3,neutral,4,agree,,,,,,,,,,,,,,,,,,,,,,,,,,,,,,,,,,,,,,,,,,
127,25,Male,,United States of America,Further education,21-30,2.83,Never,Never,7,7,5,5,6,7,7,7,4,5,3,1,14,10,13,14,9,4,5,agree,4,agree,5,agree,4,agree,4.50,4,agree,4,agree,4,agree,4,agree,4.00,4,agree,4,agree,5,agree,4.33,1,disagree,5,agree,5,agree,1,disagree,1,disagree,4,agree,4,agree,4,agree,3,neutral,5,agree,4,agree,3,neutral,4,agree,,,,,,,,,,,,,,,,,,,,,,,,,,,,,,,,,,,,,,,,,,
395,42,Male,,United Kingdom,Further education,11-20,2.67,Never,Never,5,5,4,4,4,5,7,7,4,4,3,2,10,8,9,14,8,5,1,disagree,3,neutral,2,disagree,3,neutral,2.25,4,agree,4,agree,4,agree,3,neutral,3.75,4,agree,4,agree,4,agree,4.00,4,agree,2,disagree,3,neutral,2,disagree,1,disagree,5,agree,2,disagree,4,agree,4,agree,5,agree,5,agree,3,neutral,4,agree,,,,,,,,,,,,,,,,,,,,,,,,,,,,,,,,,,,,,,,,,,
632,41,Male,,United States of America,Undergraduate degree,1-10,2.17,Never,Never,7,7,4,3,6,6,5,6,6,7,3,3,14,7,12,11,13,6,3,neutral,3,neutral,3,neutral,3,neutral,3.00,3,neutral,3,neutral,3,neutral,3,neutral,3.00,3,neutral,3,neutral,3,neutral,3.00,3,neutral,4,agree,4,agree,3,neutral,4,agree,4,agree,4,agree,2,disagree,4,agree,4,agree,2,disagree,4,agree,4,agree,,,,,,,,,,,,,,,,,,,,,,,,,,,,,,,,,,,,,,,,,,
51,35,Female,,United Kingdom,Undergraduate degree,1-10,3.50,Never,Never,5,6,6,5,3,6,6,6,5,6,3,5,11,11,9,12,11,8,4,agree,4,agree,4,agree,3,neutral,3.75,5,agree,5,agree,5,agree,5,agree,5.00,4,agree,4,agree,5,agree,4.33,3,neutral,4,agree,5,agree,2,disagree,4,agree,3,neutral,4,agree,5,agree,4,agree,4,agree,2,disagree,4,agree,4,agree,,,,,,,,,,,,,,,,,,,,,,,,,,,,,,,,,,,,,,,,,,
67,36,Male,,United Kingdom,Postgraduate degree,21-30,4.17,Never,Never,7,6,6,6,6,5,6,6,5,6,5,3,13,12,11,12,11,8,4,agree,4,agree,4,agree,4,agree,4.00,4,agree,4,agree,4,agree,3,neutral,3.75,3,neutral,4,agree,3,neutral,3.33,3,neutral,3,neutral,4,agree,3,neutral,2,disagree,3,neutral,4,agree,4,agree,3,neutral,4,agree,4,agree,4,agree,4,agree,,,,,,,,,,,,,,,,,,,,,,,,,,,,,,,,,,,,,,,,,,
111,58,Male,,United Kingdom,Undergraduate degree,1-10,2.17,Yearly,Never,6,5,6,6,6,6,6,6,5,6,3,3,11,12,12,12,11,6,1,disagree,2,disagree,1,disagree,1,disagree,1.25,2,disagree,2,disagree,2,disagree,2,disagree,2.00,2,disagree,2,disagree,4,agree,2.67,4,agree,1,disagree,1,disagree,1,disagree,1,disagree,4,agree,4,agree,4,agree,4,agree,4,agree,4,agree,4,agree,4,agree,,,,,,,,,,,,,,,,,,,,,,,,,,,,,,,,,,,,,,,,,,
369,19,Male,,United Kingdom,Further education,31+,2.83,Never,Never,6,6,4,3,3,5,6,6,4,5,2,3,12,7,8,12,9,5,1,disagree,1,disagree,3,neutral,3,neutral,2.00,4,agree,5,agree,4,agree,4,agree,4.25,5,agree,3,neutral,4,agree,4.00,3,neutral,1,disagree,3,neutral,1,disagree,1,disagree,4,agree,4,agree,4,agree,4,agree,4,agree,4,agree,4,agree,4,agree,,,,,,,,,,,,,,,,,,,,,,,,,,,,,,,,,,,,,,,,,,
477,20,Male,,The Netherlands,Secondary school,1-10,2.83,Never,Never,6,6,6,6,4,6,6,6,6,6,2,4,12,12,10,12,12,6,2,disagree,3,neutral,2,disagree,4,agree,2.75,4,agree,3,neutral,4,agree,4,agree,3.75,3,neutral,3,neutral,2,disagree,2.67,3,neutral,2,disagree,2,disagree,2,disagree,3,neutral,4,agree,4,agree,4,agree,4,agree,4,agree,4,agree,4,agree,4,agree,,,,,,,,,,,,,,,,,,,,,,,,,,,,,,,,,,,,,,,,,,
458,31,Female,,United Kingdom,Further education,11-20,4.33,Never,Never,7,7,3,3,5,7,6,6,5,5,5,5,14,6,12,12,10,10,3,neutral,3,neutral,3,neutral,4,agree,3.25,4,agree,4,agree,4,agree,4,agree,4.00,5,agree,3,neutral,5,agree,4.33,3,neutral,4,agree,3,neutral,3,neutral,4,agree,5,agree,4,agree,4,agree,4,agree,4,agree,4,agree,4,agree,4,agree,,,,,,,,,,,,,,,,,,,,,,,,,,,,,,,,,,,,,,,,,,
94,29,Male,,United States of America,Undergraduate degree,11-20,2.00,Never,Never,6,5,6,5,5,4,5,6,4,5,6,1,11,11,9,11,9,7,4,agree,4,agree,4,agree,4,agree,4.00,4,agree,4,agree,4,agree,4,agree,4.00,4,agree,4,agree,2,disagree,3.33,2,disagree,4,agree,3,neutral,2,disagree,2,disagree,5,agree,4,agree,5,agree,5,agree,4,agree,4,agree,4,agree,4,agree,,,,,,,,,,,,,,,,,,,,,,,,,,,,,,,,,,,,,,,,,,
212,26,Female,,United Kingdom,Further education,1-10,2.00,Never,Never,6,6,6,6,4,4,7,7,4,2,1,2,12,12,8,14,6,3,3,neutral,3,neutral,4,agree,4,agree,3.50,4,agree,4,agree,4,agree,4,agree,4.00,3,neutral,4,agree,3,neutral,3.33,3,neutral,3,neutral,3,neutral,2,disagree,3,neutral,5,agree,4,agree,4,agree,5,agree,5,agree,4,agree,4,agree,4,agree,,,,,,,,,,,,,,,,,,,,,,,,,,,,,,,,,,,,,,,,,,
720,28,Female,,Portugal,Postgraduate degree,21-30,3.83,Never,Never,4,4,2,5,3,5,4,5,4,5,2,2,8,7,8,9,9,4,4,agree,4,agree,3,neutral,5,agree,4.00,3,neutral,3,neutral,4,agree,3,neutral,3.25,5,agree,5,agree,4,agree,4.67,3,neutral,4,agree,4,agree,5,agree,4,agree,5,agree,4,agree,4,agree,5,agree,5,agree,4,agree,4,agree,4,agree,,,,,,,,,,,,,,,,,,,,,,,,,,,,,,,,,,,,,,,,,,
485,48,Male,,Belgium,Undergraduate degree,21-30,3.33,Never,Never,4,4,2,2,5,6,7,7,7,7,6,6,8,4,11,14,14,12,5,agree,1,disagree,1,disagree,2,disagree,2.25,1,disagree,1,disagree,1,disagree,1,disagree,1.00,1,disagree,1,disagree,1,disagree,1.00,3,neutral,1,disagree,1,disagree,1,disagree,1,disagree,4,agree,5,agree,4,agree,5,agree,5,agree,4,agree,4,agree,4,agree,,,,,,,,,,,,,,,,,,,,,,,,,,,,,,,,,,,,,,,,,,
59,30,Male,,United States of America,Secondary school,21-30,2.17,Never,Never,5,5,4,4,4,6,6,6,5,5,3,3,10,8,10,12,10,6,3,neutral,3,neutral,5,agree,4,agree,3.75,5,agree,5,agree,5,agree,5,agree,5.00,5,agree,5,agree,5,agree,5.00,3,neutral,3,neutral,5,agree,3,neutral,5,agree,3,neutral,4,agree,5,agree,5,agree,5,agree,4,agree,4,agree,4,agree,,,,,,,,,,,,,,,,,,,,,,,,,,,,,,,,,,,,,,,,,,
584,24,Male,,Poland,Undergraduate degree,31+,2.67,Never,Never,7,5,7,7,6,7,7,7,6,5,5,5,12,14,13,14,11,10,1,disagree,1,disagree,1,disagree,4,agree,1.75,4,agree,4,agree,4,agree,4,agree,4.00,4,agree,1,disagree,5,agree,3.33,3,neutral,2,disagree,4,agree,1,disagree,1,disagree,5,agree,5,agree,5,agree,5,agree,4,agree,5,agree,4,agree,4,agree,,,,,,,,,,,,,,,,,,,,,,,,,,,,,,,,,,,,,,,,,,
265,39,Male,,United States of America,Further education,21-30,3.67,Never,Never,6,6,2,2,6,6,6,6,7,7,6,6,12,4,12,12,14,12,4,agree,2,disagree,2,disagree,5,agree,3.25,3,neutral,3,neutral,3,neutral,3,neutral,3.00,3,neutral,2,disagree,2,disagree,2.33,2,disagree,1,disagree,2,disagree,2,disagree,2,disagree,4,agree,5,agree,5,agree,5,agree,5,agree,5,agree,5,agree,4,agree,,,,,,,,,,,,,,,,,,,,,,,,,,,,,,,,,,,,,,,,,,
388,51,Male,,United States of America,Further education,11-20,2.17,Never,Never,6,5,4,4,4,5,4,6,6,7,3,3,11,8,9,10,13,6,2,disagree,2,disagree,4,agree,3,neutral,2.75,2,disagree,2,disagree,2,disagree,2,disagree,2.00,2,disagree,2,disagree,1,disagree,1.67,3,neutral,1,disagree,1,disagree,1,disagree,1,disagree,5,agree,5,agree,5,agree,5,agree,5,agree,5,agree,5,agree,4,agree,,,,,,,,,,,,,,,,,,,,,,,,,,,,,,,,,,,,,,,,,,
159,35,Male,,United States of America,Undergraduate degree,11-20,3.00,Never,Never,7,6,6,6,7,7,7,7,3,5,2,3,13,12,14,14,8,5,3,neutral,3,neutral,3,neutral,3,neutral,3.00,4,agree,5,agree,4,agree,5,agree,4.50,5,agree,5,agree,4,agree,4.67,4,agree,4,agree,4,agree,3,neutral,4,agree,5,agree,4,agree,4,agree,3,neutral,4,agree,4,agree,3,neutral,5,agree,,,,,,,,,,,,,,,,,,,,,,,,,,,,,,,,,,,,,,,,,,
249,26,Female,,Poland,Undergraduate degree,1-10,3.33,Yearly,Never,6,5,3,3,5,5,7,6,5,6,2,4,11,6,10,13,11,6,4,agree,4,agree,5,agree,5,agree,4.50,3,neutral,5,agree,4,agree,4,agree,4.00,3,neutral,5,agree,3,neutral,3.67,3,neutral,4,agree,5,agree,2,disagree,4,agree,4,agree,3,neutral,4,agree,4,agree,5,agree,4,agree,3,neutral,5,agree,,,,,,,,,,,,,,,,,,,,,,,,,,,,,,,,,,,,,,,,,,
592,48,Female,,United States of America,Secondary school,11-20,3.83,Yearly,Never,6,6,5,6,7,5,4,2,6,6,2,2,12,11,12,6,12,4,2,disagree,3,neutral,3,neutral,3,neutral,2.75,2,disagree,3,neutral,2,disagree,2,disagree,2.25,3,neutral,3,neutral,3,neutral,3.00,3,neutral,3,neutral,3,neutral,2,disagree,2,disagree,4,agree,5,agree,4,agree,2,disagree,5,agree,5,agree,3,neutral,5,agree,,,,,,,,,,,,,,,,,,,,,,,,,,,,,,,,,,,,,,,,,,
531,37,Female,,United Kingdom,Secondary school,1-10,4.67,Yearly,Never,5,6,3,3,5,7,7,6,6,6,5,5,11,6,12,13,12,10,3,neutral,3,neutral,3,neutral,3,neutral,3.00,2,disagree,4,agree,2,disagree,3,neutral,2.75,3,neutral,3,neutral,3,neutral,3.00,3,neutral,1,disagree,3,neutral,1,disagree,3,neutral,5,agree,4,agree,4,agree,5,agree,5,agree,5,agree,3,neutral,5,agree,,,,,,,,,,,,,,,,,,,,,,,,,,,,,,,,,,,,,,,,,,
215,35,Male,,Italy,Undergraduate degree,11-20,4.00,Never,Never,5,5,5,5,5,3,5,6,4,4,2,3,10,10,8,11,8,5,1,disagree,2,disagree,2,disagree,2,disagree,1.75,2,disagree,2,disagree,2,disagree,2,disagree,2.00,2,disagree,2,disagree,2,disagree,2.00,2,disagree,2,disagree,2,disagree,2,disagree,2,disagree,4,agree,3,neutral,5,agree,5,agree,4,agree,2,disagree,4,agree,5,agree,,,,,,,,,,,,,,,,,,,,,,,,,,,,,,,,,,,,,,,,,,
38,44,Female,,United States of America,Further education,1-10,3.67,Never,Never,6,6,6,6,6,6,5,6,6,6,2,2,12,12,12,11,12,4,1,disagree,1,disagree,1,disagree,1,disagree,1.00,1,disagree,1,disagree,1,disagree,1,disagree,1.00,1,disagree,1,disagree,1,disagree,1.00,5,agree,1,disagree,1,disagree,1,disagree,1,disagree,5,agree,3,neutral,4,agree,4,agree,4,agree,3,neutral,5,agree,5,agree,,,,,,,,,,,,,,,,,,,,,,,,,,,,,,,,,,,,,,,,,,
54,26,Female,,United Kingdom,Further education,1-10,1.83,Never,Never,7,7,7,5,7,7,7,7,7,7,1,1,14,12,14,14,14,2,3,neutral,3,neutral,3,neutral,3,neutral,3.00,3,neutral,5,agree,5,agree,5,agree,4.50,3,neutral,3,neutral,3,neutral,3.00,3,neutral,1,disagree,1,disagree,1,disagree,1,disagree,5,agree,3,neutral,4,agree,5,agree,5,agree,3,neutral,5,agree,5,agree,,,,,,,,,,,,,,,,,,,,,,,,,,,,,,,,,,,,,,,,,,
320,29,Male,,Poland,Secondary school,11-20,2.83,Never,Never,5,6,4,4,4,6,5,6,6,6,5,5,11,8,10,11,12,10,3,neutral,3,neutral,2,disagree,3,neutral,2.75,4,agree,4,agree,4,agree,5,agree,4.25,3,neutral,3,neutral,2,disagree,2.67,3,neutral,3,neutral,4,agree,1,disagree,2,disagree,5,agree,4,agree,5,agree,5,agree,5,agree,4,agree,5,agree,5,agree,,,,,,,,,,,,,,,,,,,,,,,,,,,,,,,,,,,,,,,,,,
621,47,Female,,United States of America,Further education,1-10,3.50,Never,Never,6,6,4,5,4,7,5,5,6,6,2,2,12,9,11,10,12,4,1,disagree,1,disagree,1,disagree,1,disagree,1.00,1,disagree,1,disagree,1,disagree,1,disagree,1.00,1,disagree,1,disagree,1,disagree,1.00,1,disagree,1,disagree,1,disagree,1,disagree,1,disagree,3,neutral,4,agree,4,agree,4,agree,5,agree,5,agree,5,agree,5,agree,,,,,,,,,,,,,,,,,,,,,,,,,,,,,,,,,,,,,,,,,,
461,52,Female,,Italy,Undergraduate degree,11-20,2.83,Never,Never,6,5,6,5,5,5,5,5,5,6,3,3,11,11,10,10,11,6,4,agree,4,agree,4,agree,4,agree,4.00,3,neutral,4,agree,4,agree,4,agree,3.75,3,neutral,4,agree,3,neutral,3.33,3,neutral,3,neutral,3,neutral,2,disagree,2,disagree,5,agree,4,agree,5,agree,5,agree,5,agree,5,agree,5,agree,5,agree,,,,,,,,,,,,,,,,,,,,,,,,,,,,,,,,,,,,,,,,,,
654,21,Male,,United Kingdom,Undergraduate degree,21-30,3.17,Never,Once every 3 months,2,4,4,1,3,2,2,5,6,4,1,2,6,5,5,7,10,3,1,disagree,3,neutral,3,neutral,3,neutral,2.50,3,neutral,4,agree,3,neutral,4,agree,3.50,3,neutral,1,disagree,3,neutral,2.33,3,neutral,1,disagree,1,disagree,1,disagree,1,disagree,1,disagree,1,disagree,1,disagree,1,disagree,1,disagree,1,disagree,1,disagree,1,disagree,,,,,,,,,,,,,,,,,,,,,,,,,,,,,,,,,,,,,,,,,,
608,24,Male,,United Kingdom,Undergraduate degree,11-20,3.17,Never,Once every 3 months,5,6,5,6,5,7,7,7,6,7,4,5,11,11,12,14,13,9,4,agree,4,agree,3,neutral,3,neutral,3.50,3,neutral,4,agree,4,agree,4,agree,3.75,5,agree,4,agree,5,agree,4.67,3,neutral,4,agree,4,agree,1,disagree,1,disagree,1,disagree,1,disagree,1,disagree,1,disagree,1,disagree,1,disagree,1,disagree,1,disagree,,,,,,,,,,,,,,,,,,,,,,,,,,,,,,,,,,,,,,,,,,
475,31,Male,,Italy,Undergraduate degree,11-20,3.67,Yearly,Once every 3 months,7,6,4,4,6,6,4,5,6,7,4,5,13,8,12,9,13,9,3,neutral,3,neutral,3,neutral,4,agree,3.25,4,agree,4,agree,4,agree,3,neutral,3.75,2,disagree,2,disagree,2,disagree,2.00,3,neutral,2,disagree,2,disagree,2,disagree,2,disagree,1,disagree,1,disagree,1,disagree,1,disagree,1,disagree,1,disagree,1,disagree,1,disagree,,,,,,,,,,,,,,,,,,,,,,,,,,,,,,,,,,,,,,,,,,
71,37,Female,,Canada,Undergraduate degree,1-10,4.17,Yearly,Once every 3 months,6,6,3,3,6,6,7,6,7,6,6,4,12,6,12,13,13,10,4,agree,4,agree,3,neutral,4,agree,3.75,4,agree,4,agree,4,agree,3,neutral,3.75,2,disagree,4,agree,4,agree,3.33,1,disagree,4,agree,4,agree,1,disagree,4,agree,1,disagree,1,disagree,1,disagree,1,disagree,1,disagree,1,disagree,1,disagree,1,disagree,,,,,,,,,,,,,,,,,,,,,,,,,,,,,,,,,,,,,,,,,,
759,30,Female,,Sweden,Postgraduate degree,1-10,3.17,Never,Once every 3 months,6,5,5,2,5,7,6,6,4,5,2,2,11,7,12,12,9,4,3,neutral,3,neutral,3,neutral,4,agree,3.25,4,agree,4,agree,4,agree,4,agree,4.00,3,neutral,4,agree,3,neutral,3.33,3,neutral,2,disagree,5,agree,3,neutral,4,agree,1,disagree,1,disagree,1,disagree,1,disagree,1,disagree,1,disagree,1,disagree,1,disagree,,,,,,,,,,,,,,,,,,,,,,,,,,,,,,,,,,,,,,,,,,
141,36,Male,,United States of America,Further education,11-20,4.67,Once every 6 months,Once every 3 months,7,6,6,6,7,7,6,7,6,7,2,2,13,12,14,13,13,4,3,neutral,3,neutral,5,agree,5,agree,4.00,4,agree,5,agree,4,agree,4,agree,4.25,5,agree,3,neutral,4,agree,4.00,3,neutral,5,agree,5,agree,3,neutral,4,agree,1,disagree,1,disagree,1,disagree,1,disagree,1,disagree,1,disagree,1,disagree,1,disagree,,,,,,,,,,,,,,,,,,,,,,,,,,,,,,,,,,,,,,,,,,
708,25,Female,,Belgium,Postgraduate degree,31+,2.67,Never,Once every 3 months,7,7,6,5,6,7,5,3,6,7,1,1,14,11,13,8,13,2,5,agree,5,agree,3,neutral,3,neutral,4.00,5,agree,5,agree,5,agree,5,agree,5.00,5,agree,3,neutral,2,disagree,3.33,3,neutral,4,agree,5,agree,4,agree,5,agree,1,disagree,1,disagree,1,disagree,1,disagree,1,disagree,1,disagree,1,disagree,1,disagree,,,,,,,,,,,,,,,,,,,,,,,,,,,,,,,,,,,,,,,,,,
554,30,Male,,Switzerland,Further education,31+,4.00,Never,Once every 3 months,6,5,3,5,5,5,6,6,5,6,3,2,11,8,10,12,11,5,4,agree,5,agree,5,agree,5,agree,4.75,5,agree,5,agree,5,agree,4,agree,4.75,5,agree,4,agree,4,agree,4.33,3,neutral,4,agree,5,agree,4,agree,5,agree,1,disagree,3,neutral,1,disagree,1,disagree,1,disagree,1,disagree,1,disagree,1,disagree,,,,,,,,,,,,,,,,,,,,,,,,,,,,,,,,,,,,,,,,,,
439,23,Female,,Italy,Undergraduate degree,11-20,4.17,Yearly,Once every 3 months,6,5,5,5,5,6,6,6,6,5,2,2,11,10,11,12,11,4,3,neutral,4,agree,4,agree,4,agree,3.75,4,agree,3,neutral,4,agree,3,neutral,3.50,5,agree,4,agree,3,neutral,4.00,3,neutral,4,agree,4,agree,3,neutral,3,neutral,1,disagree,1,disagree,3,neutral,1,disagree,1,disagree,1,disagree,1,disagree,1,disagree,,,,,,,,,,,,,,,,,,,,,,,,,,,,,,,,,,,,,,,,,,
238,25,Male,,Hungary,Further education,31+,3.17,Never,Once every 3 months,7,7,7,6,4,6,7,7,3,2,3,3,14,13,10,14,5,6,3,neutral,4,agree,3,neutral,4,agree,3.50,5,agree,5,agree,5,agree,3,neutral,4.50,2,disagree,4,agree,2,disagree,2.67,2,disagree,5,agree,5,agree,2,disagree,4,agree,1,disagree,1,disagree,1,disagree,1,disagree,2,disagree,1,disagree,1,disagree,1,disagree,,,,,,,,,,,,,,,,,,,,,,,,,,,,,,,,,,,,,,,,,,
523,27,Male,,United Kingdom,Further education,21-30,3.17,Never,Once every 3 months,7,7,6,6,6,6,6,6,5,5,1,2,14,12,12,12,10,3,4,agree,3,neutral,4,agree,5,agree,4.00,5,agree,5,agree,5,agree,4,agree,4.75,5,agree,4,agree,4,agree,4.33,3,neutral,4,agree,5,agree,3,neutral,4,agree,2,disagree,1,disagree,1,disagree,2,disagree,3,neutral,1,disagree,1,disagree,1,disagree,,,,,,,,,,,,,,,,,,,,,,,,,,,,,,,,,,,,,,,,,,
505,30,Male,,United States of America,Undergraduate degree,11-20,4.00,Once every 6 months,Once every 3 months,5,4,4,5,4,5,5,5,4,4,4,4,9,9,9,10,8,8,3,neutral,3,neutral,3,neutral,3,neutral,3.00,3,neutral,3,neutral,3,neutral,3,neutral,3.00,4,agree,3,neutral,3,neutral,3.33,3,neutral,4,agree,3,neutral,3,neutral,3,neutral,3,neutral,1,disagree,3,neutral,4,agree,4,agree,1,disagree,1,disagree,1,disagree,,,,,,,,,,,,,,,,,,,,,,,,,,,,,,,,,,,,,,,,,,
99,29,Female,,United Kingdom,Postgraduate degree,1-10,2.17,Once every 3 months,Once every 3 months,4,4,4,5,3,5,6,6,4,5,2,2,8,9,8,12,9,4,4,agree,4,agree,4,agree,4,agree,4.00,4,agree,4,agree,4,agree,4,agree,4.00,4,agree,4,agree,4,agree,4.00,3,neutral,3,neutral,2,disagree,3,neutral,4,agree,4,agree,1,disagree,4,agree,4,agree,4,agree,1,disagree,1,disagree,1,disagree,,,,,,,,,,,,,,,,,,,,,,,,,,,,,,,,,,,,,,,,,,
725,27,Female,,Croatia,Undergraduate degree,21-30,2.67,Never,Once every 3 months,6,6,5,7,6,6,6,7,6,7,4,5,12,12,12,13,13,9,5,agree,5,agree,5,agree,5,agree,5.00,5,agree,5,agree,5,agree,5,agree,5.00,4,agree,5,agree,3,neutral,4.00,4,agree,3,neutral,5,agree,4,agree,5,agree,4,agree,2,disagree,3,neutral,4,agree,4,agree,2,disagree,1,disagree,1,disagree,,,,,,,,,,,,,,,,,,,,,,,,,,,,,,,,,,,,,,,,,,
516,28,Female,,Italy,Postgraduate degree,1-10,2.67,Never,Once every 3 months,6,5,2,2,3,6,6,6,6,6,6,4,11,4,9,12,12,10,3,neutral,3,neutral,3,neutral,4,agree,3.25,4,agree,4,agree,4,agree,4,agree,4.00,4,agree,4,agree,2,disagree,3.33,3,neutral,4,agree,4,agree,2,disagree,4,agree,4,agree,3,neutral,4,agree,2,disagree,4,agree,3,neutral,1,disagree,1,disagree,,,,,,,,,,,,,,,,,,,,,,,,,,,,,,,,,,,,,,,,,,
355,37,Male,,United Kingdom,Further education,1-10,4.00,Never,Once every 3 months,6,7,5,5,4,7,7,7,6,7,2,3,13,10,11,14,13,5,1,disagree,1,disagree,1,disagree,3,neutral,1.50,3,neutral,3,neutral,3,neutral,3,neutral,3.00,1,disagree,2,disagree,1,disagree,1.33,3,neutral,1,disagree,1,disagree,1,disagree,1,disagree,4,agree,3,neutral,3,neutral,4,agree,4,agree,3,neutral,1,disagree,1,disagree,,,,,,,,,,,,,,,,,,,,,,,,,,,,,,,,,,,,,,,,,,
624,43,Male,,United Kingdom,Secondary school,11-20,3.50,Never,Once every 3 months,6,5,2,2,5,5,6,7,5,6,5,3,11,4,10,13,11,8,4,agree,3,neutral,2,disagree,3,neutral,3.00,4,agree,4,agree,5,agree,4,agree,4.25,4,agree,3,neutral,3,neutral,3.33,4,agree,3,neutral,4,agree,2,disagree,1,disagree,2,disagree,4,agree,2,disagree,4,agree,3,neutral,4,agree,1,disagree,1,disagree,,,,,,,,,,,,,,,,,,,,,,,,,,,,,,,,,,,,,,,,,,
486,39,Male,,Germany,Further education,11-20,4.83,Yearly,Once every 3 months,7,7,5,5,7,7,2,6,6,5,3,5,14,10,14,8,11,8,5,agree,5,agree,5,agree,5,agree,5.00,5,agree,5,agree,5,agree,5,agree,5.00,5,agree,5,agree,5,agree,5.00,4,agree,4,agree,4,agree,2,disagree,3,neutral,1,disagree,1,disagree,3,neutral,4,agree,3,neutral,4,agree,1,disagree,1,disagree,,,,,,,,,,,,,,,,,,,,,,,,,,,,,,,,,,,,,,,,,,
496,33,Male,,United States of America,Postgraduate degree,1-10,2.67,Yearly,Once every 3 months,7,6,2,1,5,6,6,6,6,6,5,3,13,3,11,12,12,8,2,disagree,1,disagree,1,disagree,1,disagree,1.25,3,neutral,3,neutral,2,disagree,4,agree,3.00,2,disagree,4,agree,2,disagree,2.67,2,disagree,1,disagree,2,disagree,2,disagree,2,disagree,4,agree,2,disagree,3,neutral,5,agree,4,agree,4,agree,1,disagree,1,disagree,,,,,,,,,,,,,,,,,,,,,,,,,,,,,,,,,,,,,,,,,,
288,23,Female,,Poland,Undergraduate degree,31+,3.83,Yearly,Once every 3 months,7,6,6,5,7,6,7,7,5,6,2,3,13,11,13,14,11,5,3,neutral,3,neutral,3,neutral,4,agree,3.25,2,disagree,4,agree,4,agree,4,agree,3.50,5,agree,5,agree,5,agree,5.00,2,disagree,3,neutral,4,agree,3,neutral,4,agree,3,neutral,2,disagree,4,agree,3,neutral,5,agree,4,agree,1,disagree,1,disagree,,,,,,,,,,,,,,,,,,,,,,,,,,,,,,,,,,,,,,,,,,
425,35,Female,,France,Postgraduate degree,21-30,2.00,Never,Once every 3 months,7,6,5,6,6,6,6,6,3,2,2,1,13,11,12,12,5,3,3,neutral,3,neutral,3,neutral,4,agree,3.25,2,disagree,4,agree,4,agree,4,agree,3.50,3,neutral,4,agree,1,disagree,2.67,3,neutral,4,agree,5,agree,1,disagree,2,disagree,2,disagree,2,disagree,4,agree,5,agree,5,agree,4,agree,1,disagree,1,disagree,,,,,,,,,,,,,,,,,,,,,,,,,,,,,,,,,,,,,,,,,,
168,57,Male,,United Kingdom,Postgraduate degree,11-20,3.67,Never,Once every 3 months,6,7,5,4,7,5,6,7,6,7,5,6,13,9,12,13,13,11,1,disagree,3,neutral,3,neutral,3,neutral,2.50,3,neutral,3,neutral,3,neutral,3,neutral,3.00,3,neutral,3,neutral,3,neutral,3.00,3,neutral,1,disagree,1,disagree,3,neutral,3,neutral,1,disagree,1,disagree,1,disagree,1,disagree,2,disagree,5,agree,1,disagree,1,disagree,,,,,,,,,,,,,,,,,,,,,,,,,,,,,,,,,,,,,,,,,,
703,24,Other,Non-binary,Belgium,Postgraduate degree,11-20,3.00,Never,Once every 3 months,6,7,5,5,7,7,5,5,3,5,5,2,13,10,14,10,8,7,4,agree,4,agree,3,neutral,4,agree,3.75,5,agree,5,agree,5,agree,5,agree,5.00,4,agree,5,agree,3,neutral,4.00,3,neutral,4,agree,4,agree,2,disagree,2,disagree,3,neutral,1,disagree,1,disagree,3,neutral,5,agree,5,agree,1,disagree,1,disagree,,,,,,,,,,,,,,,,,,,,,,,,,,,,,,,,,,,,,,,,,,
558,28,Male,,Canada,Undergraduate degree,1-10,2.67,Never,Once every 3 months,6,6,6,6,5,7,5,6,5,5,3,3,12,12,12,11,10,6,4,agree,4,agree,5,agree,4,agree,4.25,4,agree,3,neutral,3,neutral,4,agree,3.50,5,agree,5,agree,5,agree,5.00,3,neutral,4,agree,4,agree,2,disagree,2,disagree,2,disagree,1,disagree,4,agree,2,disagree,2,disagree,1,disagree,2,disagree,1,disagree,,,,,,,,,,,,,,,,,,,,,,,,,,,,,,,,,,,,,,,,,,
23,35,Female,,Canada,Undergraduate degree,1-10,3.33,Never,Once every 3 months,7,7,6,6,5,7,7,7,7,7,3,3,14,12,12,14,14,6,5,agree,4,agree,3,neutral,4,agree,4.00,5,agree,5,agree,5,agree,5,agree,5.00,5,agree,5,agree,4,agree,4.67,2,disagree,3,neutral,4,agree,2,disagree,1,disagree,3,neutral,2,disagree,4,agree,3,neutral,4,agree,1,disagree,2,disagree,1,disagree,,,,,,,,,,,,,,,,,,,,,,,,,,,,,,,,,,,,,,,,,,
771,32,Male,,Sweden,Undergraduate degree,21-30,3.33,Never,Once every 3 months,6,6,5,5,6,6,6,6,5,5,1,2,12,10,12,12,10,3,3,neutral,3,neutral,4,agree,3,neutral,3.25,4,agree,4,agree,4,agree,4,agree,4.00,5,agree,4,agree,3,neutral,4.00,3,neutral,4,agree,5,agree,1,disagree,2,disagree,4,agree,1,disagree,2,disagree,4,agree,4,agree,1,disagree,2,disagree,1,disagree,,,,,,,,,,,,,,,,,,,,,,,,,,,,,,,,,,,,,,,,,,
300,27,Other,Non-binary,United States of America,Further education,21-30,4.00,Never,Once every 3 months,5,5,2,1,4,5,5,6,5,5,4,2,10,3,9,11,10,6,4,agree,5,agree,5,agree,5,agree,4.75,3,neutral,4,agree,5,agree,4,agree,4.00,4,agree,5,agree,4,agree,4.33,2,disagree,2,disagree,3,neutral,4,agree,1,disagree,1,disagree,4,agree,1,disagree,4,agree,5,agree,3,neutral,2,disagree,1,disagree,,,,,,,,,,,,,,,,,,,,,,,,,,,,,,,,,,,,,,,,,,
503,36,Male,,United States of America,Undergraduate degree,11-20,2.67,Yearly,Once every 3 months,6,7,5,6,6,7,7,7,6,5,2,2,13,11,13,14,11,4,4,agree,3,neutral,3,neutral,4,agree,3.50,5,agree,5,agree,5,agree,5,agree,5.00,4,agree,4,agree,3,neutral,3.67,3,neutral,4,agree,5,agree,2,disagree,3,neutral,4,agree,2,disagree,2,disagree,5,agree,4,agree,4,agree,2,disagree,1,disagree,,,,,,,,,,,,,,,,,,,,,,,,,,,,,,,,,,,,,,,,,,
736,28,Female,,Spain,Postgraduate degree,11-20,3.67,Never,Once every 3 months,6,6,6,5,6,7,7,5,4,5,3,3,12,11,13,12,9,6,4,agree,4,agree,4,agree,5,agree,4.25,4,agree,4,agree,4,agree,4,agree,4.00,4,agree,5,agree,3,neutral,4.00,3,neutral,4,agree,5,agree,4,agree,2,disagree,2,disagree,2,disagree,4,agree,4,agree,5,agree,4,agree,2,disagree,1,disagree,,,,,,,,,,,,,,,,,,,,,,,,,,,,,,,,,,,,,,,,,,
681,50,Male,,United States of America,Further education,31+,1.17,Never,Once every 3 months,5,6,5,5,5,5,6,6,5,5,5,2,11,10,10,12,10,7,4,agree,4,agree,4,agree,4,agree,4.00,4,agree,3,neutral,3,neutral,4,agree,3.50,4,agree,4,agree,4,agree,4.00,3,neutral,3,neutral,4,agree,3,neutral,4,agree,2,disagree,3,neutral,4,agree,4,agree,4,agree,3,neutral,4,agree,1,disagree,,,,,,,,,,,,,,,,,,,,,,,,,,,,,,,,,,,,,,,,,,
590,22,Male,,Portugal,Further education,1-10,3.33,Never,Once every 3 months,7,6,5,5,5,6,6,5,6,6,3,1,13,10,11,11,12,4,4,agree,4,agree,4,agree,5,agree,4.25,3,neutral,3,neutral,4,agree,3,neutral,3.25,5,agree,4,agree,4,agree,4.33,3,neutral,4,agree,3,neutral,4,agree,2,disagree,5,agree,3,neutral,4,agree,4,agree,5,agree,4,agree,5,agree,1,disagree,,,,,,,,,,,,,,,,,,,,,,,,,,,,,,,,,,,,,,,,,,
36,35,Other,Trangender male,United States of America,Postgraduate degree,1-10,3.50,Yearly,Once every 3 months,5,6,5,5,5,7,6,6,6,7,4,3,11,10,12,12,13,7,3,neutral,4,agree,3,neutral,3,neutral,3.25,3,neutral,3,neutral,3,neutral,3,neutral,3.00,3,neutral,3,neutral,4,agree,3.33,3,neutral,2,disagree,3,neutral,2,disagree,3,neutral,2,disagree,2,disagree,2,disagree,2,disagree,2,disagree,1,disagree,1,disagree,2,disagree,,,,,,,,,,,,,,,,,,,,,,,,,,,,,,,,,,,,,,,,,,
441,34,Male,,United Kingdom,Postgraduate degree,11-20,3.33,Monthly,Once every 3 months,6,6,5,6,5,6,6,6,6,6,3,4,12,11,11,12,12,7,4,agree,4,agree,4,agree,4,agree,4.00,4,agree,4,agree,4,agree,4,agree,4.00,4,agree,4,agree,3,neutral,3.67,4,agree,3,neutral,4,agree,4,agree,3,neutral,4,agree,2,disagree,3,neutral,2,disagree,4,agree,1,disagree,1,disagree,2,disagree,,,,,,,,,,,,,,,,,,,,,,,,,,,,,,,,,,,,,,,,,,
200,24,Male,,Portugal,Undergraduate degree,1-10,3.67,Never,Once every 3 months,7,6,6,6,4,7,7,7,5,7,5,3,13,12,11,14,12,8,1,disagree,2,disagree,3,neutral,5,agree,2.75,1,disagree,1,disagree,5,agree,1,disagree,2.00,4,agree,3,neutral,3,neutral,3.33,3,neutral,2,disagree,4,agree,3,neutral,1,disagree,2,disagree,2,disagree,2,disagree,3,neutral,4,agree,1,disagree,1,disagree,2,disagree,,,,,,,,,,,,,,,,,,,,,,,,,,,,,,,,,,,,,,,,,,
701,23,Female,,United States of America,Undergraduate degree,1-10,4.00,Never,Once every 3 months,7,6,5,6,6,6,6,6,5,6,1,1,13,11,12,12,11,2,4,agree,5,agree,4,agree,5,agree,4.50,5,agree,5,agree,5,agree,5,agree,5.00,5,agree,4,agree,4,agree,4.33,3,neutral,4,agree,5,agree,4,agree,5,agree,1,disagree,1,disagree,1,disagree,1,disagree,4,agree,2,disagree,1,disagree,2,disagree,,,,,,,,,,,,,,,,,,,,,,,,,,,,,,,,,,,,,,,,,,
641,31,Male,,Germany,Further education,21-30,4.00,Yearly,Once every 3 months,7,7,6,6,4,4,5,6,6,7,4,5,14,12,8,11,13,9,4,agree,4,agree,4,agree,5,agree,4.25,3,neutral,4,agree,3,neutral,3,neutral,3.25,4,agree,4,agree,3,neutral,3.67,4,agree,4,agree,4,agree,2,disagree,3,neutral,3,neutral,3,neutral,3,neutral,3,neutral,4,agree,2,disagree,1,disagree,2,disagree,,,,,,,,,,,,,,,,,,,,,,,,,,,,,,,,,,,,,,,,,,
580,30,Male,,Portugal,Undergraduate degree,11-20,2.83,Never,Once every 3 months,5,5,3,5,5,7,7,7,6,7,4,3,10,8,12,14,13,7,1,disagree,1,disagree,1,disagree,3,neutral,1.50,1,disagree,1,disagree,1,disagree,1,disagree,1.00,1,disagree,3,neutral,1,disagree,1.67,3,neutral,1,disagree,1,disagree,1,disagree,1,disagree,4,agree,2,disagree,4,agree,4,agree,4,agree,4,agree,1,disagree,2,disagree,,,,,,,,,,,,,,,,,,,,,,,,,,,,,,,,,,,,,,,,,,
366,39,Male,,United States of America,Undergraduate degree,11-20,4.17,Yearly,Once every 3 months,7,7,6,5,6,7,6,7,6,6,3,2,14,11,13,13,12,5,4,agree,4,agree,4,agree,5,agree,4.25,5,agree,5,agree,5,agree,5,agree,5.00,3,neutral,5,agree,3,neutral,3.67,3,neutral,4,agree,5,agree,1,disagree,4,agree,4,agree,2,disagree,4,agree,4,agree,4,agree,4,agree,1,disagree,2,disagree,,,,,,,,,,,,,,,,,,,,,,,,,,,,,,,,,,,,,,,,,,
602,51,Male,,United States of America,Postgraduate degree,1-10,4.50,Once every 6 months,Once every 3 months,5,5,5,5,5,5,6,6,5,6,4,2,10,10,10,12,11,6,4,agree,4,agree,4,agree,4,agree,4.00,5,agree,5,agree,5,agree,5,agree,5.00,5,agree,5,agree,5,agree,5.00,4,agree,5,agree,4,agree,4,agree,4,agree,4,agree,2,disagree,2,disagree,4,agree,5,agree,4,agree,1,disagree,2,disagree,,,,,,,,,,,,,,,,,,,,,,,,,,,,,,,,,,,,,,,,,,
409,32,Female,,United Kingdom,Postgraduate degree,1-10,2.83,Yearly,Once every 3 months,7,6,5,3,5,4,5,6,4,5,2,1,13,8,9,11,9,3,4,agree,4,agree,4,agree,5,agree,4.25,2,disagree,4,agree,2,disagree,2,disagree,2.50,5,agree,4,agree,4,agree,4.33,2,disagree,3,neutral,2,disagree,1,disagree,1,disagree,3,neutral,3,neutral,4,agree,3,neutral,3,neutral,1,disagree,2,disagree,2,disagree,,,,,,,,,,,,,,,,,,,,,,,,,,,,,,,,,,,,,,,,,,
661,43,Male,,United Kingdom,Undergraduate degree,11-20,3.50,Never,Once every 3 months,6,6,5,2,5,7,7,7,5,7,5,3,12,7,12,14,12,8,3,neutral,2,disagree,3,neutral,4,agree,3.00,4,agree,5,agree,4,agree,4,agree,4.25,4,agree,4,agree,4,agree,4.00,3,neutral,3,neutral,4,agree,2,disagree,2,disagree,2,disagree,1,disagree,2,disagree,1,disagree,4,agree,1,disagree,2,disagree,2,disagree,,,,,,,,,,,,,,,,,,,,,,,,,,,,,,,,,,,,,,,,,,
180,23,Male,,Poland,Further education,21-30,2.33,Yearly,Once every 3 months,5,5,4,3,4,6,6,6,5,5,4,6,10,7,10,12,10,10,3,neutral,3,neutral,3,neutral,3,neutral,3.00,4,agree,4,agree,4,agree,4,agree,4.00,3,neutral,3,neutral,2,disagree,2.67,3,neutral,3,neutral,3,neutral,3,neutral,2,disagree,3,neutral,3,neutral,2,disagree,3,neutral,3,neutral,2,disagree,2,disagree,2,disagree,,,,,,,,,,,,,,,,,,,,,,,,,,,,,,,,,,,,,,,,,,
324,24,Female,,United States of America,Further education,11-20,3.50,Never,Once every 3 months,6,6,3,3,6,5,5,6,5,5,2,2,12,6,11,11,10,4,4,agree,4,agree,4,agree,4,agree,4.00,4,agree,4,agree,4,agree,4,agree,4.00,4,agree,4,agree,4,agree,4.00,2,disagree,3,neutral,4,agree,2,disagree,3,neutral,4,agree,3,neutral,4,agree,4,agree,3,neutral,2,disagree,2,disagree,2,disagree,,,,,,,,,,,,,,,,,,,,,,,,,,,,,,,,,,,,,,,,,,
402,32,Female,,United Kingdom,Further education,11-20,3.33,Yearly,Once every 3 months,7,7,6,6,3,5,7,7,6,7,3,5,14,12,8,14,13,8,5,agree,5,agree,5,agree,5,agree,5.00,5,agree,5,agree,5,agree,5,agree,5.00,4,agree,5,agree,4,agree,4.33,4,agree,5,agree,5,agree,5,agree,4,agree,3,neutral,1,disagree,2,disagree,3,neutral,4,agree,2,disagree,2,disagree,2,disagree,,,,,,,,,,,,,,,,,,,,,,,,,,,,,,,,,,,,,,,,,,
644,38,Male,,United States of America,Further education,21-30,2.67,Never,Once every 3 months,5,3,5,5,5,6,6,6,6,5,3,5,8,10,11,12,11,8,2,disagree,2,disagree,2,disagree,2,disagree,2.00,4,agree,4,agree,4,agree,4,agree,4.00,2,disagree,1,disagree,1,disagree,1.33,4,agree,2,disagree,2,disagree,2,disagree,1,disagree,3,neutral,1,disagree,4,agree,3,neutral,4,agree,2,disagree,2,disagree,2,disagree,,,,,,,,,,,,,,,,,,,,,,,,,,,,,,,,,,,,,,,,,,
354,37,Male,,Spain,Secondary school,21-30,2.00,Never,Once every 3 months,7,6,4,5,5,5,4,5,4,4,5,4,13,9,10,9,8,9,4,agree,4,agree,5,agree,4,agree,4.25,5,agree,5,agree,5,agree,5,agree,5.00,3,neutral,3,neutral,3,neutral,3.00,3,neutral,1,disagree,3,neutral,2,disagree,2,disagree,3,neutral,3,neutral,4,agree,4,agree,4,agree,2,disagree,2,disagree,2,disagree,,,,,,,,,,,,,,,,,,,,,,,,,,,,,,,,,,,,,,,,,,
791,35,Female,,Sweden,Undergraduate degree,11-20,4.50,Never,Once every 3 months,7,7,6,2,5,6,5,6,6,7,2,6,14,8,11,11,13,8,4,agree,3,neutral,4,agree,4,agree,3.75,5,agree,5,agree,5,agree,4,agree,4.75,5,agree,4,agree,4,agree,4.33,3,neutral,5,agree,5,agree,1,disagree,4,agree,2,disagree,2,disagree,2,disagree,4,agree,5,agree,2,disagree,2,disagree,2,disagree,,,,,,,,,,,,,,,,,,,,,,,,,,,,,,,,,,,,,,,,,,
209,37,Female,,United States of America,Further education,1-10,4.67,Yearly,Once every 3 months,7,5,2,2,7,7,7,7,6,5,3,4,12,4,14,14,11,7,1,disagree,1,disagree,1,disagree,1,disagree,1.00,1,disagree,1,disagree,1,disagree,1,disagree,1.00,3,neutral,3,neutral,1,disagree,2.33,1,disagree,4,agree,4,agree,1,disagree,1,disagree,2,disagree,2,disagree,2,disagree,2,disagree,3,neutral,3,neutral,2,disagree,2,disagree,,,,,,,,,,,,,,,,,,,,,,,,,,,,,,,,,,,,,,,,,,
606,27,Female,,Latvia,Undergraduate degree,1-10,4.67,Never,Once every 3 months,3,5,5,7,7,7,5,6,5,2,5,2,8,12,14,11,7,7,1,disagree,2,disagree,1,disagree,2,disagree,1.50,1,disagree,1,disagree,4,agree,2,disagree,2.00,5,agree,4,agree,1,disagree,3.33,5,agree,1,disagree,1,disagree,1,disagree,1,disagree,4,agree,3,neutral,2,disagree,4,agree,3,neutral,3,neutral,2,disagree,2,disagree,,,,,,,,,,,,,,,,,,,,,,,,,,,,,,,,,,,,,,,,,,
780,19,Female,,United States of America,Secondary school,1-10,4.17,Never,Once every 3 months,5,5,7,5,4,5,6,6,5,5,4,4,10,12,9,12,10,8,4,agree,4,agree,4,agree,4,agree,4.00,4,agree,4,agree,4,agree,4,agree,4.00,4,agree,4,agree,4,agree,4.00,4,agree,4,agree,5,agree,3,neutral,4,agree,4,agree,3,neutral,4,agree,3,neutral,4,agree,3,neutral,2,disagree,2,disagree,,,,,,,,,,,,,,,,,,,,,,,,,,,,,,,,,,,,,,,,,,
614,33,Female,,United States of America,Undergraduate degree,11-20,3.83,Once every 6 months,Once every 3 months,7,7,5,5,3,4,5,7,5,6,1,1,14,10,7,12,11,2,3,neutral,3,neutral,5,agree,5,agree,4.00,5,agree,5,agree,5,agree,5,agree,5.00,3,neutral,5,agree,4,agree,4.00,3,neutral,5,agree,5,agree,3,neutral,4,agree,4,agree,3,neutral,4,agree,4,agree,5,agree,3,neutral,2,disagree,2,disagree,,,,,,,,,,,,,,,,,,,,,,,,,,,,,,,,,,,,,,,,,,
75,29,Female,,United Kingdom,Undergraduate degree,1-10,2.00,Once every 6 months,Once every 3 months,6,6,2,2,5,6,5,7,3,5,1,2,12,4,11,12,8,3,4,agree,4,agree,4,agree,4,agree,4.00,5,agree,5,agree,5,agree,5,agree,5.00,5,agree,5,agree,5,agree,5.00,4,agree,4,agree,5,agree,4,agree,4,agree,4,agree,3,neutral,4,agree,5,agree,5,agree,3,neutral,2,disagree,2,disagree,,,,,,,,,,,,,,,,,,,,,,,,,,,,,,,,,,,,,,,,,,
272,26,Male,,New Zealand,Postgraduate degree,21-30,1.67,Never,Once every 3 months,7,6,7,5,5,5,6,7,4,5,1,2,13,12,10,13,9,3,3,neutral,3,neutral,4,agree,4,agree,3.50,5,agree,5,agree,5,agree,4,agree,4.75,5,agree,3,neutral,1,disagree,3.00,3,neutral,4,agree,4,agree,1,disagree,3,neutral,3,neutral,3,neutral,2,disagree,4,agree,4,agree,4,agree,2,disagree,2,disagree,,,,,,,,,,,,,,,,,,,,,,,,,,,,,,,,,,,,,,,,,,
329,29,Male,,Portugal,Undergraduate degree,21-30,2.67,Never,Once every 3 months,6,5,5,6,6,6,4,6,5,5,5,6,11,11,12,10,10,11,3,neutral,3,neutral,2,disagree,3,neutral,2.75,4,agree,3,neutral,4,agree,3,neutral,3.50,3,neutral,3,neutral,3,neutral,3.00,3,neutral,3,neutral,4,agree,2,disagree,2,disagree,4,agree,2,disagree,4,agree,4,agree,4,agree,4,agree,2,disagree,2,disagree,,,,,,,,,,,,,,,,,,,,,,,,,,,,,,,,,,,,,,,,,,
400,30,Male,,United States of America,Postgraduate degree,1-10,4.17,Never,Once every 3 months,6,7,5,6,5,5,6,7,4,4,2,3,13,11,10,13,8,5,5,agree,5,agree,5,agree,5,agree,5.00,4,agree,4,agree,4,agree,4,agree,4.00,5,agree,5,agree,5,agree,5.00,1,disagree,3,neutral,5,agree,1,disagree,3,neutral,4,agree,4,agree,5,agree,4,agree,4,agree,4,agree,2,disagree,2,disagree,,,,,,,,,,,,,,,,,,,,,,,,,,,,,,,,,,,,,,,,,,
166,31,Female,,United States of America,Further education,11-20,3.17,Never,Once every 3 months,6,6,6,6,6,6,7,6,5,5,2,2,12,12,12,13,10,4,3,neutral,3,neutral,4,agree,4,agree,3.50,3,neutral,4,agree,4,agree,4,agree,3.75,3,neutral,3,neutral,3,neutral,3.00,4,agree,4,agree,4,agree,4,agree,2,disagree,3,neutral,4,agree,5,agree,5,agree,4,agree,4,agree,2,disagree,2,disagree,,,,,,,,,,,,,,,,,,,,,,,,,,,,,,,,,,,,,,,,,,
285,27,Female,,Portugal,Secondary school,1-10,3.83,Never,Once every 3 months,6,6,5,5,6,7,6,6,4,6,4,2,12,10,13,12,10,6,2,disagree,3,neutral,3,neutral,3,neutral,2.75,3,neutral,4,agree,4,agree,4,agree,3.75,5,agree,4,agree,5,agree,4.67,2,disagree,5,agree,4,agree,4,agree,2,disagree,4,agree,4,agree,4,agree,4,agree,5,agree,4,agree,2,disagree,2,disagree,,,,,,,,,,,,,,,,,,,,,,,,,,,,,,,,,,,,,,,,,,
421,31,Female,,Portugal,Further education,21-30,4.83,Monthly,Once every 3 months,6,6,3,5,5,7,6,6,3,5,2,2,12,8,12,12,8,4,2,disagree,3,neutral,4,agree,5,agree,3.50,4,agree,4,agree,4,agree,4,agree,4.00,5,agree,4,agree,2,disagree,3.67,2,disagree,4,agree,5,agree,3,neutral,2,disagree,4,agree,3,neutral,4,agree,5,agree,5,agree,4,agree,2,disagree,2,disagree,,,,,,,,,,,,,,,,,,,,,,,,,,,,,,,,,,,,,,,,,,
508,29,Male,,Spain,Postgraduate degree,1-10,4.33,Yearly,Once every 3 months,7,6,6,6,5,6,6,6,6,6,3,5,13,12,11,12,12,8,5,agree,4,agree,5,agree,3,neutral,4.25,4,agree,4,agree,4,agree,4,agree,4.00,4,agree,4,agree,3,neutral,3.67,3,neutral,4,agree,4,agree,4,agree,4,agree,2,disagree,1,disagree,1,disagree,1,disagree,1,disagree,1,disagree,3,neutral,2,disagree,,,,,,,,,,,,,,,,,,,,,,,,,,,,,,,,,,,,,,,,,,
262,27,Female,,The Netherlands,Postgraduate degree,1-10,3.50,Yearly,Once every 3 months,6,5,5,5,6,6,6,6,4,4,3,3,11,10,12,12,8,6,4,agree,4,agree,4,agree,4,agree,4.00,4,agree,4,agree,4,agree,4,agree,4.00,5,agree,5,agree,5,agree,5.00,3,neutral,3,neutral,4,agree,3,neutral,3,neutral,4,agree,1,disagree,4,agree,4,agree,4,agree,2,disagree,3,neutral,2,disagree,,,,,,,,,,,,,,,,,,,,,,,,,,,,,,,,,,,,,,,,,,
795,37,Male,,The Netherlands,Postgraduate degree,1-10,4.17,Monthly,Once every 3 months,5,6,5,5,5,5,3,5,2,6,2,5,11,10,10,8,8,7,2,disagree,1,disagree,3,neutral,3,neutral,2.25,2,disagree,4,agree,4,agree,2,disagree,3.00,4,agree,3,neutral,4,agree,3.67,3,neutral,4,agree,3,neutral,1,disagree,1,disagree,4,agree,3,neutral,2,disagree,4,agree,4,agree,4,agree,3,neutral,2,disagree,,,,,,,,,,,,,,,,,,,,,,,,,,,,,,,,,,,,,,,,,,
723,26,Other,Non-binary,United States of America,Undergraduate degree,11-20,3.83,Never,Once every 3 months,5,7,5,3,5,6,3,5,7,7,6,4,12,8,11,8,14,10,3,neutral,3,neutral,3,neutral,4,agree,3.25,4,agree,5,agree,4,agree,4,agree,4.25,5,agree,5,agree,5,agree,5.00,3,neutral,4,agree,5,agree,4,agree,5,agree,2,disagree,2,disagree,4,agree,4,agree,4,agree,4,agree,3,neutral,2,disagree,,,,,,,,,,,,,,,,,,,,,,,,,,,,,,,,,,,,,,,,,,
319,31,Male,,Sweden,Postgraduate degree,11-20,3.33,Never,Once every 3 months,4,5,2,2,5,6,6,6,5,4,5,2,9,4,11,12,9,7,1,disagree,3,neutral,1,disagree,1,disagree,1.50,5,agree,5,agree,4,agree,5,agree,4.75,4,agree,4,agree,5,agree,4.33,3,neutral,4,agree,4,agree,1,disagree,1,disagree,5,agree,4,agree,5,agree,5,agree,5,agree,4,agree,3,neutral,2,disagree,,,,,,,,,,,,,,,,,,,,,,,,,,,,,,,,,,,,,,,,,,
143,33,Male,,United States of America,Secondary school,21-30,3.00,Never,Once every 3 months,7,7,6,7,6,7,7,7,6,5,2,1,14,13,13,14,11,3,2,disagree,4,agree,3,neutral,3,neutral,3.00,4,agree,4,agree,4,agree,4,agree,4.00,5,agree,5,agree,2,disagree,4.00,1,disagree,5,agree,5,agree,1,disagree,4,agree,2,disagree,2,disagree,3,neutral,3,neutral,4,agree,3,neutral,4,agree,2,disagree,,,,,,,,,,,,,,,,,,,,,,,,,,,,,,,,,,,,,,,,,,
130,38,Female,,Slovenia,Undergraduate degree,11-20,4.17,Yearly,Once every 3 months,6,6,4,4,5,6,5,6,6,6,4,4,12,8,11,11,12,8,3,neutral,3,neutral,4,agree,4,agree,3.50,3,neutral,3,neutral,3,neutral,3,neutral,3.00,3,neutral,3,neutral,2,disagree,2.67,3,neutral,2,disagree,2,disagree,2,disagree,2,disagree,5,agree,2,disagree,5,agree,4,agree,5,agree,3,neutral,4,agree,2,disagree,,,,,,,,,,,,,,,,,,,,,,,,,,,,,,,,,,,,,,,,,,
527,22,Female,,United Kingdom,Undergraduate degree,1-10,3.33,Yearly,Once every 3 months,7,7,6,6,6,6,6,7,5,6,2,1,14,12,12,13,11,3,4,agree,5,agree,5,agree,5,agree,4.75,4,agree,4,agree,4,agree,4,agree,4.00,4,agree,5,agree,4,agree,4.33,2,disagree,3,neutral,4,agree,5,agree,4,agree,5,agree,3,neutral,3,neutral,5,agree,5,agree,4,agree,5,agree,2,disagree,,,,,,,,,,,,,,,,,,,,,,,,,,,,,,,,,,,,,,,,,,
538,24,Female,,United Kingdom,Postgraduate degree,21-30,4.50,Yearly,Once every 3 months,4,6,1,2,5,2,5,6,5,7,2,2,10,3,7,11,12,4,4,agree,4,agree,4,agree,4,agree,4.00,4,agree,4,agree,4,agree,4,agree,4.00,4,agree,4,agree,4,agree,4.00,4,agree,3,neutral,4,agree,4,agree,4,agree,4,agree,2,disagree,1,disagree,5,agree,5,agree,5,agree,5,agree,2,disagree,,,,,,,,,,,,,,,,,,,,,,,,,,,,,,,,,,,,,,,,,,
184,44,Male,,United Kingdom,Further education,11-20,4.33,Yearly,Once every 3 months,7,7,7,7,7,5,5,7,6,5,1,1,14,14,12,12,11,2,3,neutral,3,neutral,3,neutral,3,neutral,3.00,3,neutral,3,neutral,3,neutral,3,neutral,3.00,3,neutral,3,neutral,3,neutral,3.00,2,disagree,3,neutral,3,neutral,2,disagree,2,disagree,5,agree,4,agree,5,agree,5,agree,5,agree,5,agree,5,agree,2,disagree,,,,,,,,,,,,,,,,,,,,,,,,,,,,,,,,,,,,,,,,,,
658,19,Female,,United Kingdom,Further education,11-20,4.17,Once every 6 months,Once every 3 months,5,6,4,4,6,6,6,4,7,5,1,1,11,8,12,10,12,2,5,agree,4,agree,5,agree,5,agree,4.75,4,agree,5,agree,5,agree,5,agree,4.75,4,agree,5,agree,5,agree,4.67,2,disagree,5,agree,3,neutral,3,neutral,2,disagree,4,agree,2,disagree,3,neutral,3,neutral,3,neutral,1,disagree,1,disagree,3,neutral,,,,,,,,,,,,,,,,,,,,,,,,,,,,,,,,,,,,,,,,,,
174,28,Male,,Poland,Undergraduate degree,11-20,4.17,Yearly,Once every 3 months,7,6,5,5,7,7,4,6,6,6,4,3,13,10,14,10,12,7,3,neutral,3,neutral,1,disagree,3,neutral,2.50,3,neutral,3,neutral,2,disagree,2,disagree,2.50,5,agree,4,agree,5,agree,4.67,3,neutral,3,neutral,4,agree,1,disagree,3,neutral,3,neutral,4,agree,2,disagree,4,agree,4,agree,4,agree,1,disagree,3,neutral,,,,,,,,,,,,,,,,,,,,,,,,,,,,,,,,,,,,,,,,,,
627,28,Male,,United Kingdom,Postgraduate degree,11-20,2.83,Yearly,Once every 3 months,6,6,6,5,5,6,6,6,6,6,4,2,12,11,11,12,12,6,3,neutral,4,agree,3,neutral,3,neutral,3.25,4,agree,4,agree,4,agree,4,agree,4.00,4,agree,2,disagree,4,agree,3.33,3,neutral,2,disagree,4,agree,3,neutral,4,agree,4,agree,1,disagree,4,agree,5,agree,5,agree,4,agree,1,disagree,3,neutral,,,,,,,,,,,,,,,,,,,,,,,,,,,,,,,,,,,,,,,,,,
102,49,Male,,Portugal,Postgraduate degree,1-10,2.83,Yearly,Once every 3 months,5,5,5,6,3,5,6,7,2,7,1,3,10,11,8,13,9,4,4,agree,4,agree,3,neutral,5,agree,4.00,4,agree,5,agree,4,agree,5,agree,4.50,4,agree,5,agree,5,agree,4.67,1,disagree,2,disagree,4,agree,1,disagree,2,disagree,4,agree,4,agree,4,agree,4,agree,5,agree,5,agree,1,disagree,3,neutral,,,,,,,,,,,,,,,,,,,,,,,,,,,,,,,,,,,,,,,,,,
6,34,Male,,United Kingdom,Postgraduate degree,11-20,3.33,Monthly,Once every 3 months,6,6,3,3,6,5,5,6,7,6,5,5,12,6,11,11,13,10,3,neutral,2,disagree,3,neutral,3,neutral,2.75,2,disagree,2,disagree,2,disagree,2,disagree,2.00,2,disagree,2,disagree,2,disagree,2.00,2,disagree,2,disagree,2,disagree,1,disagree,1,disagree,2,disagree,2,disagree,3,neutral,2,disagree,3,neutral,2,disagree,2,disagree,3,neutral,,,,,,,,,,,,,,,,,,,,,,,,,,,,,,,,,,,,,,,,,,
552,42,Other,Non-binary,United States of America,None specified,31+,4.00,Yearly,Once every 3 months,6,6,2,2,5,4,3,4,5,6,4,4,12,4,9,7,11,8,4,agree,4,agree,4,agree,4,agree,4.00,5,agree,5,agree,5,agree,5,agree,5.00,3,neutral,3,neutral,3,neutral,3.00,3,neutral,3,neutral,4,agree,3,neutral,4,agree,5,agree,3,neutral,4,agree,4,agree,5,agree,2,disagree,2,disagree,3,neutral,,,,,,,,,,,,,,,,,,,,,,,,,,,,,,,,,,,,,,,,,,
20,33,Female,,Canada,Undergraduate degree,11-20,4.00,Yearly,Once every 3 months,5,4,4,3,4,5,5,5,6,6,2,3,9,7,9,10,12,5,3,neutral,4,agree,4,agree,3,neutral,3.50,4,agree,4,agree,4,agree,4,agree,4.00,5,agree,5,agree,5,agree,5.00,2,disagree,3,neutral,4,agree,1,disagree,1,disagree,2,disagree,3,neutral,3,neutral,2,disagree,4,agree,3,neutral,2,disagree,3,neutral,,,,,,,,,,,,,,,,,,,,,,,,,,,,,,,,,,,,,,,,,,
457,31,Female,,Australia,Postgraduate degree,11-20,4.33,Yearly,Once every 3 months,5,6,5,5,6,6,6,6,6,7,4,3,11,10,12,12,13,7,2,disagree,3,neutral,3,neutral,3,neutral,2.75,3,neutral,4,agree,4,agree,4,agree,3.75,4,agree,3,neutral,3,neutral,3.33,3,neutral,3,neutral,4,agree,3,neutral,3,neutral,3,neutral,2,disagree,3,neutral,3,neutral,4,agree,3,neutral,2,disagree,3,neutral,,,,,,,,,,,,,,,,,,,,,,,,,,,,,,,,,,,,,,,,,,
135,52,Male,,United Kingdom,Further education,21-30,3.33,Yearly,Once every 3 months,5,5,5,5,5,5,7,7,5,6,3,3,10,10,10,14,11,6,4,agree,4,agree,4,agree,4,agree,4.00,4,agree,5,agree,5,agree,4,agree,4.50,5,agree,4,agree,4,agree,4.33,3,neutral,4,agree,4,agree,5,agree,4,agree,4,agree,3,neutral,3,neutral,4,agree,4,agree,3,neutral,2,disagree,3,neutral,,,,,,,,,,,,,,,,,,,,,,,,,,,,,,,,,,,,,,,,,,
53,30,Male,,United Kingdom,Undergraduate degree,21-30,4.00,Once every 6 months,Once every 3 months,6,4,3,5,6,5,5,5,7,7,6,4,10,8,11,10,14,10,2,disagree,2,disagree,2,disagree,2,disagree,2.00,1,disagree,4,agree,2,disagree,3,neutral,2.50,2,disagree,4,agree,2,disagree,2.67,2,disagree,4,agree,1,disagree,4,agree,2,disagree,3,neutral,2,disagree,4,agree,4,agree,4,agree,3,neutral,2,disagree,3,neutral,,,,,,,,,,,,,,,,,,,,,,,,,,,,,,,,,,,,,,,,,,
564,30,Female,,Poland,Postgraduate degree,31+,2.67,Never,Once every 3 months,2,3,2,2,4,6,6,7,5,6,3,4,5,4,10,13,11,7,3,neutral,2,disagree,3,neutral,3,neutral,2.75,4,agree,4,agree,4,agree,4,agree,4.00,4,agree,2,disagree,1,disagree,2.33,1,disagree,3,neutral,5,agree,1,disagree,2,disagree,3,neutral,3,neutral,4,agree,4,agree,4,agree,4,agree,2,disagree,3,neutral,,,,,,,,,,,,,,,,,,,,,,,,,,,,,,,,,,,,,,,,,,
459,27,Female,,Sweden,Further education,31+,3.17,Never,Once every 3 months,6,5,5,4,4,7,7,6,4,5,2,1,11,9,11,13,9,3,3,neutral,3,neutral,4,agree,5,agree,3.75,5,agree,5,agree,5,agree,4,agree,4.75,4,agree,4,agree,3,neutral,3.67,3,neutral,2,disagree,5,agree,4,agree,4,agree,3,neutral,3,neutral,5,agree,4,agree,4,agree,4,agree,2,disagree,3,neutral,,,,,,,,,,,,,,,,,,,,,,,,,,,,,,,,,,,,,,,,,,
494,23,Female,,Sweden,Undergraduate degree,1-10,1.50,Never,Once every 3 months,5,5,4,3,4,6,6,6,6,5,2,2,10,7,10,12,11,4,3,neutral,2,disagree,2,disagree,3,neutral,2.50,2,disagree,4,agree,4,agree,4,agree,3.50,4,agree,5,agree,4,agree,4.33,1,disagree,1,disagree,1,disagree,2,disagree,1,disagree,4,agree,4,agree,3,neutral,5,agree,5,agree,4,agree,2,disagree,3,neutral,,,,,,,,,,,,,,,,,,,,,,,,,,,,,,,,,,,,,,,,,,
316,24,Other,,Portugal,Secondary school,21-30,4.50,Never,Once every 3 months,6,6,4,4,7,7,7,7,7,7,6,3,12,8,14,14,14,9,4,agree,4,agree,5,agree,5,agree,4.50,4,agree,4,agree,4,agree,4,agree,4.00,3,neutral,4,agree,4,agree,3.67,4,agree,4,agree,4,agree,2,disagree,2,disagree,3,neutral,3,neutral,4,agree,4,agree,4,agree,1,disagree,3,neutral,3,neutral,,,,,,,,,,,,,,,,,,,,,,,,,,,,,,,,,,,,,,,,,,
47,38,Female,,United Kingdom,Undergraduate degree,11-20,3.67,Yearly,Once every 3 months,7,6,4,5,5,6,6,6,4,6,2,2,13,9,11,12,10,4,4,agree,4,agree,4,agree,5,agree,4.25,3,neutral,3,neutral,3,neutral,3,neutral,3.00,4,agree,4,agree,3,neutral,3.67,4,agree,4,agree,5,agree,3,neutral,3,neutral,4,agree,4,agree,4,agree,4,agree,5,agree,1,disagree,3,neutral,3,neutral,,,,,,,,,,,,,,,,,,,,,,,,,,,,,,,,,,,,,,,,,,
560,26,Female,,United Kingdom,Undergraduate degree,1-10,2.83,Yearly,Once every 3 months,6,7,6,6,6,7,7,7,5,6,3,3,13,12,13,14,11,6,4,agree,4,agree,4,agree,4,agree,4.00,4,agree,4,agree,5,agree,4,agree,4.25,4,agree,2,disagree,2,disagree,2.67,5,agree,4,agree,4,agree,4,agree,4,agree,2,disagree,3,neutral,3,neutral,2,disagree,3,neutral,2,disagree,3,neutral,3,neutral,,,,,,,,,,,,,,,,,,,,,,,,,,,,,,,,,,,,,,,,,,
346,35,Female,,United Kingdom,Secondary school,11-20,3.00,Never,Once every 3 months,7,7,2,2,3,6,6,6,5,6,5,5,14,4,9,12,11,10,4,agree,4,agree,4,agree,3,neutral,3.75,3,neutral,4,agree,5,agree,4,agree,4.00,5,agree,4,agree,4,agree,4.33,3,neutral,3,neutral,3,neutral,4,agree,2,disagree,4,agree,4,agree,3,neutral,3,neutral,4,agree,2,disagree,3,neutral,3,neutral,,,,,,,,,,,,,,,,,,,,,,,,,,,,,,,,,,,,,,,,,,
19,35,Female,,United Kingdom,Further education,11-20,3.33,Never,Once every 3 months,6,6,6,5,6,6,7,7,6,6,5,4,12,11,12,14,12,9,4,agree,4,agree,4,agree,4,agree,4.00,4,agree,4,agree,4,agree,4,agree,4.00,4,agree,4,agree,3,neutral,3.67,3,neutral,4,agree,4,agree,4,agree,4,agree,2,disagree,2,disagree,2,disagree,4,agree,4,agree,2,disagree,3,neutral,3,neutral,,,,,,,,,,,,,,,,,,,,,,,,,,,,,,,,,,,,,,,,,,
138,25,Female,,United Kingdom,Postgraduate degree,1-10,4.17,Yearly,Once every 3 months,7,6,6,6,5,6,6,6,6,7,2,3,13,12,11,12,13,5,5,agree,4,agree,4,agree,4,agree,4.25,4,agree,4,agree,4,agree,4,agree,4.00,5,agree,4,agree,4,agree,4.33,2,disagree,2,disagree,4,agree,2,disagree,4,agree,2,disagree,3,neutral,1,disagree,2,disagree,2,disagree,3,neutral,3,neutral,3,neutral,,,,,,,,,,,,,,,,,,,,,,,,,,,,,,,,,,,,,,,,,,
357,26,Female,,Portugal,Undergraduate degree,1-10,2.00,Never,Once every 3 months,7,6,7,7,6,7,7,7,6,6,2,2,13,14,13,14,12,4,4,agree,4,agree,3,neutral,4,agree,3.75,4,agree,4,agree,4,agree,5,agree,4.25,4,agree,5,agree,4,agree,4.33,5,agree,5,agree,4,agree,2,disagree,5,agree,3,neutral,1,disagree,2,disagree,2,disagree,3,neutral,3,neutral,3,neutral,3,neutral,,,,,,,,,,,,,,,,,,,,,,,,,,,,,,,,,,,,,,,,,,
1,36,Female,,United Kingdom,Undergraduate degree,11-20,2.67,Yearly,Once every 3 months,5,4,4,2,6,7,7,6,4,6,1,2,9,6,13,13,10,3,4,agree,5,agree,5,agree,5,agree,4.75,5,agree,5,agree,5,agree,4,agree,4.75,4,agree,4,agree,5,agree,4.33,2,disagree,3,neutral,5,agree,4,agree,4,agree,4,agree,3,neutral,4,agree,4,agree,3,neutral,3,neutral,3,neutral,3,neutral,,,,,,,,,,,,,,,,,,,,,,,,,,,,,,,,,,,,,,,,,,
491,29,Female,,Portugal,Secondary school,11-20,4.50,Yearly,Once every 3 months,6,6,5,5,6,7,7,7,5,6,5,3,12,10,13,14,11,8,4,agree,3,neutral,4,agree,4,agree,3.75,4,agree,4,agree,4,agree,4,agree,4.00,4,agree,3,neutral,3,neutral,3.33,3,neutral,3,neutral,4,agree,4,agree,3,neutral,3,neutral,3,neutral,3,neutral,3,neutral,4,agree,3,neutral,3,neutral,3,neutral,,,,,,,,,,,,,,,,,,,,,,,,,,,,,,,,,,,,,,,,,,
566,28,Female,,Norway,Postgraduate degree,31+,3.33,Never,Once every 3 months,5,4,5,5,5,5,5,5,5,5,4,2,9,10,10,10,10,6,4,agree,4,agree,4,agree,4,agree,4.00,5,agree,4,agree,4,agree,4,agree,4.25,5,agree,4,agree,4,agree,4.33,1,disagree,4,agree,4,agree,3,neutral,2,disagree,5,agree,3,neutral,4,agree,4,agree,5,agree,3,neutral,3,neutral,3,neutral,,,,,,,,,,,,,,,,,,,,,,,,,,,,,,,,,,,,,,,,,,
240,62,Male,,United Kingdom,Undergraduate degree,1-10,3.00,Yearly,Once every 3 months,6,5,6,6,7,6,6,6,4,5,2,4,11,12,13,12,9,6,3,neutral,3,neutral,4,agree,3,neutral,3.25,4,agree,5,agree,4,agree,4,agree,4.25,5,agree,4,agree,4,agree,4.33,3,neutral,4,agree,2,disagree,3,neutral,1,disagree,3,neutral,5,agree,3,neutral,2,disagree,3,neutral,4,agree,3,neutral,3,neutral,,,,,,,,,,,,,,,,,,,,,,,,,,,,,,,,,,,,,,,,,,
435,35,Male,,United Kingdom,Undergraduate degree,11-20,4.17,Yearly,Once every 3 months,7,6,5,5,6,4,5,6,4,7,3,2,13,10,10,11,11,5,3,neutral,3,neutral,4,agree,3,neutral,3.25,5,agree,5,agree,5,agree,5,agree,5.00,3,neutral,3,neutral,2,disagree,2.67,3,neutral,4,agree,4,agree,1,disagree,3,neutral,3,neutral,3,neutral,4,agree,3,neutral,4,agree,4,agree,3,neutral,3,neutral,,,,,,,,,,,,,,,,,,,,,,,,,,,,,,,,,,,,,,,,,,
512,36,Female,,United States of America,Further education,21-30,4.67,Once every 6 months,Once every 3 months,7,7,7,7,7,7,7,7,6,5,5,2,14,14,14,14,11,7,4,agree,4,agree,4,agree,4,agree,4.00,4,agree,4,agree,4,agree,5,agree,4.25,5,agree,5,agree,3,neutral,4.33,2,disagree,5,agree,5,agree,3,neutral,4,agree,2,disagree,4,agree,4,agree,4,agree,4,agree,4,agree,3,neutral,3,neutral,,,,,,,,,,,,,,,,,,,,,,,,,,,,,,,,,,,,,,,,,,
663,33,Female,,United Kingdom,Undergraduate degree,1-10,4.50,Monthly,Once every 3 months,7,7,6,5,6,5,6,7,7,7,1,2,14,11,11,13,14,3,4,agree,4,agree,4,agree,5,agree,4.25,5,agree,5,agree,5,agree,4,agree,4.75,4,agree,5,agree,2,disagree,3.67,2,disagree,4,agree,4,agree,4,agree,2,disagree,4,agree,4,agree,4,agree,4,agree,4,agree,4,agree,3,neutral,3,neutral,,,,,,,,,,,,,,,,,,,,,,,,,,,,,,,,,,,,,,,,,,
294,29,Female,,United Kingdom,Undergraduate degree,11-20,3.83,Once every 3 months,Once every 3 months,7,7,7,6,6,6,7,7,7,5,1,1,14,13,12,14,12,2,4,agree,5,agree,5,agree,4,agree,4.50,5,agree,5,agree,5,agree,5,agree,5.00,5,agree,5,agree,5,agree,5.00,1,disagree,5,agree,4,agree,4,agree,5,agree,4,agree,4,agree,4,agree,4,agree,4,agree,4,agree,3,neutral,3,neutral,,,,,,,,,,,,,,,,,,,,,,,,,,,,,,,,,,,,,,,,,,
311,22,Female,,Italy,Undergraduate degree,11-20,2.00,Never,Once every 3 months,6,5,5,5,3,5,6,6,3,5,2,3,11,10,8,12,8,5,4,agree,5,agree,5,agree,4,agree,4.50,2,disagree,2,disagree,2,disagree,4,agree,2.50,4,agree,3,neutral,4,agree,3.67,1,disagree,4,agree,4,agree,2,disagree,3,neutral,4,agree,5,agree,4,agree,5,agree,4,agree,4,agree,3,neutral,3,neutral,,,,,,,,,,,,,,,,,,,,,,,,,,,,,,,,,,,,,,,,,,
563,29,Male,,United Kingdom,Undergraduate degree,11-20,4.83,Never,Once every 3 months,6,6,6,7,7,7,7,7,6,5,2,2,12,13,14,14,11,4,3,neutral,3,neutral,4,agree,5,agree,3.75,4,agree,4,agree,4,agree,4,agree,4.00,4,agree,5,agree,4,agree,4.33,4,agree,4,agree,4,agree,5,agree,4,agree,3,neutral,2,disagree,3,neutral,3,neutral,5,agree,4,agree,3,neutral,3,neutral,,,,,,,,,,,,,,,,,,,,,,,,,,,,,,,,,,,,,,,,,,
74,25,Female,,United Kingdom,Postgraduate degree,11-20,4.17,Yearly,Once every 3 months,6,6,6,6,5,6,7,6,5,6,2,3,12,12,11,13,11,5,3,neutral,3,neutral,3,neutral,4,agree,3.25,4,agree,4,agree,4,agree,4,agree,4.00,5,agree,5,agree,4,agree,4.67,4,agree,1,disagree,4,agree,2,disagree,2,disagree,4,agree,3,neutral,4,agree,4,agree,5,agree,4,agree,3,neutral,3,neutral,,,,,,,,,,,,,,,,,,,,,,,,,,,,,,,,,,,,,,,,,,
722,25,Female,,Portugal,Postgraduate degree,31+,3.67,Never,Once every 3 months,5,7,6,6,6,7,7,7,5,5,2,3,12,12,13,14,10,5,3,neutral,3,neutral,4,agree,5,agree,3.75,4,agree,4,agree,4,agree,4,agree,4.00,4,agree,4,agree,3,neutral,3.67,3,neutral,4,agree,5,agree,4,agree,5,agree,5,agree,4,agree,5,agree,4,agree,5,agree,4,agree,3,neutral,3,neutral,,,,,,,,,,,,,,,,,,,,,,,,,,,,,,,,,,,,,,,,,,
593,25,Male,,Hungary,Undergraduate degree,21-30,4.17,Never,Once every 3 months,7,6,6,6,7,7,7,7,6,7,3,2,13,12,14,14,13,5,3,neutral,4,agree,4,agree,4,agree,3.75,4,agree,5,agree,3,neutral,5,agree,4.25,5,agree,4,agree,4,agree,4.33,2,disagree,4,agree,4,agree,2,disagree,3,neutral,4,agree,4,agree,5,agree,5,agree,5,agree,4,agree,3,neutral,3,neutral,,,,,,,,,,,,,,,,,,,,,,,,,,,,,,,,,,,,,,,,,,
599,35,Male,,Canada,Secondary school,11-20,2.83,Never,Once every 3 months,7,7,6,6,7,7,6,7,6,7,3,3,14,12,14,13,13,6,4,agree,4,agree,5,agree,5,agree,4.50,4,agree,4,agree,4,agree,4,agree,4.00,4,agree,5,agree,4,agree,4.33,5,agree,5,agree,4,agree,4,agree,2,disagree,4,agree,5,agree,4,agree,4,agree,5,agree,5,agree,3,neutral,3,neutral,,,,,,,,,,,,,,,,,,,,,,,,,,,,,,,,,,,,,,,,,,
666,47,Male,,United Kingdom,Postgraduate degree,1-10,4.00,Monthly,Once every 3 months,5,6,5,4,5,6,2,6,3,6,3,2,11,9,11,8,9,5,4,agree,4,agree,4,agree,4,agree,4.00,5,agree,5,agree,5,agree,5,agree,5.00,4,agree,3,neutral,2,disagree,3.00,3,neutral,2,disagree,4,agree,4,agree,2,disagree,5,agree,4,agree,3,neutral,5,agree,5,agree,5,agree,3,neutral,3,neutral,,,,,,,,,,,,,,,,,,,,,,,,,,,,,,,,,,,,,,,,,,
539,52,Male,,United Kingdom,Undergraduate degree,11-20,3.33,Once every 6 months,Once every 3 months,6,6,3,3,6,5,6,7,6,6,2,5,12,6,11,13,12,7,4,agree,4,agree,3,neutral,4,agree,3.75,5,agree,4,agree,5,agree,4,agree,4.50,5,agree,3,neutral,4,agree,4.00,2,disagree,2,disagree,4,agree,4,agree,4,agree,4,agree,4,agree,5,agree,5,agree,5,agree,5,agree,3,neutral,3,neutral,,,,,,,,,,,,,,,,,,,,,,,,,,,,,,,,,,,,,,,,,,
147,27,Female,,Poland,Postgraduate degree,11-20,3.17,Yearly,Once every 3 months,7,7,6,5,6,7,7,7,7,7,3,4,14,11,13,14,14,7,4,agree,4,agree,4,agree,4,agree,4.00,2,disagree,4,agree,2,disagree,4,agree,3.00,4,agree,4,agree,3,neutral,3.67,2,disagree,4,agree,4,agree,5,agree,2,disagree,3,neutral,1,disagree,4,agree,3,neutral,5,agree,1,disagree,4,agree,3,neutral,,,,,,,,,,,,,,,,,,,,,,,,,,,,,,,,,,,,,,,,,,
382,36,Male,,The Netherlands,Postgraduate degree,1-10,1.83,Never,Once every 3 months,6,6,6,6,5,6,7,6,5,7,4,3,12,12,11,13,12,7,1,disagree,1,disagree,1,disagree,1,disagree,1.00,1,disagree,2,disagree,2,disagree,2,disagree,1.75,5,agree,1,disagree,1,disagree,2.33,3,neutral,1,disagree,2,disagree,1,disagree,1,disagree,4,agree,4,agree,4,agree,5,agree,4,agree,3,neutral,4,agree,3,neutral,,,,,,,,,,,,,,,,,,,,,,,,,,,,,,,,,,,,,,,,,,
189,35,Male,,Portugal,Undergraduate degree,1-10,4.17,Never,Once every 3 months,6,6,6,6,6,6,5,6,4,5,4,5,12,12,12,11,9,9,3,neutral,3,neutral,4,agree,4,agree,3.50,4,agree,4,agree,5,agree,4,agree,4.25,2,disagree,2,disagree,5,agree,3.00,3,neutral,2,disagree,2,disagree,3,neutral,2,disagree,4,agree,4,agree,4,agree,3,neutral,5,agree,3,neutral,4,agree,3,neutral,,,,,,,,,,,,,,,,,,,,,,,,,,,,,,,,,,,,,,,,,,
323,25,Female,,United Kingdom,Undergraduate degree,1-10,3.83,Never,Once every 3 months,6,6,6,5,6,7,7,7,5,7,2,4,12,11,13,14,12,6,5,agree,5,agree,5,agree,5,agree,5.00,4,agree,5,agree,5,agree,5,agree,4.75,4,agree,5,agree,5,agree,4.67,3,neutral,4,agree,5,agree,3,neutral,3,neutral,3,neutral,1,disagree,3,neutral,5,agree,4,agree,4,agree,4,agree,3,neutral,,,,,,,,,,,,,,,,,,,,,,,,,,,,,,,,,,,,,,,,,,
5,28,Female,,United Kingdom,Postgraduate degree,11-20,3.33,Never,Once every 3 months,7,7,6,6,7,5,5,6,4,4,2,2,14,12,12,11,8,4,5,agree,5,agree,5,agree,5,agree,5.00,4,agree,4,agree,4,agree,4,agree,4.00,5,agree,5,agree,4,agree,4.67,3,neutral,2,disagree,5,agree,2,disagree,3,neutral,5,agree,4,agree,4,agree,4,agree,5,agree,5,agree,4,agree,3,neutral,,,,,,,,,,,,,,,,,,,,,,,,,,,,,,,,,,,,,,,,,,
738,29,Female,,Austria,Undergraduate degree,11-20,3.83,Monthly,Once every 3 months,6,5,5,5,6,7,5,5,5,5,2,2,11,10,13,10,10,4,4,agree,4,agree,5,agree,5,agree,4.50,5,agree,5,agree,5,agree,5,agree,5.00,5,agree,4,agree,3,neutral,4.00,3,neutral,4,agree,5,agree,3,neutral,4,agree,4,agree,5,agree,5,agree,4,agree,5,agree,5,agree,4,agree,3,neutral,,,,,,,,,,,,,,,,,,,,,,,,,,,,,,,,,,,,,,,,,,
142,48,Male,,Norway,Undergraduate degree,11-20,4.33,Yearly,Once every 3 months,5,6,6,6,6,7,7,7,5,7,5,4,11,12,13,14,12,9,4,agree,4,agree,3,neutral,4,agree,3.75,5,agree,5,agree,4,agree,4,agree,4.50,5,agree,4,agree,5,agree,4.67,4,agree,1,disagree,3,neutral,1,disagree,2,disagree,4,agree,4,agree,4,agree,5,agree,5,agree,5,agree,4,agree,3,neutral,,,,,,,,,,,,,,,,,,,,,,,,,,,,,,,,,,,,,,,,,,
452,44,Male,,Denmark,Postgraduate degree,1-10,2.17,Yearly,Once every 3 months,5,6,2,3,7,7,7,7,4,7,2,1,11,5,14,14,11,3,3,neutral,3,neutral,2,disagree,4,agree,3.00,4,agree,4,agree,4,agree,4,agree,4.00,5,agree,5,agree,5,agree,5.00,2,disagree,4,agree,3,neutral,1,disagree,3,neutral,5,agree,4,agree,5,agree,5,agree,5,agree,5,agree,4,agree,3,neutral,,,,,,,,,,,,,,,,,,,,,,,,,,,,,,,,,,,,,,,,,,
740,31,Female,,Italy,Postgraduate degree,11-20,4.17,Yearly,Once every 3 months,5,4,4,4,5,7,7,5,6,6,5,5,9,8,12,12,12,10,3,neutral,3,neutral,4,agree,4,agree,3.50,4,agree,5,agree,5,agree,4,agree,4.50,5,agree,5,agree,4,agree,4.67,2,disagree,4,agree,4,agree,3,neutral,4,agree,3,neutral,1,disagree,4,agree,4,agree,4,agree,1,disagree,5,agree,3,neutral,,,,,,,,,,,,,,,,,,,,,,,,,,,,,,,,,,,,,,,,,,
360,60,Female,,United States of America,Secondary school,21-30,5.00,Once every 3 months,Once every 3 months,6,6,4,5,6,6,6,6,5,6,3,2,12,9,12,12,11,5,2,disagree,3,neutral,4,agree,3,neutral,3.00,5,agree,5,agree,3,neutral,5,agree,4.50,5,agree,4,agree,5,agree,4.67,4,agree,4,agree,5,agree,4,agree,1,disagree,2,disagree,4,agree,2,disagree,3,neutral,5,agree,5,agree,1,disagree,4,agree,,,,,,,,,,,,,,,,,,,,,,,,,,,,,,,,,,,,,,,,,,
140,54,Female,,United Kingdom,Undergraduate degree,21-30,4.00,Never,Once every 3 months,6,6,6,5,6,6,6,6,5,6,3,3,12,11,12,12,11,6,3,neutral,3,neutral,3,neutral,3,neutral,3.00,4,agree,5,agree,4,agree,3,neutral,4.00,5,agree,3,neutral,4,agree,4.00,3,neutral,4,agree,4,agree,4,agree,2,disagree,4,agree,4,agree,1,disagree,3,neutral,4,agree,4,agree,2,disagree,4,agree,,,,,,,,,,,,,,,,,,,,,,,,,,,,,,,,,,,,,,,,,,
640,54,Male,,United Kingdom,Postgraduate degree,21-30,3.67,Monthly,Once every 3 months,5,5,3,3,5,6,5,6,6,6,3,3,10,6,11,11,12,6,4,agree,3,neutral,3,neutral,3,neutral,3.25,4,agree,4,agree,4,agree,4,agree,4.00,5,agree,5,agree,4,agree,4.67,2,disagree,2,disagree,4,agree,3,neutral,4,agree,2,disagree,2,disagree,4,agree,3,neutral,5,agree,4,agree,2,disagree,4,agree,,,,,,,,,,,,,,,,,,,,,,,,,,,,,,,,,,,,,,,,,,
800,37,Female,,United Kingdom,Undergraduate degree,11-20,4.83,Never,Once every 3 months,6,6,5,4,5,6,6,7,4,5,5,2,12,9,11,13,9,7,4,agree,4,agree,4,agree,5,agree,4.25,5,agree,4,agree,5,agree,4,agree,4.50,4,agree,4,agree,4,agree,4.00,2,disagree,4,agree,5,agree,4,agree,4,agree,4,agree,3,neutral,5,agree,3,neutral,5,agree,4,agree,2,disagree,4,agree,,,,,,,,,,,,,,,,,,,,,,,,,,,,,,,,,,,,,,,,,,
571,25,Female,,Poland,Postgraduate degree,11-20,2.67,Yearly,Once every 3 months,5,6,2,1,4,5,6,5,7,6,5,5,11,3,9,11,13,10,4,agree,3,neutral,4,agree,4,agree,3.75,3,neutral,4,agree,4,agree,4,agree,3.75,4,agree,3,neutral,3,neutral,3.33,4,agree,3,neutral,4,agree,4,agree,2,disagree,5,agree,4,agree,4,agree,5,agree,5,agree,4,agree,2,disagree,4,agree,,,,,,,,,,,,,,,,,,,,,,,,,,,,,,,,,,,,,,,,,,
794,36,Female,,Germany,Postgraduate degree,1-10,3.33,Monthly,Once every 3 months,6,6,5,3,7,7,5,7,5,6,2,3,12,8,14,12,11,5,3,neutral,4,agree,5,agree,4,agree,4.00,4,agree,5,agree,5,agree,4,agree,4.50,4,agree,3,neutral,1,disagree,2.67,3,neutral,1,disagree,4,agree,2,disagree,3,neutral,4,agree,4,agree,5,agree,5,agree,5,agree,2,disagree,3,neutral,4,agree,,,,,,,,,,,,,,,,,,,,,,,,,,,,,,,,,,,,,,,,,,
304,30,Male,,Spain,Undergraduate degree,11-20,2.67,Yearly,Once every 3 months,5,4,5,5,5,6,6,6,5,6,5,3,9,10,11,12,11,8,2,disagree,3,neutral,4,agree,3,neutral,3.00,4,agree,4,agree,4,agree,4,agree,4.00,4,agree,4,agree,3,neutral,3.67,3,neutral,4,agree,3,neutral,2,disagree,2,disagree,4,agree,4,agree,4,agree,5,agree,4,agree,3,neutral,3,neutral,4,agree,,,,,,,,,,,,,,,,,,,,,,,,,,,,,,,,,,,,,,,,,,
90,28,Female,,United Kingdom,Postgraduate degree,1-10,3.33,Yearly,Once every 3 months,5,6,3,3,5,5,5,6,5,5,1,3,11,6,10,11,10,4,4,agree,4,agree,4,agree,5,agree,4.25,4,agree,4,agree,4,agree,4,agree,4.00,5,agree,5,agree,5,agree,5.00,3,neutral,4,agree,4,agree,2,disagree,4,agree,5,agree,5,agree,5,agree,5,agree,5,agree,3,neutral,3,neutral,4,agree,,,,,,,,,,,,,,,,,,,,,,,,,,,,,,,,,,,,,,,,,,
616,31,Female,,United States of America,Postgraduate degree,1-10,3.17,Never,Once every 3 months,6,5,5,5,6,7,6,6,5,6,1,2,11,10,13,12,11,3,5,agree,5,agree,5,agree,5,agree,5.00,5,agree,5,agree,5,agree,4,agree,4.75,4,agree,5,agree,4,agree,4.33,2,disagree,4,agree,4,agree,4,agree,5,agree,4,agree,2,disagree,3,neutral,4,agree,4,agree,4,agree,3,neutral,4,agree,,,,,,,,,,,,,,,,,,,,,,,,,,,,,,,,,,,,,,,,,,
78,31,Male,,United Kingdom,Secondary school,11-20,2.33,Never,Once every 3 months,5,2,5,5,5,7,7,7,6,6,3,2,7,10,12,14,12,5,3,neutral,4,agree,3,neutral,4,agree,3.50,4,agree,4,agree,4,agree,4,agree,4.00,3,neutral,2,disagree,1,disagree,2.00,2,disagree,3,neutral,5,agree,2,disagree,1,disagree,4,agree,1,disagree,4,agree,4,agree,5,agree,4,agree,3,neutral,4,agree,,,,,,,,,,,,,,,,,,,,,,,,,,,,,,,,,,,,,,,,,,
534,59,Male,,United Kingdom,Undergraduate degree,21-30,3.83,Yearly,Once every 3 months,5,5,6,3,6,7,5,5,7,6,5,6,10,9,13,10,13,11,3,neutral,4,agree,3,neutral,5,agree,3.75,4,agree,5,agree,4,agree,5,agree,4.50,4,agree,4,agree,3,neutral,3.67,3,neutral,3,neutral,3,neutral,2,disagree,4,agree,4,agree,3,neutral,5,agree,4,agree,5,agree,4,agree,3,neutral,4,agree,,,,,,,,,,,,,,,,,,,,,,,,,,,,,,,,,,,,,,,,,,
711,25,Male,,United Kingdom,Undergraduate degree,11-20,4.00,Yearly,Once every 3 months,4,5,5,5,5,7,7,6,7,6,3,6,9,10,12,13,13,9,4,agree,5,agree,4,agree,5,agree,4.50,5,agree,4,agree,5,agree,5,agree,4.75,4,agree,4,agree,5,agree,4.33,2,disagree,3,neutral,4,agree,5,agree,2,disagree,5,agree,4,agree,4,agree,5,agree,5,agree,4,agree,3,neutral,4,agree,,,,,,,,,,,,,,,,,,,,,,,,,,,,,,,,,,,,,,,,,,
598,33,Female,,United Kingdom,Undergraduate degree,11-20,4.50,Yearly,Once every 3 months,6,6,5,5,5,6,7,6,5,5,3,3,12,10,11,13,10,6,2,disagree,2,disagree,3,neutral,3,neutral,2.50,4,agree,4,agree,4,agree,4,agree,4.00,4,agree,4,agree,4,agree,4.00,3,neutral,5,agree,4,agree,1,disagree,2,disagree,3,neutral,4,agree,4,agree,4,agree,5,agree,5,agree,3,neutral,4,agree,,,,,,,,,,,,,,,,,,,,,,,,,,,,,,,,,,,,,,,,,,
40,33,Female,,United States of America,Further education,1-10,4.17,Never,Once every 3 months,7,7,4,6,6,6,6,7,4,5,4,2,14,10,12,13,9,6,5,agree,3,neutral,4,agree,5,agree,4.25,5,agree,5,agree,5,agree,4,agree,4.75,3,neutral,3,neutral,3,neutral,3.00,3,neutral,2,disagree,1,disagree,2,disagree,1,disagree,5,agree,4,agree,4,agree,5,agree,5,agree,5,agree,3,neutral,4,agree,,,,,,,,,,,,,,,,,,,,,,,,,,,,,,,,,,,,,,,,,,
301,53,Male,,United Kingdom,Further education,11-20,3.17,Yearly,Once every 3 months,6,5,3,2,5,5,5,6,4,5,4,4,11,5,10,11,9,8,3,neutral,3,neutral,2,disagree,4,agree,3.00,2,disagree,3,neutral,2,disagree,3,neutral,2.50,3,neutral,4,agree,2,disagree,3.00,2,disagree,4,agree,4,agree,2,disagree,2,disagree,5,agree,4,agree,4,agree,5,agree,5,agree,5,agree,3,neutral,4,agree,,,,,,,,,,,,,,,,,,,,,,,,,,,,,,,,,,,,,,,,,,
276,28,Female,,Poland,Postgraduate degree,1-10,5.00,Yearly,Once every 3 months,5,7,4,5,6,6,7,6,3,6,2,2,12,9,12,13,9,4,4,agree,3,neutral,5,agree,4,agree,4.00,5,agree,5,agree,5,agree,4,agree,4.75,3,neutral,3,neutral,2,disagree,2.67,2,disagree,4,agree,3,neutral,2,disagree,5,agree,5,agree,3,neutral,5,agree,5,agree,5,agree,5,agree,3,neutral,4,agree,,,,,,,,,,,,,,,,,,,,,,,,,,,,,,,,,,,,,,,,,,
597,50,Female,,United Kingdom,Secondary school,1-10,4.00,Never,Once every 3 months,7,6,5,3,6,5,5,5,5,6,2,2,13,8,11,10,11,4,4,agree,5,agree,5,agree,4,agree,4.50,5,agree,5,agree,4,agree,5,agree,4.75,5,agree,5,agree,4,agree,4.67,4,agree,4,agree,3,neutral,4,agree,3,neutral,5,agree,4,agree,5,agree,5,agree,5,agree,5,agree,3,neutral,4,agree,,,,,,,,,,,,,,,,,,,,,,,,,,,,,,,,,,,,,,,,,,
463,36,Female,,United States of America,Further education,11-20,3.67,Yearly,Once every 3 months,7,7,5,5,6,7,7,7,6,7,5,2,14,10,13,14,13,7,5,agree,5,agree,5,agree,5,agree,5.00,5,agree,5,agree,5,agree,5,agree,5.00,5,agree,5,agree,5,agree,5.00,5,agree,5,agree,5,agree,5,agree,4,agree,4,agree,3,neutral,4,agree,2,disagree,5,agree,1,disagree,4,agree,4,agree,,,,,,,,,,,,,,,,,,,,,,,,,,,,,,,,,,,,,,,,,,
267,25,Female,,Portugal,Postgraduate degree,11-20,3.83,Yearly,Once every 3 months,7,7,7,7,7,7,7,7,6,7,7,3,14,14,14,14,13,10,5,agree,4,agree,4,agree,5,agree,4.50,4,agree,4,agree,4,agree,4,agree,4.00,4,agree,4,agree,4,agree,4.00,4,agree,4,agree,5,agree,5,agree,4,agree,2,disagree,3,neutral,3,neutral,4,agree,4,agree,2,disagree,4,agree,4,agree,,,,,,,,,,,,,,,,,,,,,,,,,,,,,,,,,,,,,,,,,,
100,26,Male,,Italy,Further education,31+,3.33,Never,Once every 3 months,6,7,3,3,3,7,7,6,7,6,1,2,13,6,10,13,13,3,3,neutral,3,neutral,3,neutral,3,neutral,3.00,4,agree,5,agree,4,agree,5,agree,4.50,5,agree,4,agree,5,agree,4.67,3,neutral,1,disagree,5,agree,4,agree,3,neutral,4,agree,3,neutral,2,disagree,2,disagree,4,agree,3,neutral,4,agree,4,agree,,,,,,,,,,,,,,,,,,,,,,,,,,,,,,,,,,,,,,,,,,
306,42,Male,,United Kingdom,Further education,11-20,3.33,Never,Once every 3 months,5,4,4,3,3,7,7,6,4,5,1,2,9,7,10,13,9,3,1,disagree,1,disagree,1,disagree,3,neutral,1.50,1,disagree,1,disagree,1,disagree,1,disagree,1.00,3,neutral,3,neutral,2,disagree,2.67,4,agree,1,disagree,1,disagree,1,disagree,1,disagree,4,agree,3,neutral,2,disagree,4,agree,4,agree,3,neutral,4,agree,4,agree,,,,,,,,,,,,,,,,,,,,,,,,,,,,,,,,,,,,,,,,,,
237,29,Male,,Portugal,Secondary school,31+,3.83,Yearly,Once every 3 months,7,6,6,7,5,6,6,5,5,5,2,2,13,13,11,11,10,4,3,neutral,3,neutral,3,neutral,4,agree,3.25,4,agree,4,agree,4,agree,4,agree,4.00,4,agree,4,agree,4,agree,4.00,3,neutral,4,agree,5,agree,4,agree,4,agree,4,agree,2,disagree,4,agree,4,agree,4,agree,3,neutral,4,agree,4,agree,,,,,,,,,,,,,,,,,,,,,,,,,,,,,,,,,,,,,,,,,,
361,50,Male,,United States of America,Further education,1-10,4.83,Never,Once every 3 months,6,6,4,3,5,6,6,6,5,6,3,3,12,7,11,12,11,6,5,agree,5,agree,5,agree,5,agree,5.00,5,agree,5,agree,5,agree,5,agree,5.00,5,agree,5,agree,5,agree,5.00,4,agree,5,agree,4,agree,2,disagree,2,disagree,4,agree,3,neutral,4,agree,4,agree,4,agree,3,neutral,4,agree,4,agree,,,,,,,,,,,,,,,,,,,,,,,,,,,,,,,,,,,,,,,,,,
167,29,Female,,Australia,Undergraduate degree,21-30,2.67,Never,Once every 3 months,7,7,7,7,6,6,7,7,6,6,2,4,14,14,12,14,12,6,4,agree,3,neutral,4,agree,5,agree,4.00,5,agree,5,agree,5,agree,5,agree,5.00,3,neutral,4,agree,1,disagree,2.67,5,agree,5,agree,3,neutral,1,disagree,3,neutral,4,agree,3,neutral,2,disagree,4,agree,3,neutral,4,agree,4,agree,4,agree,,,,,,,,,,,,,,,,,,,,,,,,,,,,,,,,,,,,,,,,,,
603,25,Male,,United Kingdom,Postgraduate degree,1-10,2.83,Never,Once every 3 months,5,5,5,6,5,7,7,7,4,6,4,2,10,11,12,14,10,6,3,neutral,3,neutral,4,agree,3,neutral,3.25,5,agree,5,agree,5,agree,5,agree,5.00,4,agree,4,agree,3,neutral,3.67,3,neutral,4,agree,4,agree,2,disagree,3,neutral,4,agree,4,agree,4,agree,3,neutral,4,agree,4,agree,4,agree,4,agree,,,,,,,,,,,,,,,,,,,,,,,,,,,,,,,,,,,,,,,,,,
380,26,Female,,United Kingdom,Secondary school,21-30,3.50,Monthly,Once every 3 months,6,6,6,5,6,6,6,6,3,2,2,2,12,11,12,12,5,4,4,agree,4,agree,4,agree,4,agree,4.00,4,agree,4,agree,4,agree,4,agree,4.00,3,neutral,4,agree,3,neutral,3.33,3,neutral,4,agree,5,agree,4,agree,4,agree,1,disagree,4,agree,4,agree,4,agree,4,agree,4,agree,4,agree,4,agree,,,,,,,,,,,,,,,,,,,,,,,,,,,,,,,,,,,,,,,,,,
501,33,Female,,United Kingdom,Postgraduate degree,11-20,2.83,Never,Once every 3 months,6,6,2,2,4,5,7,7,2,5,1,1,12,4,9,14,7,2,5,agree,4,agree,5,agree,5,agree,4.75,5,agree,5,agree,5,agree,5,agree,5.00,4,agree,4,agree,2,disagree,3.33,4,agree,4,agree,2,disagree,3,neutral,2,disagree,4,agree,4,agree,4,agree,4,agree,4,agree,4,agree,4,agree,4,agree,,,,,,,,,,,,,,,,,,,,,,,,,,,,,,,,,,,,,,,,,,
105,36,Male,,Hungary,Undergraduate degree,11-20,4.00,Yearly,Once every 3 months,6,6,4,2,6,6,7,7,6,7,5,1,12,6,12,14,13,6,1,disagree,3,neutral,1,disagree,3,neutral,2.00,2,disagree,3,neutral,1,disagree,2,disagree,2.00,4,agree,4,agree,3,neutral,3.67,3,neutral,4,agree,3,neutral,1,disagree,4,agree,4,agree,3,neutral,4,agree,5,agree,4,agree,4,agree,4,agree,4,agree,,,,,,,,,,,,,,,,,,,,,,,,,,,,,,,,,,,,,,,,,,
208,31,Male,,Spain,Undergraduate degree,21-30,3.50,Never,Once every 3 months,5,6,4,5,5,5,7,7,5,5,1,3,11,9,10,14,10,4,4,agree,3,neutral,4,agree,5,agree,4.00,4,agree,4,agree,4,agree,5,agree,4.25,3,neutral,3,neutral,4,agree,3.33,3,neutral,3,neutral,4,agree,2,disagree,3,neutral,2,disagree,3,neutral,3,neutral,5,agree,5,agree,4,agree,4,agree,4,agree,,,,,,,,,,,,,,,,,,,,,,,,,,,,,,,,,,,,,,,,,,
645,31,Male,,United Kingdom,Further education,31+,4.00,Once every 6 months,Once every 3 months,5,6,6,6,4,5,7,7,5,6,3,6,11,12,9,14,11,9,4,agree,4,agree,5,agree,5,agree,4.50,4,agree,4,agree,5,agree,3,neutral,4.00,5,agree,4,agree,4,agree,4.33,3,neutral,4,agree,4,agree,4,agree,5,agree,5,agree,4,agree,4,agree,4,agree,4,agree,5,agree,4,agree,4,agree,,,,,,,,,,,,,,,,,,,,,,,,,,,,,,,,,,,,,,,,,,
228,38,Male,,United Kingdom,Undergraduate degree,11-20,3.17,Never,Once every 3 months,6,5,4,5,4,4,4,6,6,6,5,4,11,9,8,10,12,9,4,agree,3,neutral,3,neutral,4,agree,3.50,4,agree,4,agree,4,agree,4,agree,4.00,5,agree,4,agree,3,neutral,4.00,2,disagree,1,disagree,1,disagree,1,disagree,1,disagree,5,agree,5,agree,4,agree,5,agree,4,agree,5,agree,4,agree,4,agree,,,,,,,,,,,,,,,,,,,,,,,,,,,,,,,,,,,,,,,,,,
213,23,Female,,United Kingdom,Undergraduate degree,11-20,4.00,Never,Once every 3 months,6,5,4,2,5,4,4,6,6,6,2,3,11,6,9,10,12,5,4,agree,5,agree,5,agree,5,agree,4.75,5,agree,5,agree,5,agree,5,agree,5.00,5,agree,5,agree,4,agree,4.67,5,agree,5,agree,5,agree,2,disagree,2,disagree,4,agree,3,neutral,4,agree,5,agree,5,agree,5,agree,4,agree,4,agree,,,,,,,,,,,,,,,,,,,,,,,,,,,,,,,,,,,,,,,,,,
10,28,Male,,Czechia,Secondary school,31+,3.67,Once every 3 months,Once every 3 months,6,5,2,2,7,7,7,5,5,7,5,2,11,4,14,12,12,7,2,disagree,1,disagree,3,neutral,2,disagree,2.00,4,agree,4,agree,4,agree,4,agree,4.00,3,neutral,3,neutral,1,disagree,2.33,5,agree,4,agree,4,agree,2,disagree,1,disagree,5,agree,5,agree,4,agree,5,agree,5,agree,5,agree,4,agree,4,agree,,,,,,,,,,,,,,,,,,,,,,,,,,,,,,,,,,,,,,,,,,
42,34,Male,,Slovenia,Postgraduate degree,11-20,2.67,Never,Once every 3 months,4,3,2,2,6,6,6,6,4,7,2,2,7,4,12,12,11,4,4,agree,4,agree,3,neutral,4,agree,3.75,4,agree,4,agree,4,agree,4,agree,4.00,4,agree,4,agree,4,agree,4.00,2,disagree,3,neutral,4,agree,2,disagree,4,agree,3,neutral,4,agree,3,neutral,5,agree,4,agree,1,disagree,5,agree,4,agree,,,,,,,,,,,,,,,,,,,,,,,,,,,,,,,,,,,,,,,,,,
418,23,Female,,Germany,Undergraduate degree,11-20,2.67,Never,Once every 3 months,5,5,5,5,5,5,5,6,6,6,3,3,10,10,10,11,12,6,2,disagree,1,disagree,1,disagree,3,neutral,1.75,2,disagree,1,disagree,2,disagree,1,disagree,1.50,3,neutral,2,disagree,2,disagree,2.33,3,neutral,1,disagree,3,neutral,2,disagree,2,disagree,5,agree,5,agree,4,agree,4,agree,3,neutral,4,agree,5,agree,4,agree,,,,,,,,,,,,,,,,,,,,,,,,,,,,,,,,,,,,,,,,,,
28,33,Male,,United States of America,Further education,11-20,2.50,Never,Once every 3 months,5,5,4,5,4,6,6,6,6,6,2,3,10,9,10,12,12,5,2,disagree,2,disagree,3,neutral,3,neutral,2.50,2,disagree,2,disagree,2,disagree,2,disagree,2.00,4,agree,2,disagree,2,disagree,2.67,3,neutral,2,disagree,2,disagree,2,disagree,2,disagree,4,agree,4,agree,4,agree,5,agree,5,agree,4,agree,5,agree,4,agree,,,,,,,,,,,,,,,,,,,,,,,,,,,,,,,,,,,,,,,,,,
595,48,Female,,United States of America,Further education,11-20,3.67,Never,Once every 3 months,7,7,6,6,7,7,7,7,6,7,2,1,14,12,14,14,13,3,4,agree,4,agree,4,agree,3,neutral,3.75,5,agree,5,agree,5,agree,5,agree,5.00,5,agree,4,agree,5,agree,4.67,2,disagree,5,agree,3,neutral,3,neutral,2,disagree,5,agree,3,neutral,4,agree,5,agree,5,agree,5,agree,2,disagree,5,agree,,,,,,,,,,,,,,,,,,,,,,,,,,,,,,,,,,,,,,,,,,
34,31,Male,,Portugal,Undergraduate degree,11-20,4.00,Yearly,Once every 3 months,5,4,5,6,6,5,5,6,5,5,6,4,9,11,11,11,10,10,4,agree,4,agree,4,agree,4,agree,4.00,4,agree,3,neutral,5,agree,4,agree,4.00,4,agree,4,agree,4,agree,4.00,4,agree,4,agree,4,agree,4,agree,4,agree,4,agree,5,agree,5,agree,5,agree,4,agree,1,disagree,4,agree,5,agree,,,,,,,,,,,,,,,,,,,,,,,,,,,,,,,,,,,,,,,,,,
173,25,Female,,United Kingdom,Postgraduate degree,21-30,3.17,Never,Once every 3 months,6,5,5,5,5,6,6,6,6,6,4,5,11,10,11,12,12,9,3,neutral,3,neutral,4,agree,4,agree,3.50,4,agree,4,agree,4,agree,4,agree,4.00,5,agree,3,neutral,4,agree,4.00,3,neutral,1,disagree,4,agree,4,agree,2,disagree,4,agree,2,disagree,4,agree,5,agree,4,agree,4,agree,4,agree,5,agree,,,,,,,,,,,,,,,,,,,,,,,,,,,,,,,,,,,,,,,,,,
572,40,Male,,Germany,Postgraduate degree,21-30,3.67,Monthly,Once every 3 months,7,6,7,5,7,6,5,7,5,5,1,1,13,12,13,12,10,2,5,agree,5,agree,5,agree,5,agree,5.00,5,agree,5,agree,5,agree,5,agree,5.00,5,agree,5,agree,5,agree,5.00,1,disagree,5,agree,5,agree,5,agree,5,agree,5,agree,2,disagree,5,agree,5,agree,5,agree,4,agree,4,agree,5,agree,,,,,,,,,,,,,,,,,,,,,,,,,,,,,,,,,,,,,,,,,,
115,24,Male,,Spain,Undergraduate degree,11-20,2.83,Never,Once every 3 months,2,3,1,2,2,3,5,1,6,6,4,5,5,3,5,6,12,9,3,neutral,3,neutral,2,disagree,2,disagree,2.50,2,disagree,2,disagree,3,neutral,2,disagree,2.25,3,neutral,2,disagree,3,neutral,2.67,2,disagree,3,neutral,4,agree,1,disagree,1,disagree,5,agree,5,agree,5,agree,5,agree,5,agree,4,agree,4,agree,5,agree,,,,,,,,,,,,,,,,,,,,,,,,,,,,,,,,,,,,,,,,,,
814,49,Male,,United States of America,Further education,21-30,4.83,Never,Once every 3 months,7,7,6,5,6,7,7,7,5,7,1,2,14,11,13,14,12,3,5,agree,5,agree,5,agree,5,agree,5.00,5,agree,5,agree,5,agree,5,agree,5.00,5,agree,5,agree,5,agree,5.00,1,disagree,4,agree,5,agree,5,agree,3,neutral,5,agree,5,agree,5,agree,5,agree,5,agree,4,agree,4,agree,5,agree,,,,,,,,,,,,,,,,,,,,,,,,,,,,,,,,,,,,,,,,,,
519,20,Male,,Germany,Further education,11-20,4.33,Never,Once every 3 months,5,5,6,3,6,6,5,6,6,6,3,5,10,9,12,11,12,8,4,agree,3,neutral,4,agree,4,agree,3.75,4,agree,4,agree,5,agree,4,agree,4.25,4,agree,3,neutral,4,agree,3.67,4,agree,4,agree,3,neutral,3,neutral,3,neutral,5,agree,5,agree,5,agree,5,agree,5,agree,5,agree,4,agree,5,agree,,,,,,,,,,,,,,,,,,,,,,,,,,,,,,,,,,,,,,,,,,
232,24,Male,,Portugal,Further education,21-30,3.33,Never,Once every 3 months,7,6,7,7,2,7,7,6,4,3,2,2,13,14,9,13,7,4,4,agree,4,agree,4,agree,5,agree,4.25,5,agree,5,agree,5,agree,5,agree,5.00,5,agree,4,agree,5,agree,4.67,4,agree,4,agree,5,agree,2,disagree,2,disagree,4,agree,4,agree,4,agree,4,agree,4,agree,2,disagree,5,agree,5,agree,,,,,,,,,,,,,,,,,,,,,,,,,,,,,,,,,,,,,,,,,,
470,58,Female,,United States of America,None specified,1-10,3.17,Never,Once every 3 months,6,5,3,3,4,4,5,5,6,5,2,4,11,6,8,10,11,6,3,neutral,3,neutral,3,neutral,3,neutral,3.00,3,neutral,3,neutral,3,neutral,3,neutral,3.00,3,neutral,3,neutral,3,neutral,3.00,3,neutral,3,neutral,3,neutral,3,neutral,3,neutral,4,agree,4,agree,4,agree,4,agree,5,agree,4,agree,5,agree,5,agree,,,,,,,,,,,,,,,,,,,,,,,,,,,,,,,,,,,,,,,,,,
656,21,Female,,United Kingdom,None specified,1-10,3.00,Never,Once every 3 months,5,5,4,2,5,6,6,6,3,6,3,3,10,6,11,12,9,6,3,neutral,4,agree,4,agree,4,agree,3.75,5,agree,5,agree,5,agree,5,agree,5.00,5,agree,5,agree,4,agree,4.67,3,neutral,4,agree,3,neutral,3,neutral,3,neutral,4,agree,5,agree,4,agree,1,disagree,5,agree,5,agree,5,agree,5,agree,,,,,,,,,,,,,,,,,,,,,,,,,,,,,,,,,,,,,,,,,,
385,37,Male,,United States of America,Postgraduate degree,11-20,1.83,Never,Once every 3 months,7,7,7,7,7,7,7,7,7,7,5,4,14,14,14,14,14,9,4,agree,4,agree,4,agree,4,agree,4.00,4,agree,5,agree,4,agree,5,agree,4.50,5,agree,5,agree,4,agree,4.67,3,neutral,4,agree,4,agree,5,agree,4,agree,5,agree,5,agree,4,agree,5,agree,5,agree,5,agree,5,agree,5,agree,,,,,,,,,,,,,,,,,,,,,,,,,,,,,,,,,,,,,,,,,,
660,43,Male,,United Kingdom,Further education,11-20,3.50,Never,Once every 3 months,4,5,5,5,2,6,6,5,5,5,5,5,9,10,8,11,10,10,1,disagree,1,disagree,1,disagree,1,disagree,1.00,1,disagree,1,disagree,1,disagree,1,disagree,1.00,1,disagree,1,disagree,1,disagree,1.00,3,neutral,1,disagree,3,neutral,1,disagree,1,disagree,5,agree,5,agree,5,agree,5,agree,5,agree,5,agree,5,agree,5,agree,,,,,,,,,,,,,,,,,,,,,,,,,,,,,,,,,,,,,,,,,,
692,20,Female,,Belgium,Further education,11-20,3.83,Never,Once every 3 months,7,6,6,5,5,6,5,5,7,5,3,6,13,11,11,10,12,9,4,agree,4,agree,4,agree,4,agree,4.00,3,neutral,4,agree,4,agree,3,neutral,3.50,5,agree,5,agree,4,agree,4.67,4,agree,4,agree,3,neutral,1,disagree,4,agree,5,agree,5,agree,5,agree,5,agree,5,agree,5,agree,5,agree,5,agree,,,,,,,,,,,,,,,,,,,,,,,,,,,,,,,,,,,,,,,,,,
411,30,Male,,The Netherlands,Undergraduate degree,21-30,2.17,Never,Once every 6 months,4,5,2,2,7,7,6,6,5,5,4,5,9,4,14,12,10,9,1,disagree,1,disagree,3,neutral,1,disagree,1.50,4,agree,4,agree,4,agree,4,agree,4.00,1,disagree,1,disagree,1,disagree,1.00,3,neutral,2,disagree,4,agree,1,disagree,1,disagree,1,disagree,1,disagree,1,disagree,1,disagree,1,disagree,1,disagree,1,disagree,1,disagree,,,,,,,,,,,,,,,,,,,,,,,,,,,,,,,,,,,,,,,,,,
579,29,Female,,Germany,Further education,1-10,3.33,Never,Once every 6 months,5,5,4,4,3,3,5,6,6,5,2,4,10,8,6,11,11,6,3,neutral,4,agree,3,neutral,4,agree,3.50,4,agree,4,agree,4,agree,4,agree,4.00,2,disagree,3,neutral,2,disagree,2.33,4,agree,2,disagree,3,neutral,2,disagree,1,disagree,1,disagree,1,disagree,1,disagree,1,disagree,1,disagree,1,disagree,1,disagree,1,disagree,,,,,,,,,,,,,,,,,,,,,,,,,,,,,,,,,,,,,,,,,,
145,43,Male,,Spain,Undergraduate degree,11-20,3.50,Never,Once every 6 months,5,5,6,6,6,7,7,7,6,7,4,5,10,12,13,14,13,9,3,neutral,3,neutral,3,neutral,3,neutral,3.00,4,agree,4,agree,4,agree,4,agree,4.00,3,neutral,3,neutral,3,neutral,3.00,3,neutral,3,neutral,4,agree,3,neutral,3,neutral,1,disagree,1,disagree,1,disagree,1,disagree,1,disagree,1,disagree,1,disagree,1,disagree,,,,,,,,,,,,,,,,,,,,,,,,,,,,,,,,,,,,,,,,,,
480,37,Female,,United Kingdom,Postgraduate degree,1-10,3.50,Yearly,Once every 6 months,6,5,6,6,7,6,6,6,5,6,5,3,11,12,13,12,11,8,4,agree,4,agree,4,agree,4,agree,4.00,4,agree,4,agree,4,agree,4,agree,4.00,4,agree,4,agree,4,agree,4.00,3,neutral,4,agree,4,agree,4,agree,3,neutral,1,disagree,1,disagree,3,neutral,1,disagree,1,disagree,1,disagree,1,disagree,1,disagree,,,,,,,,,,,,,,,,,,,,,,,,,,,,,,,,,,,,,,,,,,
348,35,Female,,United Kingdom,Undergraduate degree,1-10,2.67,Yearly,Once every 6 months,6,6,6,5,5,6,6,6,6,6,2,2,12,11,11,12,12,4,4,agree,4,agree,4,agree,4,agree,4.00,4,agree,4,agree,4,agree,4,agree,4.00,3,neutral,5,agree,4,agree,4.00,3,neutral,4,agree,5,agree,2,disagree,3,neutral,2,disagree,1,disagree,2,disagree,4,agree,1,disagree,1,disagree,1,disagree,1,disagree,,,,,,,,,,,,,,,,,,,,,,,,,,,,,,,,,,,,,,,,,,
195,25,Male,,Sweden,Further education,11-20,3.83,Never,Once every 6 months,6,6,3,5,6,6,7,6,6,6,5,6,12,8,12,13,12,11,4,agree,3,neutral,3,neutral,4,agree,3.50,5,agree,4,agree,4,agree,4,agree,4.25,2,disagree,3,neutral,2,disagree,2.33,3,neutral,4,agree,5,agree,2,disagree,2,disagree,1,disagree,1,disagree,1,disagree,1,disagree,3,neutral,1,disagree,1,disagree,1,disagree,,,,,,,,,,,,,,,,,,,,,,,,,,,,,,,,,,,,,,,,,,
577,28,Male,,Germany,Undergraduate degree,21-30,2.83,Never,Once every 6 months,7,7,7,7,7,7,7,7,5,6,1,1,14,14,14,14,11,2,4,agree,5,agree,3,neutral,5,agree,4.25,5,agree,5,agree,5,agree,5,agree,5.00,5,agree,5,agree,3,neutral,4.33,3,neutral,4,agree,4,agree,2,disagree,5,agree,1,disagree,1,disagree,1,disagree,1,disagree,3,neutral,1,disagree,1,disagree,1,disagree,,,,,,,,,,,,,,,,,,,,,,,,,,,,,,,,,,,,,,,,,,
610,20,Male,,Germany,Further education,1-10,2.67,Never,Once every 6 months,7,7,6,5,5,7,7,6,6,5,1,3,14,11,12,13,11,4,2,disagree,4,agree,4,agree,4,agree,3.50,3,neutral,4,agree,4,agree,4,agree,3.75,4,agree,4,agree,4,agree,4.00,2,disagree,4,agree,4,agree,4,agree,4,agree,1,disagree,3,neutral,5,agree,2,disagree,3,neutral,1,disagree,1,disagree,1,disagree,,,,,,,,,,,,,,,,,,,,,,,,,,,,,,,,,,,,,,,,,,
426,37,Male,,United Kingdom,Postgraduate degree,1-10,2.50,Never,Once every 6 months,6,6,7,6,5,7,7,7,3,5,3,3,12,13,12,14,8,6,4,agree,4,agree,3,neutral,4,agree,3.75,4,agree,4,agree,4,agree,4,agree,4.00,5,agree,4,agree,5,agree,4.67,3,neutral,4,agree,4,agree,4,agree,3,neutral,1,disagree,1,disagree,1,disagree,4,agree,3,neutral,1,disagree,1,disagree,1,disagree,,,,,,,,,,,,,,,,,,,,,,,,,,,,,,,,,,,,,,,,,,
447,43,Male,,Australia,Postgraduate degree,21-30,1.83,Never,Once every 6 months,4,4,5,5,6,5,5,7,5,5,4,5,8,10,11,12,10,9,3,neutral,2,disagree,1,disagree,3,neutral,2.25,2,disagree,2,disagree,3,neutral,2,disagree,2.25,2,disagree,2,disagree,2,disagree,2.00,3,neutral,1,disagree,2,disagree,1,disagree,2,disagree,3,neutral,1,disagree,4,agree,4,agree,3,neutral,1,disagree,1,disagree,1,disagree,,,,,,,,,,,,,,,,,,,,,,,,,,,,,,,,,,,,,,,,,,
451,22,Male,,Italy,Undergraduate degree,1-10,3.17,Never,Once every 6 months,6,5,3,4,7,6,4,5,6,4,2,2,11,7,13,9,10,4,4,agree,4,agree,4,agree,4,agree,4.00,2,disagree,4,agree,1,disagree,4,agree,2.75,5,agree,4,agree,3,neutral,4.00,5,agree,4,agree,5,agree,3,neutral,5,agree,4,agree,1,disagree,1,disagree,1,disagree,4,agree,1,disagree,1,disagree,1,disagree,,,,,,,,,,,,,,,,,,,,,,,,,,,,,,,,,,,,,,,,,,
236,40,Female,,Canada,Further education,11-20,3.33,Yearly,Once every 6 months,7,7,6,5,3,4,6,6,7,7,5,3,14,11,7,12,14,8,4,agree,4,agree,5,agree,4,agree,4.25,4,agree,5,agree,4,agree,5,agree,4.50,5,agree,4,agree,2,disagree,3.67,3,neutral,4,agree,5,agree,4,agree,5,agree,1,disagree,1,disagree,2,disagree,3,neutral,4,agree,1,disagree,1,disagree,1,disagree,,,,,,,,,,,,,,,,,,,,,,,,,,,,,,,,,,,,,,,,,,
750,28,Female,,United Kingdom,Further education,21-30,4.67,Yearly,Once every 6 months,6,6,2,1,1,6,7,6,6,5,2,3,12,3,7,13,11,5,1,disagree,1,disagree,1,disagree,3,neutral,1.50,1,disagree,2,disagree,2,disagree,2,disagree,1.75,4,agree,4,agree,5,agree,4.33,5,agree,1,disagree,1,disagree,1,disagree,1,disagree,1,disagree,2,disagree,1,disagree,4,agree,4,agree,1,disagree,1,disagree,1,disagree,,,,,,,,,,,,,,,,,,,,,,,,,,,,,,,,,,,,,,,,,,
274,28,Male,,Poland,Further education,21-30,3.50,Yearly,Once every 6 months,5,4,4,4,7,6,4,6,7,6,5,3,9,8,13,10,13,8,3,neutral,2,disagree,3,neutral,4,agree,3.00,3,neutral,3,neutral,3,neutral,4,agree,3.25,4,agree,5,agree,2,disagree,3.67,4,agree,2,disagree,5,agree,1,disagree,4,agree,2,disagree,1,disagree,4,agree,4,agree,4,agree,1,disagree,1,disagree,1,disagree,,,,,,,,,,,,,,,,,,,,,,,,,,,,,,,,,,,,,,,,,,
117,29,Female,,United Kingdom,Undergraduate degree,1-10,4.33,Never,Once every 6 months,5,7,6,5,7,6,7,7,7,7,3,2,12,11,13,14,14,5,5,agree,5,agree,4,agree,4,agree,4.50,4,agree,5,agree,5,agree,5,agree,4.75,1,disagree,3,neutral,4,agree,2.67,3,neutral,4,agree,5,agree,4,agree,4,agree,2,disagree,2,disagree,2,disagree,2,disagree,2,disagree,2,disagree,1,disagree,1,disagree,,,,,,,,,,,,,,,,,,,,,,,,,,,,,,,,,,,,,,,,,,
392,32,Female,,United States of America,Further education,21-30,4.33,Yearly,Once every 6 months,6,6,5,5,6,6,6,6,6,6,5,4,12,10,12,12,12,9,3,neutral,3,neutral,3,neutral,3,neutral,3.00,3,neutral,4,agree,3,neutral,4,agree,3.50,3,neutral,3,neutral,3,neutral,3.00,4,agree,4,agree,4,agree,2,disagree,2,disagree,4,agree,5,agree,3,neutral,5,agree,5,agree,3,neutral,1,disagree,1,disagree,,,,,,,,,,,,,,,,,,,,,,,,,,,,,,,,,,,,,,,,,,
347,21,Male,,Spain,Undergraduate degree,1-10,3.00,Never,Once every 6 months,5,6,5,6,5,7,6,5,5,6,5,5,11,11,12,11,11,10,2,disagree,1,disagree,1,disagree,2,disagree,1.50,2,disagree,3,neutral,2,disagree,2,disagree,2.25,1,disagree,2,disagree,1,disagree,1.33,2,disagree,2,disagree,2,disagree,1,disagree,1,disagree,1,disagree,1,disagree,1,disagree,3,neutral,1,disagree,4,agree,1,disagree,1,disagree,,,,,,,,,,,,,,,,,,,,,,,,,,,,,,,,,,,,,,,,,,
103,50,Female,,United Kingdom,Further education,11-20,2.83,Never,Once every 6 months,6,4,2,2,3,4,6,6,6,4,2,3,10,4,7,12,10,5,2,disagree,2,disagree,3,neutral,3,neutral,2.50,3,neutral,4,agree,4,agree,3,neutral,3.50,2,disagree,2,disagree,1,disagree,1.67,4,agree,3,neutral,3,neutral,3,neutral,2,disagree,3,neutral,2,disagree,5,agree,5,agree,3,neutral,4,agree,1,disagree,1,disagree,,,,,,,,,,,,,,,,,,,,,,,,,,,,,,,,,,,,,,,,,,
129,33,Female,,United Kingdom,Undergraduate degree,11-20,3.67,Once every 6 months,Once every 6 months,6,6,6,4,6,4,6,6,6,6,2,4,12,10,10,12,12,6,4,agree,4,agree,4,agree,4,agree,4.00,4,agree,4,agree,4,agree,4,agree,4.00,4,agree,4,agree,4,agree,4.00,3,neutral,4,agree,4,agree,3,neutral,4,agree,2,disagree,2,disagree,1,disagree,1,disagree,4,agree,4,agree,1,disagree,1,disagree,,,,,,,,,,,,,,,,,,,,,,,,,,,,,,,,,,,,,,,,,,
131,24,Female,,United Kingdom,Secondary school,11-20,2.50,Once every 6 months,Once every 6 months,5,5,5,3,3,6,7,6,3,6,2,2,10,8,9,13,9,4,4,agree,2,disagree,4,agree,3,neutral,3.25,1,disagree,1,disagree,2,disagree,2,disagree,1.50,4,agree,2,disagree,5,agree,3.67,3,neutral,4,agree,2,disagree,1,disagree,1,disagree,2,disagree,4,agree,4,agree,4,agree,4,agree,4,agree,1,disagree,1,disagree,,,,,,,,,,,,,,,,,,,,,,,,,,,,,,,,,,,,,,,,,,
768,31,Male,,United States of America,Undergraduate degree,1-10,3.00,Never,Once every 6 months,6,7,3,3,6,6,5,7,5,7,2,3,13,6,12,12,12,5,2,disagree,2,disagree,4,agree,5,agree,3.25,4,agree,5,agree,5,agree,5,agree,4.75,4,agree,5,agree,5,agree,4.67,3,neutral,2,disagree,4,agree,1,disagree,2,disagree,5,agree,2,disagree,4,agree,2,disagree,5,agree,4,agree,1,disagree,1,disagree,,,,,,,,,,,,,,,,,,,,,,,,,,,,,,,,,,,,,,,,,,
160,25,Male,,Poland,Further education,1-10,3.83,Yearly,Once every 6 months,5,5,5,6,2,6,5,5,7,6,3,4,10,11,8,10,13,7,3,neutral,4,agree,5,agree,5,agree,4.25,1,disagree,4,agree,2,disagree,3,neutral,2.50,3,neutral,3,neutral,3,neutral,3.00,3,neutral,2,disagree,4,agree,3,neutral,4,agree,1,disagree,1,disagree,1,disagree,4,agree,5,agree,4,agree,1,disagree,1,disagree,,,,,,,,,,,,,,,,,,,,,,,,,,,,,,,,,,,,,,,,,,
547,20,Male,,Poland,Further education,11-20,2.50,Never,Once every 6 months,5,6,5,5,5,6,6,6,5,5,3,3,11,10,11,12,10,6,1,disagree,2,disagree,1,disagree,1,disagree,1.25,2,disagree,4,agree,2,disagree,4,agree,3.00,4,agree,3,neutral,3,neutral,3.33,3,neutral,1,disagree,3,neutral,1,disagree,1,disagree,4,agree,4,agree,1,disagree,4,agree,5,agree,4,agree,1,disagree,1,disagree,,,,,,,,,,,,,,,,,,,,,,,,,,,,,,,,,,,,,,,,,,
14,36,Male,,New Zealand,Undergraduate degree,1-10,3.50,Yearly,Once every 6 months,6,6,6,6,7,7,7,7,6,6,5,3,12,12,14,14,12,8,3,neutral,3,neutral,2,disagree,3,neutral,2.75,4,agree,4,agree,4,agree,4,agree,4.00,4,agree,4,agree,5,agree,4.33,3,neutral,4,agree,4,agree,4,agree,3,neutral,2,disagree,3,neutral,4,agree,5,agree,5,agree,4,agree,1,disagree,1,disagree,,,,,,,,,,,,,,,,,,,,,,,,,,,,,,,,,,,,,,,,,,
268,32,Male,,United Kingdom,Undergraduate degree,21-30,3.33,Never,Once every 6 months,4,5,4,4,5,4,5,6,5,5,4,4,9,8,9,11,10,8,2,disagree,2,disagree,2,disagree,2,disagree,2.00,2,disagree,2,disagree,2,disagree,2,disagree,2.00,2,disagree,2,disagree,2,disagree,2.00,2,disagree,3,neutral,2,disagree,3,neutral,3,neutral,1,disagree,1,disagree,1,disagree,3,neutral,4,agree,1,disagree,2,disagree,1,disagree,,,,,,,,,,,,,,,,,,,,,,,,,,,,,,,,,,,,,,,,,,
482,42,Female,,United States of America,Further education,11-20,3.50,Never,Once every 6 months,7,7,5,6,4,5,5,6,4,5,4,3,14,11,9,11,9,7,4,agree,3,neutral,3,neutral,4,agree,3.50,4,agree,4,agree,4,agree,4,agree,4.00,3,neutral,3,neutral,4,agree,3.33,3,neutral,3,neutral,4,agree,2,disagree,3,neutral,1,disagree,1,disagree,1,disagree,2,disagree,1,disagree,2,disagree,2,disagree,1,disagree,,,,,,,,,,,,,,,,,,,,,,,,,,,,,,,,,,,,,,,,,,
389,37,Male,,United States of America,Undergraduate degree,1-10,4.00,Once every 6 months,Once every 6 months,6,5,6,5,6,6,7,6,6,6,2,2,11,11,12,13,12,4,4,agree,5,agree,4,agree,4,agree,4.25,4,agree,4,agree,4,agree,4,agree,4.00,4,agree,4,agree,5,agree,4.33,3,neutral,4,agree,4,agree,5,agree,5,agree,5,agree,5,agree,1,disagree,5,agree,5,agree,4,agree,2,disagree,1,disagree,,,,,,,,,,,,,,,,,,,,,,,,,,,,,,,,,,,,,,,,,,
757,30,Female,,New Zealand,Further education,11-20,4.50,Never,Once every 6 months,7,7,6,5,5,6,3,4,6,7,3,3,14,11,11,7,13,6,3,neutral,3,neutral,4,agree,4,agree,3.50,4,agree,4,agree,4,agree,4,agree,4.00,5,agree,5,agree,5,agree,5.00,3,neutral,2,disagree,5,agree,4,agree,3,neutral,1,disagree,4,agree,2,disagree,4,agree,4,agree,2,disagree,4,agree,1,disagree,,,,,,,,,,,,,,,,,,,,,,,,,,,,,,,,,,,,,,,,,,
474,35,Male,,United Kingdom,Undergraduate degree,1-10,2.67,Never,Once every 6 months,6,6,6,6,5,6,6,6,5,5,2,3,12,12,11,12,10,5,4,agree,4,agree,4,agree,4,agree,4.00,5,agree,5,agree,5,agree,4,agree,4.75,3,neutral,4,agree,3,neutral,3.33,4,agree,2,disagree,4,agree,3,neutral,5,agree,4,agree,2,disagree,3,neutral,3,neutral,5,agree,1,disagree,1,disagree,2,disagree,,,,,,,,,,,,,,,,,,,,,,,,,,,,,,,,,,,,,,,,,,
540,24,Female,,United Kingdom,Postgraduate degree,11-20,3.17,Never,Once every 6 months,7,7,6,6,6,6,6,7,4,4,2,2,14,12,12,13,8,4,4,agree,4,agree,5,agree,5,agree,4.50,5,agree,5,agree,5,agree,5,agree,5.00,5,agree,5,agree,5,agree,5.00,4,agree,4,agree,5,agree,4,agree,4,agree,4,agree,1,disagree,1,disagree,4,agree,5,agree,1,disagree,1,disagree,2,disagree,,,,,,,,,,,,,,,,,,,,,,,,,,,,,,,,,,,,,,,,,,
642,21,Female,,United Kingdom,Further education,21-30,3.50,Never,Once every 6 months,6,3,4,6,7,6,7,7,6,7,2,2,9,10,13,14,13,4,3,neutral,4,agree,3,neutral,5,agree,3.75,1,disagree,2,disagree,4,agree,4,agree,2.75,4,agree,4,agree,2,disagree,3.33,2,disagree,5,agree,5,agree,5,agree,5,agree,4,agree,3,neutral,3,neutral,4,agree,4,agree,3,neutral,1,disagree,2,disagree,,,,,,,,,,,,,,,,,,,,,,,,,,,,,,,,,,,,,,,,,,
628,34,Male,,United Kingdom,Undergraduate degree,11-20,2.50,Yearly,Once every 6 months,7,6,5,2,6,2,5,6,6,6,1,2,13,7,8,11,12,3,2,disagree,3,neutral,4,agree,4,agree,3.25,4,agree,4,agree,4,agree,4,agree,4.00,5,agree,4,agree,2,disagree,3.67,3,neutral,4,agree,4,agree,2,disagree,1,disagree,4,agree,3,neutral,4,agree,5,agree,3,neutral,4,agree,1,disagree,2,disagree,,,,,,,,,,,,,,,,,,,,,,,,,,,,,,,,,,,,,,,,,,
488,32,Male,,Croatia,Secondary school,21-30,3.33,Never,Once every 6 months,5,5,5,6,5,6,6,6,5,5,5,3,10,11,11,12,10,8,4,agree,4,agree,3,neutral,4,agree,3.75,4,agree,4,agree,4,agree,4,agree,4.00,4,agree,4,agree,4,agree,4.00,3,neutral,3,neutral,4,agree,2,disagree,2,disagree,4,agree,4,agree,4,agree,1,disagree,4,agree,4,agree,1,disagree,2,disagree,,,,,,,,,,,,,,,,,,,,,,,,,,,,,,,,,,,,,,,,,,
39,42,Female,,United States of America,Secondary school,1-10,3.83,Never,Once every 6 months,2,2,2,2,1,7,7,6,5,7,1,2,4,4,8,13,12,3,1,disagree,2,disagree,1,disagree,2,disagree,1.50,1,disagree,1,disagree,1,disagree,1,disagree,1.00,1,disagree,1,disagree,1,disagree,1.00,1,disagree,2,disagree,1,disagree,1,disagree,1,disagree,4,agree,3,neutral,4,agree,4,agree,4,agree,4,agree,1,disagree,2,disagree,,,,,,,,,,,,,,,,,,,,,,,,,,,,,,,,,,,,,,,,,,
155,30,Female,,United Kingdom,Further education,1-10,3.50,Never,Once every 6 months,5,5,4,2,2,5,6,5,5,5,2,3,10,6,7,11,10,5,4,agree,4,agree,3,neutral,4,agree,3.75,4,agree,4,agree,4,agree,4,agree,4.00,4,agree,3,neutral,3,neutral,3.33,2,disagree,4,agree,3,neutral,3,neutral,3,neutral,4,agree,3,neutral,4,agree,4,agree,4,agree,4,agree,1,disagree,2,disagree,,,,,,,,,,,,,,,,,,,,,,,,,,,,,,,,,,,,,,,,,,
158,53,Female,,United Kingdom,Undergraduate degree,1-10,4.00,Yearly,Once every 6 months,4,4,1,1,6,6,6,6,5,6,3,3,8,2,12,12,11,6,2,disagree,2,disagree,3,neutral,3,neutral,2.50,2,disagree,4,agree,4,agree,4,agree,3.50,5,agree,5,agree,4,agree,4.67,4,agree,2,disagree,4,agree,3,neutral,2,disagree,4,agree,3,neutral,4,agree,5,agree,5,agree,4,agree,1,disagree,2,disagree,,,,,,,,,,,,,,,,,,,,,,,,,,,,,,,,,,,,,,,,,,
465,43,Male,,Germany,Undergraduate degree,11-20,3.50,Never,Once every 6 months,5,6,4,5,6,6,6,5,6,7,4,4,11,9,12,11,13,8,2,disagree,2,disagree,2,disagree,2,disagree,2.00,3,neutral,3,neutral,3,neutral,3,neutral,3.00,2,disagree,3,neutral,2,disagree,2.33,3,neutral,3,neutral,2,disagree,2,disagree,1,disagree,4,agree,4,agree,2,disagree,4,agree,5,agree,5,agree,1,disagree,2,disagree,,,,,,,,,,,,,,,,,,,,,,,,,,,,,,,,,,,,,,,,,,
139,30,Male,,Poland,Postgraduate degree,11-20,4.67,Yearly,Once every 6 months,5,5,4,4,4,6,5,5,6,6,2,3,10,8,10,10,12,5,2,disagree,4,agree,3,neutral,1,disagree,2.50,3,neutral,3,neutral,3,neutral,4,agree,3.25,5,agree,5,agree,3,neutral,4.33,3,neutral,4,agree,1,disagree,1,disagree,1,disagree,2,disagree,1,disagree,3,neutral,4,agree,4,agree,1,disagree,2,disagree,2,disagree,,,,,,,,,,,,,,,,,,,,,,,,,,,,,,,,,,,,,,,,,,
630,19,Female,,United Kingdom,Further education,1-10,2.50,Never,Once every 6 months,4,4,6,6,7,7,7,7,4,5,2,2,8,12,14,14,9,4,3,neutral,3,neutral,2,disagree,3,neutral,2.75,2,disagree,4,agree,2,disagree,3,neutral,2.75,3,neutral,4,agree,4,agree,3.67,3,neutral,2,disagree,4,agree,1,disagree,2,disagree,4,agree,2,disagree,4,agree,4,agree,5,agree,1,disagree,2,disagree,2,disagree,,,,,,,,,,,,,,,,,,,,,,,,,,,,,,,,,,,,,,,,,,
511,27,Female,,United Kingdom,Further education,21-30,2.50,Never,Once every 6 months,5,5,5,5,3,4,6,6,6,3,6,5,10,10,7,12,9,11,3,neutral,4,agree,4,agree,4,agree,3.75,3,neutral,3,neutral,3,neutral,4,agree,3.25,4,agree,3,neutral,2,disagree,3.00,4,agree,4,agree,3,neutral,4,agree,2,disagree,2,disagree,2,disagree,2,disagree,2,disagree,2,disagree,2,disagree,2,disagree,2,disagree,,,,,,,,,,,,,,,,,,,,,,,,,,,,,,,,,,,,,,,,,,
187,35,Other,Non-binary,United States of America,Further education,11-20,2.83,Never,Once every 6 months,5,6,1,2,5,5,3,5,7,7,5,4,11,3,10,8,14,9,3,neutral,3,neutral,3,neutral,3,neutral,3.00,5,agree,5,agree,4,agree,4,agree,4.50,3,neutral,3,neutral,2,disagree,2.67,4,agree,4,agree,2,disagree,2,disagree,3,neutral,2,disagree,2,disagree,2,disagree,2,disagree,2,disagree,2,disagree,2,disagree,2,disagree,,,,,,,,,,,,,,,,,,,,,,,,,,,,,,,,,,,,,,,,,,
151,26,Male,,United States of America,Undergraduate degree,21-30,3.83,Yearly,Once every 6 months,7,6,5,5,6,6,6,6,6,7,3,3,13,10,12,12,13,6,4,agree,4,agree,2,disagree,5,agree,3.75,4,agree,3,neutral,3,neutral,5,agree,3.75,2,disagree,4,agree,2,disagree,2.67,2,disagree,3,neutral,1,disagree,1,disagree,1,disagree,3,neutral,3,neutral,3,neutral,3,neutral,3,neutral,2,disagree,2,disagree,2,disagree,,,,,,,,,,,,,,,,,,,,,,,,,,,,,,,,,,,,,,,,,,
239,37,Male,,United Kingdom,Further education,1-10,3.67,Never,Once every 6 months,6,7,6,6,7,7,7,7,7,7,4,4,13,12,14,14,14,8,3,neutral,3,neutral,3,neutral,4,agree,3.25,4,agree,4,agree,4,agree,3,neutral,3.75,3,neutral,3,neutral,4,agree,3.33,4,agree,3,neutral,4,agree,2,disagree,2,disagree,4,agree,3,neutral,5,agree,5,agree,3,neutral,2,disagree,2,disagree,2,disagree,,,,,,,,,,,,,,,,,,,,,,,,,,,,,,,,,,,,,,,,,,
193,27,Male,,Poland,None specified,31+,2.00,Never,Once every 6 months,5,4,5,5,5,5,6,6,5,3,6,5,9,10,10,12,8,11,3,neutral,3,neutral,4,agree,3,neutral,3.25,4,agree,4,agree,4,agree,3,neutral,3.75,2,disagree,2,disagree,2,disagree,2.00,3,neutral,1,disagree,1,disagree,1,disagree,1,disagree,3,neutral,3,neutral,1,disagree,1,disagree,4,agree,2,disagree,2,disagree,2,disagree,,,,,,,,,,,,,,,,,,,,,,,,,,,,,,,,,,,,,,,,,,
217,35,Female,,United Kingdom,Undergraduate degree,1-10,2.17,Never,Once every 6 months,5,5,2,2,5,6,6,6,5,5,5,4,10,4,11,12,10,9,3,neutral,2,disagree,2,disagree,3,neutral,2.50,3,neutral,4,agree,4,agree,4,agree,3.75,3,neutral,3,neutral,4,agree,3.33,4,agree,2,disagree,2,disagree,1,disagree,1,disagree,3,neutral,3,neutral,3,neutral,3,neutral,4,agree,2,disagree,2,disagree,2,disagree,,,,,,,,,,,,,,,,,,,,,,,,,,,,,,,,,,,,,,,,,,
648,37,Male,,United Kingdom,Postgraduate degree,1-10,2.67,Never,Once every 6 months,5,5,5,5,5,6,6,6,5,5,5,5,10,10,11,12,10,10,4,agree,4,agree,4,agree,5,agree,4.25,4,agree,5,agree,5,agree,4,agree,4.50,4,agree,4,agree,4,agree,4.00,4,agree,4,agree,2,disagree,2,disagree,2,disagree,4,agree,4,agree,4,agree,4,agree,4,agree,2,disagree,2,disagree,2,disagree,,,,,,,,,,,,,,,,,,,,,,,,,,,,,,,,,,,,,,,,,,
417,26,Male,,The Netherlands,Undergraduate degree,21-30,2.83,Once every 6 months,Once every 6 months,4,3,5,6,6,6,7,7,5,5,5,4,7,11,12,14,10,9,4,agree,4,agree,4,agree,4,agree,4.00,5,agree,5,agree,5,agree,4,agree,4.75,5,agree,3,neutral,4,agree,4.00,4,agree,4,agree,3,neutral,4,agree,4,agree,2,disagree,2,disagree,3,neutral,2,disagree,3,neutral,3,neutral,2,disagree,2,disagree,,,,,,,,,,,,,,,,,,,,,,,,,,,,,,,,,,,,,,,,,,
29,28,Female,,United Kingdom,Further education,1-10,2.67,Never,Once every 6 months,6,6,5,5,5,6,6,6,5,5,5,3,12,10,11,12,10,8,3,neutral,3,neutral,3,neutral,3,neutral,3.00,3,neutral,4,agree,4,agree,4,agree,3.75,4,agree,3,neutral,3,neutral,3.33,2,disagree,4,agree,4,agree,1,disagree,1,disagree,3,neutral,2,disagree,3,neutral,4,agree,4,agree,3,neutral,2,disagree,2,disagree,,,,,,,,,,,,,,,,,,,,,,,,,,,,,,,,,,,,,,,,,,
446,24,Female,,Australia,Undergraduate degree,1-10,3.00,Never,Once every 6 months,6,6,4,5,4,6,6,6,6,6,3,3,12,9,10,12,12,6,3,neutral,4,agree,4,agree,4,agree,3.75,3,neutral,3,neutral,3,neutral,3,neutral,3.00,4,agree,4,agree,3,neutral,3.67,3,neutral,3,neutral,3,neutral,3,neutral,3,neutral,4,agree,3,neutral,4,agree,4,agree,4,agree,3,neutral,2,disagree,2,disagree,,,,,,,,,,,,,,,,,,,,,,,,,,,,,,,,,,,,,,,,,,
26,34,Female,,United Kingdom,Undergraduate degree,11-20,2.50,Never,Once every 6 months,6,7,4,3,6,4,6,6,3,5,2,2,13,7,10,12,8,4,2,disagree,2,disagree,2,disagree,3,neutral,2.25,3,neutral,4,agree,4,agree,3,neutral,3.50,2,disagree,2,disagree,2,disagree,2.00,2,disagree,4,agree,4,agree,3,neutral,2,disagree,4,agree,4,agree,4,agree,4,agree,4,agree,3,neutral,2,disagree,2,disagree,,,,,,,,,,,,,,,,,,,,,,,,,,,,,,,,,,,,,,,,,,
280,29,Female,,Italy,Undergraduate degree,11-20,2.83,Never,Once every 6 months,7,6,7,6,4,7,7,7,4,6,1,2,13,13,11,14,10,3,4,agree,4,agree,5,agree,5,agree,4.50,5,agree,5,agree,5,agree,4,agree,4.75,2,disagree,3,neutral,3,neutral,2.67,3,neutral,4,agree,3,neutral,4,agree,4,agree,4,agree,3,neutral,2,disagree,5,agree,4,agree,3,neutral,2,disagree,2,disagree,,,,,,,,,,,,,,,,,,,,,,,,,,,,,,,,,,,,,,,,,,
72,35,Female,,Spain,Undergraduate degree,11-20,3.67,Never,Once every 6 months,5,4,5,5,6,6,6,6,4,5,5,3,9,10,12,12,9,8,2,disagree,3,neutral,2,disagree,2,disagree,2.25,3,neutral,3,neutral,3,neutral,3,neutral,3.00,3,neutral,3,neutral,2,disagree,2.67,2,disagree,4,agree,3,neutral,2,disagree,2,disagree,2,disagree,4,agree,4,agree,4,agree,4,agree,4,agree,2,disagree,2,disagree,,,,,,,,,,,,,,,,,,,,,,,,,,,,,,,,,,,,,,,,,,
622,43,Female,,United Kingdom,Undergraduate degree,1-10,4.17,Yearly,Once every 6 months,5,6,5,3,5,6,6,6,5,6,4,2,11,8,11,12,11,6,3,neutral,3,neutral,3,neutral,4,agree,3.25,4,agree,4,agree,4,agree,4,agree,4.00,5,agree,5,agree,4,agree,4.67,3,neutral,4,agree,4,agree,3,neutral,2,disagree,2,disagree,4,agree,4,agree,4,agree,4,agree,4,agree,2,disagree,2,disagree,,,,,,,,,,,,,,,,,,,,,,,,,,,,,,,,,,,,,,,,,,
315,23,Male,,Poland,Further education,11-20,3.17,Never,Once every 6 months,6,6,5,6,6,6,6,6,6,7,4,4,12,11,12,12,13,8,2,disagree,2,disagree,3,neutral,3,neutral,2.50,2,disagree,4,agree,2,disagree,4,agree,3.00,5,agree,2,disagree,4,agree,3.67,2,disagree,3,neutral,3,neutral,1,disagree,1,disagree,4,agree,4,agree,4,agree,4,agree,4,agree,4,agree,2,disagree,2,disagree,,,,,,,,,,,,,,,,,,,,,,,,,,,,,,,,,,,,,,,,,,
596,27,Female,,Portugal,Postgraduate degree,1-10,4.17,Once every 6 months,Once every 6 months,6,5,5,5,5,5,6,5,5,5,2,2,11,10,10,11,10,4,4,agree,4,agree,4,agree,5,agree,4.25,4,agree,5,agree,4,agree,5,agree,4.50,5,agree,4,agree,4,agree,4.33,3,neutral,4,agree,2,disagree,3,neutral,4,agree,4,agree,4,agree,3,neutral,4,agree,5,agree,4,agree,2,disagree,2,disagree,,,,,,,,,,,,,,,,,,,,,,,,,,,,,,,,,,,,,,,,,,
64,24,Female,,United Kingdom,Further education,11-20,3.00,Yearly,Once every 6 months,5,6,4,3,3,4,5,5,6,6,2,2,11,7,7,10,12,4,4,agree,4,agree,4,agree,5,agree,4.25,4,agree,4,agree,4,agree,4,agree,4.00,4,agree,4,agree,5,agree,4.33,3,neutral,4,agree,4,agree,4,agree,4,agree,4,agree,4,agree,5,agree,4,agree,5,agree,4,agree,2,disagree,2,disagree,,,,,,,,,,,,,,,,,,,,,,,,,,,,,,,,,,,,,,,,,,
337,22,Male,,United Kingdom,Postgraduate degree,21-30,2.50,Never,Once every 6 months,6,6,4,5,5,5,6,4,5,3,4,4,12,9,10,10,8,8,3,neutral,3,neutral,4,agree,3,neutral,3.25,3,neutral,3,neutral,3,neutral,2,disagree,2.75,4,agree,5,agree,4,agree,4.33,3,neutral,2,disagree,3,neutral,1,disagree,2,disagree,5,agree,4,agree,2,disagree,5,agree,5,agree,4,agree,2,disagree,2,disagree,,,,,,,,,,,,,,,,,,,,,,,,,,,,,,,,,,,,,,,,,,
489,40,Male,,United States of America,Undergraduate degree,1-10,4.67,Yearly,Once every 6 months,6,6,5,3,7,7,7,7,7,7,5,2,12,8,14,14,14,7,4,agree,4,agree,4,agree,4,agree,4.00,5,agree,5,agree,5,agree,4,agree,4.75,3,neutral,4,agree,2,disagree,3.00,3,neutral,4,agree,1,disagree,4,agree,1,disagree,3,neutral,4,agree,5,agree,5,agree,5,agree,4,agree,2,disagree,2,disagree,,,,,,,,,,,,,,,,,,,,,,,,,,,,,,,,,,,,,,,,,,
234,26,Male,,United Kingdom,Postgraduate degree,1-10,3.50,Never,Once every 6 months,3,4,3,5,4,5,5,6,5,5,3,3,7,8,9,11,10,6,3,neutral,4,agree,4,agree,4,agree,3.75,4,agree,4,agree,4,agree,3,neutral,3.75,4,agree,4,agree,3,neutral,3.67,2,disagree,2,disagree,3,neutral,3,neutral,2,disagree,2,disagree,4,agree,3,neutral,2,disagree,4,agree,5,agree,2,disagree,2,disagree,,,,,,,,,,,,,,,,,,,,,,,,,,,,,,,,,,,,,,,,,,
2,28,Male,,Sweden,Undergraduate degree,11-20,4.17,Never,Once every 6 months,4,4,5,4,6,6,4,5,5,5,4,4,8,9,12,9,10,8,4,agree,4,agree,4,agree,4,agree,4.00,4,agree,5,agree,5,agree,4,agree,4.50,4,agree,4,agree,4,agree,4.00,5,agree,5,agree,5,agree,5,agree,3,neutral,4,agree,4,agree,3,neutral,4,agree,4,agree,5,agree,2,disagree,2,disagree,,,,,,,,,,,,,,,,,,,,,,,,,,,,,,,,,,,,,,,,,,
85,41,Female,,United Kingdom,Undergraduate degree,11-20,4.50,Monthly,Once every 6 months,7,7,6,5,6,6,7,7,6,5,3,1,14,11,12,14,11,4,4,agree,3,neutral,4,agree,4,agree,3.75,4,agree,4,agree,4,agree,4,agree,4.00,4,agree,3,neutral,4,agree,3.67,3,neutral,3,neutral,4,agree,2,disagree,3,neutral,5,agree,4,agree,5,agree,5,agree,4,agree,5,agree,2,disagree,2,disagree,,,,,,,,,,,,,,,,,,,,,,,,,,,,,,,,,,,,,,,,,,
664,43,Male,,United Kingdom,Undergraduate degree,1-10,2.33,Never,Once every 6 months,6,5,6,5,5,5,6,6,5,4,3,3,11,11,10,12,9,6,4,agree,4,agree,5,agree,3,neutral,4.00,4,agree,4,agree,4,agree,4,agree,4.00,4,agree,4,agree,4,agree,4.00,4,agree,2,disagree,4,agree,3,neutral,3,neutral,4,agree,3,neutral,3,neutral,4,agree,4,agree,2,disagree,3,neutral,2,disagree,,,,,,,,,,,,,,,,,,,,,,,,,,,,,,,,,,,,,,,,,,
583,21,Male,,Spain,Undergraduate degree,11-20,3.33,Never,Once every 6 months,6,6,6,6,6,6,6,7,6,7,3,3,12,12,12,13,13,6,3,neutral,3,neutral,4,agree,4,agree,3.50,4,agree,5,agree,4,agree,4,agree,4.25,4,agree,3,neutral,4,agree,3.67,3,neutral,4,agree,5,agree,2,disagree,3,neutral,5,agree,3,neutral,4,agree,4,agree,4,agree,4,agree,3,neutral,2,disagree,,,,,,,,,,,,,,,,,,,,,,,,,,,,,,,,,,,,,,,,,,
383,42,Female,,The Netherlands,Undergraduate degree,1-10,3.00,Never,Once every 6 months,5,5,3,3,5,6,7,6,6,7,3,5,10,6,11,13,13,8,4,agree,3,neutral,5,agree,4,agree,4.00,4,agree,4,agree,5,agree,4,agree,4.25,3,neutral,3,neutral,3,neutral,3.00,3,neutral,4,agree,3,neutral,3,neutral,4,agree,4,agree,5,agree,3,neutral,4,agree,5,agree,5,agree,3,neutral,2,disagree,,,,,,,,,,,,,,,,,,,,,,,,,,,,,,,,,,,,,,,,,,
437,29,Female,,United States of America,Secondary school,1-10,3.50,Yearly,Once every 6 months,7,7,4,5,2,6,7,7,6,6,3,4,14,9,8,14,12,7,4,agree,5,agree,4,agree,4,agree,4.25,4,agree,4,agree,4,agree,4,agree,4.00,5,agree,5,agree,4,agree,4.67,4,agree,4,agree,4,agree,4,agree,4,agree,1,disagree,2,disagree,1,disagree,1,disagree,3,neutral,1,disagree,1,disagree,3,neutral,,,,,,,,,,,,,,,,,,,,,,,,,,,,,,,,,,,,,,,,,,
222,31,Male,,United Kingdom,Further education,11-20,2.17,Never,Once every 6 months,6,5,5,5,3,5,5,5,5,5,5,4,11,10,8,10,10,9,3,neutral,3,neutral,4,agree,4,agree,3.50,3,neutral,4,agree,3,neutral,4,agree,3.50,5,agree,5,agree,3,neutral,4.33,3,neutral,4,agree,3,neutral,2,disagree,2,disagree,1,disagree,2,disagree,1,disagree,1,disagree,4,agree,1,disagree,1,disagree,3,neutral,,,,,,,,,,,,,,,,,,,,,,,,,,,,,,,,,,,,,,,,,,
22,32,Female,,United Kingdom,Postgraduate degree,1-10,4.33,Yearly,Once every 6 months,6,6,4,3,5,5,5,6,5,5,1,1,12,7,10,11,10,2,3,neutral,4,agree,3,neutral,3,neutral,3.25,1,disagree,3,neutral,1,disagree,3,neutral,2.00,4,agree,4,agree,4,agree,4.00,2,disagree,4,agree,2,disagree,1,disagree,1,disagree,4,agree,5,agree,1,disagree,4,agree,5,agree,4,agree,1,disagree,3,neutral,,,,,,,,,,,,,,,,,,,,,,,,,,,,,,,,,,,,,,,,,,
58,29,Male,,Italy,Undergraduate degree,11-20,3.00,Once every 6 months,Once every 6 months,6,6,3,3,5,6,6,6,5,5,3,3,12,6,11,12,10,6,4,agree,4,agree,3,neutral,5,agree,4.00,4,agree,4,agree,4,agree,4,agree,4.00,4,agree,4,agree,4,agree,4.00,3,neutral,4,agree,4,agree,3,neutral,4,agree,5,agree,5,agree,3,neutral,5,agree,5,agree,5,agree,1,disagree,3,neutral,,,,,,,,,,,,,,,,,,,,,,,,,,,,,,,,,,,,,,,,,,
454,56,Female,,United States of America,Further education,1-10,2.67,Never,Once every 6 months,6,6,3,5,5,6,5,6,1,5,1,1,12,8,11,11,6,2,3,neutral,5,agree,5,agree,5,agree,4.50,5,agree,5,agree,5,agree,5,agree,5.00,5,agree,4,agree,4,agree,4.33,3,neutral,4,agree,3,neutral,2,disagree,2,disagree,4,agree,4,agree,3,neutral,4,agree,4,agree,2,disagree,2,disagree,3,neutral,,,,,,,,,,,,,,,,,,,,,,,,,,,,,,,,,,,,,,,,,,
30,35,Male,,United Kingdom,Secondary school,31+,3.17,Never,Once every 6 months,6,6,5,5,5,6,7,7,3,5,3,4,12,10,11,14,8,7,2,disagree,2,disagree,4,agree,4,agree,3.00,5,agree,5,agree,5,agree,4,agree,4.75,5,agree,4,agree,4,agree,4.33,2,disagree,4,agree,5,agree,2,disagree,2,disagree,3,neutral,3,neutral,3,neutral,4,agree,3,neutral,3,neutral,2,disagree,3,neutral,,,,,,,,,,,,,,,,,,,,,,,,,,,,,,,,,,,,,,,,,,
471,29,Female,,United States of America,Undergraduate degree,21-30,3.67,Never,Once every 6 months,6,6,6,3,6,6,5,6,5,6,2,2,12,9,12,11,11,4,4,agree,4,agree,3,neutral,4,agree,3.75,4,agree,4,agree,4,agree,2,disagree,3.50,5,agree,2,disagree,4,agree,3.67,4,agree,4,agree,2,disagree,4,agree,2,disagree,3,neutral,3,neutral,4,agree,4,agree,5,agree,3,neutral,2,disagree,3,neutral,,,,,,,,,,,,,,,,,,,,,,,,,,,,,,,,,,,,,,,,,,
472,35,Female,,Norway,Undergraduate degree,11-20,4.33,Monthly,Once every 6 months,7,7,6,5,6,6,7,7,6,6,3,3,14,11,12,14,12,6,5,agree,5,agree,5,agree,5,agree,5.00,4,agree,5,agree,5,agree,4,agree,4.50,5,agree,5,agree,4,agree,4.67,3,neutral,4,agree,4,agree,5,agree,5,agree,2,disagree,3,neutral,3,neutral,2,disagree,3,neutral,4,agree,2,disagree,3,neutral,,,,,,,,,,,,,,,,,,,,,,,,,,,,,,,,,,,,,,,,,,
334,22,Female,,Portugal,Undergraduate degree,11-20,4.50,Yearly,Once every 6 months,6,6,6,6,6,6,6,6,6,6,2,2,12,12,12,12,12,4,3,neutral,4,agree,3,neutral,4,agree,3.50,2,disagree,3,neutral,3,neutral,3,neutral,2.75,4,agree,2,disagree,4,agree,3.33,4,agree,2,disagree,4,agree,2,disagree,2,disagree,5,agree,3,neutral,5,agree,5,agree,5,agree,4,agree,2,disagree,3,neutral,,,,,,,,,,,,,,,,,,,,,,,,,,,,,,,,,,,,,,,,,,
283,23,Female,,Portugal,Undergraduate degree,1-10,2.17,Yearly,Once every 6 months,4,5,6,6,3,7,7,6,5,6,2,4,9,12,10,13,11,6,3,neutral,3,neutral,3,neutral,3,neutral,3.00,3,neutral,4,agree,3,neutral,4,agree,3.50,5,agree,5,agree,5,agree,5.00,3,neutral,4,agree,1,disagree,1,disagree,1,disagree,4,agree,4,agree,4,agree,4,agree,4,agree,5,agree,2,disagree,3,neutral,,,,,,,,,,,,,,,,,,,,,,,,,,,,,,,,,,,,,,,,,,
333,25,Male,,Portugal,Postgraduate degree,21-30,2.83,Yearly,Once every 6 months,5,6,5,5,5,6,6,6,6,6,3,3,11,10,11,12,12,6,4,agree,4,agree,4,agree,4,agree,4.00,4,agree,4,agree,4,agree,4,agree,4.00,4,agree,4,agree,4,agree,4.00,3,neutral,4,agree,4,agree,3,neutral,4,agree,3,neutral,3,neutral,3,neutral,3,neutral,3,neutral,1,disagree,3,neutral,3,neutral,,,,,,,,,,,,,,,,,,,,,,,,,,,,,,,,,,,,,,,,,,
349,30,Female,,United Kingdom,Postgraduate degree,11-20,2.83,Yearly,Once every 6 months,6,6,6,6,6,6,6,6,6,5,6,4,12,12,12,12,11,10,2,disagree,3,neutral,4,agree,3,neutral,3.00,3,neutral,4,agree,4,agree,4,agree,3.75,5,agree,5,agree,4,agree,4.67,2,disagree,4,agree,4,agree,3,neutral,4,agree,2,disagree,2,disagree,4,agree,4,agree,3,neutral,1,disagree,3,neutral,3,neutral,,,,,,,,,,,,,,,,,,,,,,,,,,,,,,,,,,,,,,,,,,
353,26,Male,,Poland,Undergraduate degree,1-10,3.00,Never,Once every 6 months,7,6,5,6,3,5,7,6,5,5,2,2,13,11,8,13,10,4,1,disagree,1,disagree,3,neutral,3,neutral,2.00,4,agree,4,agree,1,disagree,4,agree,3.25,5,agree,4,agree,5,agree,4.67,3,neutral,1,disagree,4,agree,1,disagree,1,disagree,2,disagree,2,disagree,2,disagree,2,disagree,4,agree,1,disagree,3,neutral,3,neutral,,,,,,,,,,,,,,,,,,,,,,,,,,,,,,,,,,,,,,,,,,
73,28,Male,,United Kingdom,Postgraduate degree,1-10,3.83,Never,Once every 6 months,6,6,7,7,6,7,6,6,5,5,2,2,12,14,13,12,10,4,4,agree,5,agree,4,agree,4,agree,4.25,3,neutral,4,agree,4,agree,4,agree,3.75,4,agree,4,agree,2,disagree,3.33,2,disagree,5,agree,4,agree,3,neutral,4,agree,1,disagree,2,disagree,2,disagree,3,neutral,4,agree,2,disagree,3,neutral,3,neutral,,,,,,,,,,,,,,,,,,,,,,,,,,,,,,,,,,,,,,,,,,
588,21,Female,,United Kingdom,Further education,1-10,2.83,Never,Once every 6 months,5,5,6,6,6,5,5,5,4,5,3,2,10,12,11,10,9,5,4,agree,4,agree,3,neutral,4,agree,3.75,4,agree,4,agree,2,disagree,4,agree,3.50,4,agree,4,agree,4,agree,4.00,2,disagree,4,agree,4,agree,3,neutral,3,neutral,3,neutral,3,neutral,4,agree,4,agree,3,neutral,3,neutral,3,neutral,3,neutral,,,,,,,,,,,,,,,,,,,,,,,,,,,,,,,,,,,,,,,,,,
537,39,Male,,United States of America,Further education,11-20,5.00,Yearly,Once every 6 months,6,6,6,6,7,7,5,4,7,7,3,4,12,12,14,9,14,7,3,neutral,4,agree,4,agree,4,agree,3.75,4,agree,4,agree,4,agree,4,agree,4.00,5,agree,5,agree,5,agree,5.00,3,neutral,5,agree,5,agree,4,agree,4,agree,3,neutral,3,neutral,3,neutral,3,neutral,3,neutral,4,agree,3,neutral,3,neutral,,,,,,,,,,,,,,,,,,,,,,,,,,,,,,,,,,,,,,,,,,
124,23,Male,,United Kingdom,Undergraduate degree,11-20,2.67,Never,Once every 6 months,5,5,6,6,7,6,6,6,5,5,5,4,10,12,13,12,10,9,2,disagree,3,neutral,3,neutral,3,neutral,2.75,2,disagree,2,disagree,2,disagree,2,disagree,2.00,5,agree,5,agree,5,agree,5.00,3,neutral,2,disagree,2,disagree,1,disagree,1,disagree,4,agree,3,neutral,3,neutral,4,agree,4,agree,4,agree,3,neutral,3,neutral,,,,,,,,,,,,,,,,,,,,,,,,,,,,,,,,,,,,,,,,,,
227,30,Female,,Portugal,Secondary school,1-10,3.83,Never,Once every 6 months,6,6,5,5,6,6,6,6,5,7,5,5,12,10,12,12,12,10,5,agree,4,agree,4,agree,4,agree,4.25,4,agree,3,neutral,4,agree,3,neutral,3.50,5,agree,4,agree,4,agree,4.33,4,agree,4,agree,4,agree,4,agree,4,agree,4,agree,3,neutral,4,agree,4,agree,4,agree,4,agree,3,neutral,3,neutral,,,,,,,,,,,,,,,,,,,,,,,,,,,,,,,,,,,,,,,,,,
673,68,Female,,Hungary,Undergraduate degree,11-20,4.00,Never,Once every 6 months,6,6,6,6,6,6,6,5,3,3,3,2,12,12,12,11,6,5,3,neutral,4,agree,2,disagree,4,agree,3.25,3,neutral,4,agree,4,agree,4,agree,3.75,4,agree,4,agree,3,neutral,3.67,3,neutral,1,disagree,2,disagree,1,disagree,2,disagree,4,agree,5,agree,1,disagree,4,agree,5,agree,4,agree,3,neutral,3,neutral,,,,,,,,,,,,,,,,,,,,,,,,,,,,,,,,,,,,,,,,,,
685,50,Male,,United Kingdom,Undergraduate degree,11-20,3.33,Yearly,Once every 6 months,6,7,6,5,6,6,5,6,5,7,5,4,13,11,12,11,12,9,2,disagree,2,disagree,3,neutral,3,neutral,2.50,2,disagree,3,neutral,2,disagree,2,disagree,2.25,4,agree,4,agree,3,neutral,3.67,3,neutral,2,disagree,2,disagree,1,disagree,1,disagree,3,neutral,3,neutral,4,agree,4,agree,4,agree,5,agree,3,neutral,3,neutral,,,,,,,,,,,,,,,,,,,,,,,,,,,,,,,,,,,,,,,,,,
684,51,Male,,United Kingdom,Undergraduate degree,11-20,4.33,Never,Once every 6 months,7,7,4,5,7,7,7,7,7,7,7,7,14,9,14,14,14,14,4,agree,4,agree,4,agree,4,agree,4.00,4,agree,4,agree,4,agree,4,agree,4.00,4,agree,4,agree,4,agree,4.00,4,agree,2,disagree,4,agree,2,disagree,2,disagree,5,agree,5,agree,3,neutral,5,agree,5,agree,5,agree,3,neutral,3,neutral,,,,,,,,,,,,,,,,,,,,,,,,,,,,,,,,,,,,,,,,,,
555,27,Female,,United Kingdom,Undergraduate degree,1-10,2.83,Never,Once every 6 months,6,5,6,6,6,6,7,7,6,7,3,1,11,12,12,14,13,4,4,agree,5,agree,5,agree,5,agree,4.75,3,neutral,5,agree,3,neutral,4,agree,3.75,4,agree,5,agree,4,agree,4.33,4,agree,4,agree,5,agree,5,agree,2,disagree,4,agree,1,disagree,5,agree,5,agree,5,agree,5,agree,3,neutral,3,neutral,,,,,,,,,,,,,,,,,,,,,,,,,,,,,,,,,,,,,,,,,,
499,53,Male,,United States of America,Postgraduate degree,21-30,2.17,Never,Once every 6 months,7,7,5,6,6,6,6,6,6,6,5,5,14,11,12,12,12,10,4,agree,4,agree,4,agree,4,agree,4.00,4,agree,4,agree,4,agree,4,agree,4.00,4,agree,3,neutral,4,agree,3.67,3,neutral,4,agree,4,agree,5,agree,3,neutral,3,neutral,4,agree,4,agree,5,agree,4,agree,4,agree,4,agree,3,neutral,,,,,,,,,,,,,,,,,,,,,,,,,,,,,,,,,,,,,,,,,,
533,27,Female,,Hungary,Postgraduate degree,1-10,3.00,Never,Once every 6 months,6,6,2,3,5,6,6,5,6,6,3,3,12,5,11,11,12,6,3,neutral,3,neutral,3,neutral,4,agree,3.25,3,neutral,3,neutral,3,neutral,3,neutral,3.00,4,agree,4,agree,4,agree,4.00,3,neutral,2,disagree,4,agree,4,agree,3,neutral,4,agree,3,neutral,4,agree,4,agree,5,agree,4,agree,4,agree,3,neutral,,,,,,,,,,,,,,,,,,,,,,,,,,,,,,,,,,,,,,,,,,
136,33,Male,,Finland,Further education,31+,3.00,Never,Once every 6 months,6,6,6,5,6,6,6,6,6,4,5,5,12,11,12,12,10,10,1,disagree,1,disagree,1,disagree,1,disagree,1.00,1,disagree,4,agree,3,neutral,4,agree,3.00,4,agree,4,agree,2,disagree,3.33,2,disagree,2,disagree,2,disagree,1,disagree,1,disagree,5,agree,5,agree,5,agree,5,agree,5,agree,4,agree,4,agree,3,neutral,,,,,,,,,,,,,,,,,,,,,,,,,,,,,,,,,,,,,,,,,,
445,38,Male,,The Netherlands,Undergraduate degree,1-10,2.00,Never,Once every 6 months,5,5,6,6,7,6,7,7,6,6,2,4,10,12,13,14,12,6,1,disagree,1,disagree,1,disagree,1,disagree,1.00,2,disagree,3,neutral,2,disagree,3,neutral,2.50,3,neutral,2,disagree,3,neutral,2.67,4,agree,1,disagree,1,disagree,1,disagree,1,disagree,5,agree,4,agree,4,agree,4,agree,5,agree,1,disagree,1,disagree,4,agree,,,,,,,,,,,,,,,,,,,,,,,,,,,,,,,,,,,,,,,,,,
468,28,Male,,Norway,Postgraduate degree,11-20,2.83,Yearly,Once every 6 months,6,5,5,5,5,6,6,6,4,5,3,3,11,10,11,12,9,6,4,agree,4,agree,4,agree,4,agree,4.00,4,agree,5,agree,5,agree,4,agree,4.50,5,agree,5,agree,5,agree,5.00,3,neutral,5,agree,5,agree,4,agree,4,agree,4,agree,3,neutral,4,agree,4,agree,3,neutral,2,disagree,1,disagree,4,agree,,,,,,,,,,,,,,,,,,,,,,,,,,,,,,,,,,,,,,,,,,
122,28,Female,,France,Postgraduate degree,11-20,3.50,Yearly,Once every 6 months,7,7,6,7,3,6,7,6,6,5,3,2,14,13,9,13,11,5,3,neutral,3,neutral,4,agree,5,agree,3.75,3,neutral,4,agree,4,agree,4,agree,3.75,3,neutral,3,neutral,3,neutral,3.00,4,agree,4,agree,5,agree,5,agree,4,agree,4,agree,4,agree,3,neutral,5,agree,5,agree,2,disagree,1,disagree,4,agree,,,,,,,,,,,,,,,,,,,,,,,,,,,,,,,,,,,,,,,,,,
154,24,Female,,France,Further education,31+,3.83,Monthly,Once every 6 months,6,5,3,4,3,4,3,4,4,4,3,4,11,7,7,7,8,7,3,neutral,3,neutral,5,agree,4,agree,3.75,3,neutral,4,agree,4,agree,4,agree,3.75,4,agree,4,agree,3,neutral,3.67,3,neutral,3,neutral,3,neutral,4,agree,3,neutral,5,agree,3,neutral,4,agree,4,agree,4,agree,3,neutral,1,disagree,4,agree,,,,,,,,,,,,,,,,,,,,,,,,,,,,,,,,,,,,,,,,,,
80,24,Female,,United Kingdom,Further education,21-30,2.00,Yearly,Once every 6 months,7,6,4,5,5,4,7,6,5,4,1,4,13,9,9,13,9,5,1,disagree,1,disagree,1,disagree,4,agree,1.75,1,disagree,1,disagree,1,disagree,1,disagree,1.00,1,disagree,1,disagree,1,disagree,1.00,2,disagree,3,neutral,4,agree,1,disagree,1,disagree,4,agree,3,neutral,4,agree,5,agree,5,agree,4,agree,1,disagree,4,agree,,,,,,,,,,,,,,,,,,,,,,,,,,,,,,,,,,,,,,,,,,
152,36,Female,,Poland,Postgraduate degree,11-20,2.67,Never,Once every 6 months,6,5,4,3,3,6,7,6,5,7,3,5,11,7,9,13,12,8,3,neutral,3,neutral,4,agree,5,agree,3.75,4,agree,5,agree,4,agree,4,agree,4.25,4,agree,4,agree,5,agree,4.33,3,neutral,1,disagree,4,agree,1,disagree,5,agree,5,agree,4,agree,5,agree,5,agree,5,agree,1,disagree,2,disagree,4,agree,,,,,,,,,,,,,,,,,,,,,,,,,,,,,,,,,,,,,,,,,,
524,39,Male,,United Kingdom,Further education,11-20,5.00,Never,Once every 6 months,6,6,5,6,6,6,6,7,5,6,3,3,12,11,12,13,11,6,4,agree,4,agree,4,agree,4,agree,4.00,4,agree,4,agree,4,agree,4,agree,4.00,4,agree,4,agree,4,agree,4.00,2,disagree,4,agree,4,agree,4,agree,4,agree,4,agree,3,neutral,5,agree,3,neutral,5,agree,3,neutral,2,disagree,4,agree,,,,,,,,,,,,,,,,,,,,,,,,,,,,,,,,,,,,,,,,,,
391,36,Male,,United Kingdom,Undergraduate degree,11-20,3.33,Yearly,Once every 6 months,6,6,5,5,6,7,6,7,3,6,4,2,12,10,13,13,9,6,5,agree,4,agree,4,agree,4,agree,4.25,4,agree,5,agree,4,agree,5,agree,4.50,5,agree,4,agree,4,agree,4.33,4,agree,4,agree,5,agree,4,agree,3,neutral,5,agree,3,neutral,4,agree,4,agree,4,agree,4,agree,2,disagree,4,agree,,,,,,,,,,,,,,,,,,,,,,,,,,,,,,,,,,,,,,,,,,
647,29,Female,,United Kingdom,Postgraduate degree,1-10,4.83,Yearly,Once every 6 months,6,6,5,5,6,5,7,7,6,3,2,3,12,10,11,14,9,5,4,agree,4,agree,4,agree,4,agree,4.00,4,agree,4,agree,4,agree,4,agree,4.00,5,agree,4,agree,3,neutral,4.00,3,neutral,4,agree,3,neutral,1,disagree,3,neutral,4,agree,4,agree,4,agree,5,agree,5,agree,4,agree,2,disagree,4,agree,,,,,,,,,,,,,,,,,,,,,,,,,,,,,,,,,,,,,,,,,,
77,37,Male,,United Kingdom,Undergraduate degree,11-20,3.83,Yearly,Once every 6 months,4,5,3,4,3,4,5,5,4,6,3,3,9,7,7,10,10,6,4,agree,5,agree,5,agree,4,agree,4.50,5,agree,5,agree,5,agree,4,agree,4.75,5,agree,4,agree,5,agree,4.67,4,agree,3,neutral,4,agree,2,disagree,2,disagree,4,agree,4,agree,4,agree,5,agree,5,agree,5,agree,2,disagree,4,agree,,,,,,,,,,,,,,,,,,,,,,,,,,,,,,,,,,,,,,,,,,
188,34,Female,,Poland,Postgraduate degree,11-20,3.00,Yearly,Once every 6 months,4,3,2,3,6,6,6,7,6,6,6,6,7,5,12,13,12,12,2,disagree,1,disagree,1,disagree,2,disagree,1.50,2,disagree,2,disagree,2,disagree,1,disagree,1.75,1,disagree,1,disagree,3,neutral,1.67,3,neutral,1,disagree,3,neutral,1,disagree,1,disagree,4,agree,1,disagree,3,neutral,3,neutral,2,disagree,3,neutral,3,neutral,4,agree,,,,,,,,,,,,,,,,,,,,,,,,,,,,,,,,,,,,,,,,,,
128,28,Female,,Poland,Postgraduate degree,11-20,2.33,Yearly,Once every 6 months,5,3,6,5,4,6,6,7,2,3,3,1,8,11,10,13,5,4,4,agree,4,agree,5,agree,3,neutral,4.00,4,agree,4,agree,4,agree,4,agree,4.00,4,agree,4,agree,1,disagree,3.00,3,neutral,3,neutral,3,neutral,3,neutral,3,neutral,3,neutral,3,neutral,3,neutral,3,neutral,3,neutral,3,neutral,3,neutral,4,agree,,,,,,,,,,,,,,,,,,,,,,,,,,,,,,,,,,,,,,,,,,
372,36,Male,,United Kingdom,Undergraduate degree,31+,3.33,Yearly,Once every 6 months,6,6,4,5,7,7,6,7,7,7,3,7,12,9,14,13,14,10,1,disagree,4,agree,4,agree,1,disagree,2.50,4,agree,3,neutral,3,neutral,4,agree,3.50,4,agree,4,agree,4,agree,4.00,3,neutral,4,agree,4,agree,1,disagree,1,disagree,4,agree,3,neutral,4,agree,4,agree,4,agree,4,agree,3,neutral,4,agree,,,,,,,,,,,,,,,,,,,,,,,,,,,,,,,,,,,,,,,,,,
33,42,Male,,United Kingdom,Postgraduate degree,11-20,3.33,Yearly,Once every 6 months,6,6,5,5,7,7,5,6,3,3,3,3,12,10,14,11,6,6,3,neutral,2,disagree,4,agree,4,agree,3.25,2,disagree,4,agree,4,agree,3,neutral,3.25,3,neutral,4,agree,2,disagree,3.00,2,disagree,3,neutral,4,agree,4,agree,2,disagree,2,disagree,5,agree,4,agree,5,agree,4,agree,4,agree,3,neutral,4,agree,,,,,,,,,,,,,,,,,,,,,,,,,,,,,,,,,,,,,,,,,,
92,38,Male,,Canada,Secondary school,11-20,3.50,Never,Once every 6 months,7,7,7,7,6,6,7,7,5,5,2,2,14,14,12,14,10,4,5,agree,5,agree,5,agree,5,agree,5.00,5,agree,5,agree,5,agree,4,agree,4.75,4,agree,4,agree,4,agree,4.00,2,disagree,4,agree,5,agree,5,agree,4,agree,4,agree,3,neutral,4,agree,4,agree,5,agree,4,agree,3,neutral,4,agree,,,,,,,,,,,,,,,,,,,,,,,,,,,,,,,,,,,,,,,,,,
600,28,Female,,Spain,Postgraduate degree,11-20,3.67,Yearly,Once every 6 months,6,5,6,6,6,6,6,6,6,6,2,2,11,12,12,12,12,4,5,agree,5,agree,5,agree,5,agree,5.00,3,neutral,5,agree,4,agree,5,agree,4.25,5,agree,4,agree,5,agree,4.67,4,agree,2,disagree,4,agree,2,disagree,5,agree,5,agree,2,disagree,5,agree,5,agree,5,agree,4,agree,3,neutral,4,agree,,,,,,,,,,,,,,,,,,,,,,,,,,,,,,,,,,,,,,,,,,
793,36,Other,,Finland,Postgraduate degree,11-20,4.17,Yearly,Once every 6 months,6,6,3,2,5,6,6,5,5,6,3,5,12,5,11,11,11,8,3,neutral,4,agree,4,agree,4,agree,3.75,4,agree,4,agree,4,agree,4,agree,4.00,4,agree,4,agree,4,agree,4.00,3,neutral,2,disagree,5,agree,3,neutral,5,agree,5,agree,4,agree,3,neutral,5,agree,5,agree,5,agree,3,neutral,4,agree,,,,,,,,,,,,,,,,,,,,,,,,,,,,,,,,,,,,,,,,,,
721,26,Male,,United States of America,Undergraduate degree,11-20,4.00,Never,Once every 6 months,6,6,6,5,5,6,5,6,5,6,4,3,12,11,11,11,11,7,5,agree,5,agree,5,agree,5,agree,5.00,4,agree,4,agree,5,agree,4,agree,4.25,5,agree,5,agree,4,agree,4.67,4,agree,3,neutral,4,agree,4,agree,4,agree,2,disagree,3,neutral,3,neutral,3,neutral,4,agree,1,disagree,4,agree,4,agree,,,,,,,,,,,,,,,,,,,,,,,,,,,,,,,,,,,,,,,,,,
342,36,Male,,United Kingdom,Undergraduate degree,1-10,3.33,Yearly,Once every 6 months,7,5,6,6,5,7,7,7,7,7,3,2,12,12,12,14,14,5,4,agree,4,agree,3,neutral,4,agree,3.75,5,agree,5,agree,5,agree,5,agree,5.00,5,agree,5,agree,5,agree,5.00,2,disagree,5,agree,3,neutral,3,neutral,4,agree,2,disagree,4,agree,4,agree,3,neutral,3,neutral,3,neutral,4,agree,4,agree,,,,,,,,,,,,,,,,,,,,,,,,,,,,,,,,,,,,,,,,,,
172,27,Female,,Italy,Undergraduate degree,11-20,4.83,Yearly,Once every 6 months,7,7,6,6,5,7,4,6,6,5,3,2,14,12,12,10,11,5,5,agree,5,agree,5,agree,5,agree,5.00,4,agree,4,agree,4,agree,4,agree,4.00,5,agree,5,agree,3,neutral,4.33,1,disagree,4,agree,4,agree,3,neutral,5,agree,4,agree,3,neutral,3,neutral,4,agree,4,agree,3,neutral,4,agree,4,agree,,,,,,,,,,,,,,,,,,,,,,,,,,,,,,,,,,,,,,,,,,
643,40,Female,,United Kingdom,Further education,1-10,2.50,Never,Once every 6 months,6,6,5,5,5,6,6,6,4,4,2,2,12,10,11,12,8,4,4,agree,4,agree,3,neutral,4,agree,3.75,4,agree,4,agree,4,agree,4,agree,4.00,4,agree,4,agree,4,agree,4.00,3,neutral,4,agree,3,neutral,3,neutral,2,disagree,4,agree,5,agree,3,neutral,4,agree,4,agree,3,neutral,4,agree,4,agree,,,,,,,,,,,,,,,,,,,,,,,,,,,,,,,,,,,,,,,,,,
620,35,Male,,United Kingdom,Undergraduate degree,1-10,3.67,Monthly,Once every 6 months,7,6,3,3,5,6,7,6,6,5,1,2,13,6,11,13,11,3,2,disagree,2,disagree,2,disagree,2,disagree,2.00,3,neutral,4,agree,4,agree,3,neutral,3.50,4,agree,2,disagree,5,agree,3.67,2,disagree,4,agree,4,agree,1,disagree,1,disagree,4,agree,4,agree,4,agree,4,agree,4,agree,3,neutral,4,agree,4,agree,,,,,,,,,,,,,,,,,,,,,,,,,,,,,,,,,,,,,,,,,,
81,35,Male,,United Kingdom,Undergraduate degree,1-10,3.67,Yearly,Once every 6 months,5,6,5,3,5,7,6,6,5,6,3,2,11,8,12,12,11,5,5,agree,5,agree,5,agree,5,agree,5.00,5,agree,5,agree,5,agree,4,agree,4.75,5,agree,5,agree,4,agree,4.67,4,agree,4,agree,5,agree,2,disagree,4,agree,4,agree,3,neutral,3,neutral,4,agree,5,agree,3,neutral,4,agree,4,agree,,,,,,,,,,,,,,,,,,,,,,,,,,,,,,,,,,,,,,,,,,
812,27,Female,,Spain,Postgraduate degree,21-30,2.33,Never,Once every 6 months,7,6,6,7,4,6,6,6,6,6,2,4,13,13,10,12,12,6,5,agree,4,agree,4,agree,5,agree,4.50,4,agree,4,agree,4,agree,4,agree,4.00,2,disagree,4,agree,2,disagree,2.67,3,neutral,4,agree,4,agree,3,neutral,4,agree,4,agree,3,neutral,4,agree,4,agree,4,agree,4,agree,4,agree,4,agree,,,,,,,,,,,,,,,,,,,,,,,,,,,,,,,,,,,,,,,,,,
62,30,Female,,United Kingdom,Undergraduate degree,11-20,2.33,Never,Once every 6 months,6,6,5,5,6,6,6,6,4,5,2,2,12,10,12,12,9,4,4,agree,4,agree,3,neutral,4,agree,3.75,4,agree,4,agree,4,agree,4,agree,4.00,4,agree,4,agree,4,agree,4.00,3,neutral,1,disagree,5,agree,1,disagree,2,disagree,4,agree,4,agree,4,agree,4,agree,4,agree,4,agree,4,agree,4,agree,,,,,,,,,,,,,,,,,,,,,,,,,,,,,,,,,,,,,,,,,,
98,28,Female,,United Kingdom,Undergraduate degree,11-20,3.83,Yearly,Once every 6 months,5,5,4,3,5,6,7,5,5,6,5,4,10,7,11,12,11,9,4,agree,4,agree,4,agree,4,agree,4.00,4,agree,4,agree,4,agree,4,agree,4.00,4,agree,4,agree,5,agree,4.33,3,neutral,3,neutral,5,agree,3,neutral,4,agree,4,agree,4,agree,4,agree,4,agree,4,agree,4,agree,4,agree,4,agree,,,,,,,,,,,,,,,,,,,,,,,,,,,,,,,,,,,,,,,,,,
230,23,Female,,Poland,Further education,21-30,2.83,Never,Once every 6 months,6,6,6,2,3,6,7,7,4,5,6,3,12,8,9,14,9,9,1,disagree,2,disagree,1,disagree,3,neutral,1.75,2,disagree,2,disagree,2,disagree,1,disagree,1.75,1,disagree,1,disagree,3,neutral,1.67,3,neutral,4,agree,4,agree,4,agree,2,disagree,5,agree,5,agree,4,agree,4,agree,4,agree,4,agree,4,agree,4,agree,,,,,,,,,,,,,,,,,,,,,,,,,,,,,,,,,,,,,,,,,,
243,28,Male,,Poland,Postgraduate degree,11-20,3.00,Never,Once every 6 months,6,5,7,3,3,6,7,6,7,4,4,2,11,10,9,13,11,6,3,neutral,2,disagree,3,neutral,3,neutral,2.75,4,agree,4,agree,4,agree,4,agree,4.00,3,neutral,3,neutral,4,agree,3.33,2,disagree,2,disagree,4,agree,3,neutral,5,agree,4,agree,3,neutral,4,agree,4,agree,5,agree,4,agree,4,agree,4,agree,,,,,,,,,,,,,,,,,,,,,,,,,,,,,,,,,,,,,,,,,,
428,29,Female,,Germany,Undergraduate degree,1-10,2.83,Never,Once every 6 months,6,6,3,6,5,6,6,6,5,3,6,5,12,9,11,12,8,11,2,disagree,2,disagree,3,neutral,4,agree,2.75,3,neutral,4,agree,2,disagree,2,disagree,2.75,2,disagree,2,disagree,1,disagree,1.67,3,neutral,4,agree,4,agree,1,disagree,2,disagree,4,agree,3,neutral,4,agree,5,agree,5,agree,4,agree,4,agree,4,agree,,,,,,,,,,,,,,,,,,,,,,,,,,,,,,,,,,,,,,,,,,
56,47,Male,,United States of America,Undergraduate degree,11-20,4.50,Yearly,Once every 6 months,7,7,7,7,7,7,7,7,7,7,3,3,14,14,14,14,14,6,5,agree,5,agree,5,agree,5,agree,5.00,4,agree,5,agree,5,agree,5,agree,4.75,5,agree,4,agree,5,agree,4.67,4,agree,4,agree,4,agree,5,agree,4,agree,4,agree,3,neutral,4,agree,5,agree,5,agree,4,agree,4,agree,4,agree,,,,,,,,,,,,,,,,,,,,,,,,,,,,,,,,,,,,,,,,,,
476,31,Male,,United Kingdom,Undergraduate degree,11-20,3.83,Never,Once every 6 months,6,5,6,6,6,7,7,7,4,4,4,3,11,12,13,14,8,7,3,neutral,3,neutral,4,agree,4,agree,3.50,4,agree,4,agree,3,neutral,5,agree,4.00,4,agree,5,agree,4,agree,4.33,4,agree,4,agree,5,agree,2,disagree,3,neutral,5,agree,5,agree,5,agree,5,agree,5,agree,4,agree,4,agree,4,agree,,,,,,,,,,,,,,,,,,,,,,,,,,,,,,,,,,,,,,,,,,
618,38,Female,,United States of America,Undergraduate degree,31+,3.17,Yearly,Once every 6 months,5,3,2,2,5,5,5,5,4,6,1,4,8,4,10,10,10,5,2,disagree,3,neutral,2,disagree,3,neutral,2.50,3,neutral,4,agree,4,agree,4,agree,3.75,4,agree,3,neutral,3,neutral,3.33,3,neutral,3,neutral,2,disagree,1,disagree,1,disagree,4,agree,4,agree,4,agree,4,agree,5,agree,5,agree,4,agree,4,agree,,,,,,,,,,,,,,,,,,,,,,,,,,,,,,,,,,,,,,,,,,
83,44,Male,,United Kingdom,Undergraduate degree,11-20,2.67,Never,Once every 6 months,6,6,5,5,5,6,6,6,4,6,4,4,12,10,11,12,10,8,2,disagree,2,disagree,3,neutral,3,neutral,2.50,3,neutral,3,neutral,3,neutral,3,neutral,3.00,3,neutral,3,neutral,3,neutral,3.00,4,agree,3,neutral,4,agree,3,neutral,3,neutral,2,disagree,5,agree,5,agree,5,agree,5,agree,5,agree,4,agree,4,agree,,,,,,,,,,,,,,,,,,,,,,,,,,,,,,,,,,,,,,,,,,
273,30,Female,,Italy,Further education,11-20,4.17,Yearly,Once every 6 months,5,2,4,4,5,7,6,7,7,6,2,2,7,8,12,13,13,4,5,agree,4,agree,3,neutral,5,agree,4.25,5,agree,5,agree,5,agree,5,agree,5.00,3,neutral,4,agree,3,neutral,3.33,3,neutral,4,agree,5,agree,3,neutral,3,neutral,5,agree,2,disagree,4,agree,5,agree,4,agree,4,agree,5,agree,4,agree,,,,,,,,,,,,,,,,,,,,,,,,,,,,,,,,,,,,,,,,,,
275,35,Male,,United Kingdom,Undergraduate degree,11-20,4.17,Never,Once every 6 months,6,6,5,5,6,7,7,7,7,6,4,3,12,10,13,14,13,7,2,disagree,2,disagree,2,disagree,2,disagree,2.00,2,disagree,4,agree,2,disagree,4,agree,3.00,2,disagree,2,disagree,2,disagree,2.00,2,disagree,2,disagree,4,agree,2,disagree,2,disagree,4,agree,3,neutral,4,agree,2,disagree,5,agree,4,agree,5,agree,4,agree,,,,,,,,,,,,,,,,,,,,,,,,,,,,,,,,,,,,,,,,,,
43,31,Female,,United Kingdom,Further education,31+,3.17,Never,Once every 6 months,6,6,6,6,3,6,7,7,4,4,3,3,12,12,9,14,8,6,3,neutral,2,disagree,3,neutral,3,neutral,2.75,2,disagree,4,agree,3,neutral,3,neutral,3.00,4,agree,4,agree,4,agree,4.00,3,neutral,4,agree,4,agree,2,disagree,4,agree,5,agree,5,agree,5,agree,5,agree,5,agree,4,agree,5,agree,4,agree,,,,,,,,,,,,,,,,,,,,,,,,,,,,,,,,,,,,,,,,,,
101,34,Female,,United States of America,Further education,31+,3.33,Never,Once every 6 months,5,5,4,4,4,4,6,6,5,5,3,2,10,8,8,12,10,5,3,neutral,3,neutral,3,neutral,2,disagree,2.75,3,neutral,3,neutral,3,neutral,2,disagree,2.75,4,agree,3,neutral,2,disagree,3.00,2,disagree,4,agree,4,agree,2,disagree,2,disagree,5,agree,3,neutral,4,agree,4,agree,5,agree,4,agree,4,agree,5,agree,,,,,,,,,,,,,,,,,,,,,,,,,,,,,,,,,,,,,,,,,,
502,42,Male,,United States of America,Secondary school,11-20,3.33,Never,Once every 6 months,6,6,6,6,6,6,6,6,6,6,2,2,12,12,12,12,12,4,2,disagree,2,disagree,2,disagree,2,disagree,2.00,2,disagree,2,disagree,2,disagree,2,disagree,2.00,2,disagree,2,disagree,2,disagree,2.00,2,disagree,2,disagree,2,disagree,2,disagree,2,disagree,4,agree,4,agree,4,agree,4,agree,2,disagree,1,disagree,5,agree,5,agree,,,,,,,,,,,,,,,,,,,,,,,,,,,,,,,,,,,,,,,,,,
444,25,Female,,Austria,Undergraduate degree,1-10,3.83,Yearly,Once every 6 months,5,7,2,1,4,4,6,6,7,7,6,6,12,3,8,12,14,12,4,agree,4,agree,4,agree,3,neutral,3.75,2,disagree,3,neutral,2,disagree,3,neutral,2.50,4,agree,4,agree,3,neutral,3.67,3,neutral,4,agree,4,agree,2,disagree,1,disagree,5,agree,4,agree,5,agree,5,agree,5,agree,4,agree,5,agree,5,agree,,,,,,,,,,,,,,,,,,,,,,,,,,,,,,,,,,,,,,,,,,
639,24,Male,,Poland,Undergraduate degree,21-30,2.17,Yearly,Once every 6 months,7,6,4,3,7,7,7,7,5,6,6,4,13,7,14,14,11,10,3,neutral,4,agree,3,neutral,3,neutral,3.25,4,agree,4,agree,4,agree,3,neutral,3.75,3,neutral,3,neutral,3,neutral,3.00,2,disagree,2,disagree,4,agree,1,disagree,1,disagree,5,agree,5,agree,5,agree,5,agree,5,agree,5,agree,5,agree,5,agree,,,,,,,,,,,,,,,,,,,,,,,,,,,,,,,,,,,,,,,,,,
44,49,Male,,United Kingdom,Further education,31+,3.17,Yearly,Once every 6 months,4,5,1,1,5,6,6,6,7,7,4,5,9,2,11,12,14,9,3,neutral,4,agree,3,neutral,3,neutral,3.25,2,disagree,3,neutral,4,agree,2,disagree,2.75,2,disagree,4,agree,1,disagree,2.33,3,neutral,3,neutral,5,agree,2,disagree,2,disagree,5,agree,5,agree,5,agree,5,agree,5,agree,5,agree,5,agree,5,agree,,,,,,,,,,,,,,,,,,,,,,,,,,,,,,,,,,,,,,,,,,
809,51,Female,,United Kingdom,Further education,21-30,4.33,Yearly,Once every 6 months,7,7,3,3,3,7,5,5,5,7,5,1,14,6,10,10,12,6,5,agree,5,agree,5,agree,5,agree,5.00,3,neutral,5,agree,5,agree,5,agree,4.50,5,agree,5,agree,3,neutral,4.33,4,agree,4,agree,4,agree,3,neutral,3,neutral,5,agree,5,agree,5,agree,5,agree,5,agree,5,agree,5,agree,5,agree,,,,,,,,,,,,,,,,,,,,,,,,,,,,,,,,,,,,,,,,,,
156,33,Male,,Poland,Undergraduate degree,11-20,3.17,Never,Weekly,7,6,6,6,7,7,7,7,6,6,2,2,13,12,14,14,12,4,3,neutral,3,neutral,4,agree,4,agree,3.50,5,agree,5,agree,5,agree,4,agree,4.75,3,neutral,3,neutral,1,disagree,2.33,3,neutral,1,disagree,4,agree,1,disagree,1,disagree,1,disagree,1,disagree,1,disagree,1,disagree,1,disagree,1,disagree,1,disagree,1,disagree,,,,,,,,,,,,,,,,,,,,,,,,,,,,,,,,,,,,,,,,,,
529,34,Female,,United Kingdom,Undergraduate degree,11-20,4.33,Monthly,Weekly,5,5,3,3,5,6,7,6,5,6,2,2,10,6,11,13,11,4,4,agree,4,agree,5,agree,5,agree,4.50,4,agree,5,agree,4,agree,4,agree,4.25,5,agree,5,agree,2,disagree,4.00,4,agree,4,agree,4,agree,2,disagree,2,disagree,1,disagree,1,disagree,1,disagree,1,disagree,1,disagree,1,disagree,1,disagree,1,disagree,,,,,,,,,,,,,,,,,,,,,,,,,,,,,,,,,,,,,,,,,,
679,29,Male,,Poland,Postgraduate degree,11-20,4.17,Yearly,Weekly,7,6,6,6,6,5,7,7,6,6,6,5,13,12,11,14,12,11,4,agree,4,agree,5,agree,5,agree,4.50,4,agree,5,agree,3,neutral,5,agree,4.25,5,agree,5,agree,4,agree,4.67,5,agree,4,agree,4,agree,3,neutral,4,agree,1,disagree,1,disagree,1,disagree,1,disagree,1,disagree,1,disagree,1,disagree,1,disagree,,,,,,,,,,,,,,,,,,,,,,,,,,,,,,,,,,,,,,,,,,
729,27,Female,,Sweden,Postgraduate degree,21-30,4.33,Yearly,Weekly,6,6,6,5,5,6,5,7,4,6,4,2,12,11,11,12,10,6,5,agree,5,agree,5,agree,5,agree,5.00,5,agree,5,agree,5,agree,4,agree,4.75,5,agree,5,agree,4,agree,4.67,3,neutral,5,agree,4,agree,4,agree,4,agree,3,neutral,3,neutral,2,disagree,4,agree,2,disagree,1,disagree,1,disagree,1,disagree,,,,,,,,,,,,,,,,,,,,,,,,,,,,,,,,,,,,,,,,,,
773,32,Female,,United Kingdom,Undergraduate degree,21-30,4.67,Once every 6 months,Weekly,7,6,4,3,7,7,7,7,6,6,6,2,13,7,14,14,12,8,4,agree,5,agree,4,agree,4,agree,4.25,5,agree,4,agree,5,agree,4,agree,4.50,4,agree,4,agree,4,agree,4.00,3,neutral,4,agree,5,agree,2,disagree,3,neutral,2,disagree,1,disagree,1,disagree,1,disagree,3,neutral,1,disagree,1,disagree,1,disagree,,,,,,,,,,,,,,,,,,,,,,,,,,,,,,,,,,,,,,,,,,
629,25,Female,,The Netherlands,Further education,11-20,4.50,Never,Weekly,7,7,5,5,6,6,6,7,5,6,2,3,14,10,12,13,11,5,4,agree,5,agree,5,agree,5,agree,4.75,2,disagree,4,agree,4,agree,4,agree,3.50,5,agree,5,agree,4,agree,4.67,3,neutral,5,agree,5,agree,4,agree,5,agree,3,neutral,1,disagree,3,neutral,1,disagree,5,agree,1,disagree,1,disagree,1,disagree,,,,,,,,,,,,,,,,,,,,,,,,,,,,,,,,,,,,,,,,,,
197,29,Male,,Finland,Further education,11-20,3.50,Once every 3 months,Weekly,7,7,6,6,6,6,6,7,4,5,2,2,14,12,12,13,9,4,4,agree,4,agree,4,agree,4,agree,4.00,5,agree,5,agree,5,agree,3,neutral,4.50,4,agree,4,agree,4,agree,4.00,2,disagree,5,agree,5,agree,4,agree,4,agree,2,disagree,1,disagree,3,neutral,5,agree,5,agree,1,disagree,1,disagree,1,disagree,,,,,,,,,,,,,,,,,,,,,,,,,,,,,,,,,,,,,,,,,,
432,24,Female,,Germany,Further education,11-20,2.50,Yearly,Weekly,5,5,1,3,1,1,7,6,6,5,2,3,10,4,2,13,11,5,1,disagree,1,disagree,1,disagree,4,agree,1.75,4,agree,4,agree,5,agree,4,agree,4.25,2,disagree,2,disagree,1,disagree,1.67,5,agree,2,disagree,2,disagree,1,disagree,1,disagree,1,disagree,2,disagree,3,neutral,1,disagree,3,neutral,2,disagree,1,disagree,1,disagree,,,,,,,,,,,,,,,,,,,,,,,,,,,,,,,,,,,,,,,,,,
321,23,Female,,Switzerland,Undergraduate degree,11-20,3.33,Monthly,Weekly,7,6,6,6,5,6,6,6,6,6,5,4,13,12,11,12,12,9,3,neutral,3,neutral,3,neutral,4,agree,3.25,3,neutral,4,agree,4,agree,4,agree,3.75,3,neutral,4,agree,3,neutral,3.33,3,neutral,4,agree,4,agree,2,disagree,3,neutral,4,agree,2,disagree,4,agree,2,disagree,5,agree,2,disagree,1,disagree,1,disagree,,,,,,,,,,,,,,,,,,,,,,,,,,,,,,,,,,,,,,,,,,
609,38,Female,,The Netherlands,Undergraduate degree,21-30,2.33,Yearly,Weekly,5,3,2,2,3,3,5,6,7,7,1,2,8,4,6,11,14,3,4,agree,3,neutral,4,agree,4,agree,3.75,5,agree,4,agree,5,agree,4,agree,4.50,4,agree,3,neutral,5,agree,4.00,2,disagree,4,agree,4,agree,1,disagree,1,disagree,3,neutral,3,neutral,4,agree,2,disagree,4,agree,3,neutral,1,disagree,1,disagree,,,,,,,,,,,,,,,,,,,,,,,,,,,,,,,,,,,,,,,,,,
707,25,Male,,United Kingdom,Postgraduate degree,1-10,4.83,Monthly,Weekly,7,7,3,3,6,6,6,6,6,5,3,5,14,6,12,12,11,8,5,agree,4,agree,4,agree,5,agree,4.50,4,agree,5,agree,5,agree,4,agree,4.50,5,agree,5,agree,2,disagree,4.00,4,agree,5,agree,4,agree,2,disagree,2,disagree,4,agree,3,neutral,1,disagree,4,agree,4,agree,4,agree,1,disagree,1,disagree,,,,,,,,,,,,,,,,,,,,,,,,,,,,,,,,,,,,,,,,,,
148,55,Female,,United States of America,Further education,11-20,4.17,Yearly,Weekly,7,7,5,5,5,7,7,6,7,7,3,5,14,10,12,13,14,8,5,agree,5,agree,5,agree,4,agree,4.75,5,agree,5,agree,5,agree,4,agree,4.75,5,agree,5,agree,5,agree,5.00,1,disagree,5,agree,3,neutral,2,disagree,4,agree,4,agree,5,agree,5,agree,5,agree,5,agree,5,agree,1,disagree,1,disagree,,,,,,,,,,,,,,,,,,,,,,,,,,,,,,,,,,,,,,,,,,
483,37,Male,,United Kingdom,Undergraduate degree,31+,4.83,Monthly,Weekly,6,6,5,3,4,4,5,5,5,4,1,2,12,8,8,10,9,3,5,agree,5,agree,5,agree,5,agree,5.00,2,disagree,4,agree,4,agree,4,agree,3.50,5,agree,5,agree,3,neutral,4.33,1,disagree,4,agree,5,agree,3,neutral,2,disagree,3,neutral,4,agree,2,disagree,2,disagree,4,agree,2,disagree,2,disagree,1,disagree,,,,,,,,,,,,,,,,,,,,,,,,,,,,,,,,,,,,,,,,,,
507,20,Male,,United Kingdom,Further education,1-10,4.67,Once every 3 months,Weekly,6,6,5,6,6,6,6,6,6,5,2,1,12,11,12,12,11,3,4,agree,4,agree,5,agree,5,agree,4.50,4,agree,4,agree,4,agree,3,neutral,3.75,3,neutral,4,agree,4,agree,3.67,2,disagree,5,agree,5,agree,3,neutral,2,disagree,1,disagree,1,disagree,4,agree,4,agree,4,agree,3,neutral,2,disagree,1,disagree,,,,,,,,,,,,,,,,,,,,,,,,,,,,,,,,,,,,,,,,,,
307,24,Male,,Italy,Further education,21-30,4.67,Yearly,Weekly,7,6,5,5,6,7,7,7,6,7,3,3,13,10,13,14,13,6,4,agree,5,agree,5,agree,5,agree,4.75,4,agree,4,agree,4,agree,4,agree,4.00,4,agree,4,agree,4,agree,4.00,2,disagree,2,disagree,4,agree,5,agree,3,neutral,5,agree,1,disagree,5,agree,5,agree,5,agree,4,agree,2,disagree,1,disagree,,,,,,,,,,,,,,,,,,,,,,,,,,,,,,,,,,,,,,,,,,
241,24,Male,,United Kingdom,Further education,31+,2.83,Never,Weekly,5,5,3,3,5,6,5,6,7,6,3,5,10,6,11,11,13,8,3,neutral,3,neutral,3,neutral,4,agree,3.25,4,agree,4,agree,4,agree,2,disagree,3.50,5,agree,5,agree,4,agree,4.67,2,disagree,2,disagree,4,agree,1,disagree,1,disagree,4,agree,4,agree,3,neutral,5,agree,5,agree,4,agree,3,neutral,1,disagree,,,,,,,,,,,,,,,,,,,,,,,,,,,,,,,,,,,,,,,,,,
764,31,Male,,Germany,Postgraduate degree,1-10,4.83,Yearly,Weekly,6,6,6,6,7,6,5,5,5,5,2,2,12,12,13,10,10,4,5,agree,4,agree,5,agree,4,agree,4.50,5,agree,5,agree,4,agree,4,agree,4.50,5,agree,4,agree,2,disagree,3.67,3,neutral,5,agree,4,agree,4,agree,4,agree,4,agree,1,disagree,3,neutral,5,agree,5,agree,5,agree,3,neutral,1,disagree,,,,,,,,,,,,,,,,,,,,,,,,,,,,,,,,,,,,,,,,,,
336,22,Male,,Portugal,Undergraduate degree,11-20,3.67,Never,Weekly,7,7,6,6,6,6,5,6,6,7,4,3,14,12,12,11,13,7,5,agree,4,agree,5,agree,5,agree,4.75,5,agree,5,agree,5,agree,5,agree,5.00,4,agree,4,agree,2,disagree,3.33,2,disagree,4,agree,5,agree,5,agree,4,agree,3,neutral,3,neutral,3,neutral,3,neutral,3,neutral,3,neutral,1,disagree,2,disagree,,,,,,,,,,,,,,,,,,,,,,,,,,,,,,,,,,,,,,,,,,
669,53,Male,,United Kingdom,Postgraduate degree,11-20,3.17,Monthly,Weekly,7,7,5,5,5,7,7,6,5,5,5,3,14,10,12,13,10,8,4,agree,5,agree,5,agree,4,agree,4.50,5,agree,5,agree,5,agree,5,agree,5.00,5,agree,5,agree,5,agree,5.00,2,disagree,4,agree,4,agree,5,agree,4,agree,4,agree,4,agree,4,agree,4,agree,4,agree,4,agree,1,disagree,2,disagree,,,,,,,,,,,,,,,,,,,,,,,,,,,,,,,,,,,,,,,,,,
263,25,Female,,Spain,Further education,31+,2.83,Never,Weekly,5,5,2,1,5,6,7,7,5,6,3,3,10,3,11,14,11,6,4,agree,3,neutral,3,neutral,4,agree,3.50,4,agree,4,agree,4,agree,4,agree,4.00,5,agree,5,agree,5,agree,5.00,3,neutral,1,disagree,4,agree,4,agree,4,agree,1,disagree,3,neutral,4,agree,3,neutral,2,disagree,1,disagree,2,disagree,2,disagree,,,,,,,,,,,,,,,,,,,,,,,,,,,,,,,,,,,,,,,,,,
295,32,Male,,The Netherlands,Undergraduate degree,11-20,4.00,Yearly,Weekly,7,6,5,5,6,6,6,6,5,5,5,4,13,10,12,12,10,9,3,neutral,3,neutral,4,agree,4,agree,3.50,4,agree,4,agree,4,agree,4,agree,4.00,5,agree,4,agree,4,agree,4.33,3,neutral,4,agree,5,agree,3,neutral,3,neutral,3,neutral,3,neutral,3,neutral,3,neutral,3,neutral,1,disagree,2,disagree,2,disagree,,,,,,,,,,,,,,,,,,,,,,,,,,,,,,,,,,,,,,,,,,
317,26,Male,,United Kingdom,Further education,1-10,5.00,Yearly,Weekly,7,7,5,6,6,6,7,7,6,6,2,2,14,11,12,14,12,4,4,agree,4,agree,5,agree,4,agree,4.25,3,neutral,4,agree,4,agree,3,neutral,3.50,5,agree,4,agree,4,agree,4.33,3,neutral,4,agree,4,agree,4,agree,3,neutral,2,disagree,2,disagree,2,disagree,2,disagree,2,disagree,2,disagree,2,disagree,2,disagree,,,,,,,,,,,,,,,,,,,,,,,,,,,,,,,,,,,,,,,,,,
91,29,Female,,Portugal,Postgraduate degree,11-20,4.83,Once every 3 months,Weekly,7,7,6,5,5,5,6,7,6,7,3,5,14,11,10,13,13,8,4,agree,5,agree,5,agree,5,agree,4.75,4,agree,5,agree,4,agree,4,agree,4.25,4,agree,5,agree,4,agree,4.33,4,agree,4,agree,4,agree,5,agree,3,neutral,2,disagree,2,disagree,2,disagree,2,disagree,2,disagree,2,disagree,2,disagree,2,disagree,,,,,,,,,,,,,,,,,,,,,,,,,,,,,,,,,,,,,,,,,,
737,27,Male,,United States of America,Undergraduate degree,1-10,4.83,Once every 6 months,Weekly,7,7,4,5,5,6,6,6,7,6,3,2,14,9,11,12,13,5,4,agree,4,agree,4,agree,5,agree,4.25,3,neutral,4,agree,4,agree,3,neutral,3.50,5,agree,5,agree,3,neutral,4.33,2,disagree,5,agree,2,disagree,4,agree,2,disagree,4,agree,2,disagree,4,agree,2,disagree,3,neutral,2,disagree,2,disagree,2,disagree,,,,,,,,,,,,,,,,,,,,,,,,,,,,,,,,,,,,,,,,,,
224,32,Female,,United Kingdom,Postgraduate degree,1-10,4.17,Monthly,Weekly,4,3,2,1,5,5,6,5,4,6,2,1,7,3,10,11,10,3,5,agree,5,agree,5,agree,5,agree,5.00,5,agree,5,agree,5,agree,5,agree,5.00,5,agree,4,agree,5,agree,4.67,2,disagree,4,agree,5,agree,4,agree,5,agree,2,disagree,2,disagree,2,disagree,2,disagree,4,agree,2,disagree,2,disagree,2,disagree,,,,,,,,,,,,,,,,,,,,,,,,,,,,,,,,,,,,,,,,,,
270,34,Male,,Poland,Postgraduate degree,11-20,3.67,Once every 3 months,Weekly,5,5,5,5,5,5,5,6,5,5,5,5,10,10,10,11,10,10,4,agree,4,agree,4,agree,4,agree,4.00,4,agree,4,agree,4,agree,4,agree,4.00,4,agree,4,agree,4,agree,4.00,3,neutral,4,agree,4,agree,3,neutral,2,disagree,1,disagree,3,neutral,2,disagree,2,disagree,4,agree,2,disagree,2,disagree,2,disagree,,,,,,,,,,,,,,,,,,,,,,,,,,,,,,,,,,,,,,,,,,
536,41,Male,,United Kingdom,Postgraduate degree,1-10,3.50,Yearly,Weekly,6,6,5,5,6,6,6,6,6,6,4,1,12,10,12,12,12,5,4,agree,4,agree,5,agree,5,agree,4.50,4,agree,4,agree,4,agree,4,agree,4.00,5,agree,4,agree,4,agree,4.33,3,neutral,5,agree,4,agree,4,agree,3,neutral,4,agree,2,disagree,2,disagree,4,agree,4,agree,2,disagree,2,disagree,2,disagree,,,,,,,,,,,,,,,,,,,,,,,,,,,,,,,,,,,,,,,,,,
694,20,Female,,United Kingdom,Further education,11-20,3.50,Yearly,Weekly,6,7,5,3,6,7,5,7,3,6,1,1,13,8,13,12,9,2,5,agree,5,agree,5,agree,5,agree,5.00,5,agree,5,agree,5,agree,4,agree,4.75,5,agree,5,agree,4,agree,4.67,1,disagree,4,agree,5,agree,2,disagree,5,agree,4,agree,2,disagree,4,agree,4,agree,4,agree,2,disagree,2,disagree,2,disagree,,,,,,,,,,,,,,,,,,,,,,,,,,,,,,,,,,,,,,,,,,
247,22,Male,,Estonia,Further education,11-20,4.50,Never,Weekly,7,7,5,3,5,6,6,6,6,6,2,2,14,8,11,12,12,4,5,agree,4,agree,5,agree,5,agree,4.75,5,agree,5,agree,5,agree,5,agree,5.00,4,agree,4,agree,4,agree,4.00,4,agree,5,agree,5,agree,2,disagree,4,agree,3,neutral,2,disagree,2,disagree,4,agree,5,agree,2,disagree,2,disagree,2,disagree,,,,,,,,,,,,,,,,,,,,,,,,,,,,,,,,,,,,,,,,,,
605,31,Male,,Canada,Further education,31+,3.50,Never,Weekly,5,5,5,5,6,4,6,6,6,7,7,5,10,10,10,12,13,12,3,neutral,2,disagree,3,neutral,2,disagree,2.50,4,agree,4,agree,4,agree,4,agree,4.00,4,agree,4,agree,5,agree,4.33,4,agree,4,agree,5,agree,3,neutral,1,disagree,4,agree,3,neutral,4,agree,4,agree,4,agree,3,neutral,2,disagree,2,disagree,,,,,,,,,,,,,,,,,,,,,,,,,,,,,,,,,,,,,,,,,,
574,36,Female,,Canada,Further education,11-20,4.83,Yearly,Weekly,5,6,5,6,6,4,5,6,7,6,5,2,11,11,10,11,13,7,4,agree,3,neutral,4,agree,3,neutral,3.50,2,disagree,4,agree,3,neutral,3,neutral,3.00,4,agree,4,agree,4,agree,4.00,3,neutral,3,neutral,3,neutral,1,disagree,2,disagree,4,agree,1,disagree,3,neutral,4,agree,5,agree,3,neutral,2,disagree,2,disagree,,,,,,,,,,,,,,,,,,,,,,,,,,,,,,,,,,,,,,,,,,
298,24,Male,,Poland,Undergraduate degree,1-10,4.00,Yearly,Weekly,7,7,4,7,7,6,7,7,6,7,3,6,14,11,13,14,13,9,4,agree,3,neutral,3,neutral,4,agree,3.50,4,agree,3,neutral,5,agree,4,agree,4.00,3,neutral,3,neutral,3,neutral,3.00,3,neutral,2,disagree,2,disagree,3,neutral,3,neutral,4,agree,2,disagree,2,disagree,3,neutral,4,agree,4,agree,2,disagree,2,disagree,,,,,,,,,,,,,,,,,,,,,,,,,,,,,,,,,,,,,,,,,,
699,23,Female,,United Kingdom,Further education,11-20,3.33,Never,Weekly,7,7,3,5,5,5,6,6,4,5,2,2,14,8,10,12,9,4,4,agree,4,agree,5,agree,5,agree,4.50,5,agree,5,agree,5,agree,5,agree,5.00,3,neutral,3,neutral,2,disagree,2.67,3,neutral,4,agree,5,agree,3,neutral,2,disagree,5,agree,2,disagree,4,agree,4,agree,4,agree,4,agree,2,disagree,2,disagree,,,,,,,,,,,,,,,,,,,,,,,,,,,,,,,,,,,,,,,,,,
808,48,Female,,United States of America,Postgraduate degree,11-20,4.17,Yearly,Weekly,6,5,3,2,4,6,6,5,5,5,5,1,11,5,10,11,10,6,5,agree,5,agree,5,agree,5,agree,5.00,4,agree,5,agree,5,agree,4,agree,4.50,5,agree,5,agree,5,agree,5.00,3,neutral,4,agree,5,agree,2,disagree,2,disagree,2,disagree,4,agree,4,agree,4,agree,4,agree,4,agree,2,disagree,2,disagree,,,,,,,,,,,,,,,,,,,,,,,,,,,,,,,,,,,,,,,,,,
748,27,Female,,The Netherlands,Postgraduate degree,11-20,4.50,Monthly,Weekly,7,5,6,6,6,6,7,7,6,6,5,4,12,12,12,14,12,9,4,agree,4,agree,4,agree,4,agree,4.00,4,agree,4,agree,5,agree,4,agree,4.25,4,agree,4,agree,3,neutral,3.67,3,neutral,4,agree,5,agree,4,agree,4,agree,5,agree,4,agree,4,agree,4,agree,5,agree,4,agree,2,disagree,2,disagree,,,,,,,,,,,,,,,,,,,,,,,,,,,,,,,,,,,,,,,,,,
742,27,Female,,United Kingdom,Undergraduate degree,11-20,4.50,Never,Weekly,6,6,6,5,5,6,6,6,5,6,2,1,12,11,11,12,11,3,5,agree,4,agree,4,agree,4,agree,4.25,5,agree,4,agree,5,agree,4,agree,4.50,5,agree,5,agree,4,agree,4.67,3,neutral,5,agree,5,agree,2,disagree,4,agree,4,agree,5,agree,4,agree,4,agree,5,agree,4,agree,2,disagree,2,disagree,,,,,,,,,,,,,,,,,,,,,,,,,,,,,,,,,,,,,,,,,,
376,41,Female,,United States of America,Secondary school,31+,3.83,Never,Weekly,4,3,2,5,4,5,4,6,7,7,6,6,7,7,9,10,14,12,4,agree,5,agree,5,agree,5,agree,4.75,5,agree,5,agree,5,agree,5,agree,5.00,5,agree,5,agree,5,agree,5.00,2,disagree,5,agree,4,agree,2,disagree,5,agree,4,agree,5,agree,5,agree,5,agree,5,agree,4,agree,2,disagree,2,disagree,,,,,,,,,,,,,,,,,,,,,,,,,,,,,,,,,,,,,,,,,,
638,47,Other,,United States of America,Undergraduate degree,21-30,4.00,Once every 6 months,Weekly,7,7,7,7,4,6,7,7,6,6,5,2,14,14,10,14,12,7,3,neutral,3,neutral,3,neutral,4,agree,3.25,2,disagree,3,neutral,2,disagree,3,neutral,2.50,4,agree,4,agree,2,disagree,3.33,3,neutral,1,disagree,1,disagree,1,disagree,1,disagree,5,agree,5,agree,5,agree,5,agree,5,agree,4,agree,2,disagree,2,disagree,,,,,,,,,,,,,,,,,,,,,,,,,,,,,,,,,,,,,,,,,,
198,50,Male,,United Kingdom,Secondary school,11-20,4.83,Monthly,Weekly,6,6,6,4,7,7,6,6,5,5,5,5,12,10,14,12,10,10,4,agree,4,agree,4,agree,4,agree,4.00,4,agree,5,agree,4,agree,5,agree,4.50,5,agree,5,agree,5,agree,5.00,4,agree,5,agree,5,agree,4,agree,3,neutral,4,agree,4,agree,4,agree,4,agree,5,agree,5,agree,2,disagree,2,disagree,,,,,,,,,,,,,,,,,,,,,,,,,,,,,,,,,,,,,,,,,,
766,31,Male,,United States of America,Postgraduate degree,1-10,3.67,Never,Weekly,7,6,6,5,6,7,6,6,5,6,3,3,13,11,13,12,11,6,2,disagree,3,neutral,3,neutral,4,agree,3.00,2,disagree,4,agree,4,agree,4,agree,3.50,4,agree,3,neutral,2,disagree,3.00,4,agree,2,disagree,4,agree,3,neutral,2,disagree,5,agree,5,agree,2,disagree,5,agree,5,agree,5,agree,2,disagree,2,disagree,,,,,,,,,,,,,,,,,,,,,,,,,,,,,,,,,,,,,,,,,,
709,25,Other,Trangender male,France,Undergraduate degree,21-30,4.83,Never,Weekly,7,7,7,7,7,7,5,5,7,7,5,3,14,14,14,10,14,8,5,agree,5,agree,5,agree,5,agree,5.00,5,agree,5,agree,5,agree,5,agree,5.00,5,agree,5,agree,2,disagree,4.00,3,neutral,2,disagree,5,agree,3,neutral,3,neutral,5,agree,4,agree,5,agree,5,agree,5,agree,5,agree,2,disagree,2,disagree,,,,,,,,,,,,,,,,,,,,,,,,,,,,,,,,,,,,,,,,,,
767,31,Female,,United States of America,Postgraduate degree,11-20,3.83,Monthly,Weekly,6,6,3,3,6,6,6,5,6,6,2,3,12,6,12,11,12,5,4,agree,5,agree,5,agree,5,agree,4.75,5,agree,5,agree,5,agree,5,agree,5.00,5,agree,4,agree,3,neutral,4.00,3,neutral,5,agree,4,agree,1,disagree,4,agree,2,disagree,2,disagree,3,neutral,3,neutral,3,neutral,2,disagree,3,neutral,2,disagree,,,,,,,,,,,,,,,,,,,,,,,,,,,,,,,,,,,,,,,,,,
93,31,Female,,Poland,Undergraduate degree,21-30,3.50,Once every 3 months,Weekly,7,7,6,6,7,7,7,7,6,6,2,5,14,12,14,14,12,7,4,agree,4,agree,5,agree,5,agree,4.50,5,agree,5,agree,5,agree,5,agree,5.00,5,agree,5,agree,4,agree,4.67,3,neutral,5,agree,5,agree,5,agree,3,neutral,3,neutral,3,neutral,4,agree,4,agree,5,agree,5,agree,3,neutral,2,disagree,,,,,,,,,,,,,,,,,,,,,,,,,,,,,,,,,,,,,,,,,,
530,32,Female,,United Kingdom,Undergraduate degree,21-30,3.33,Yearly,Weekly,6,7,5,5,5,5,6,6,5,5,2,4,13,10,10,12,10,6,4,agree,4,agree,4,agree,4,agree,4.00,4,agree,4,agree,4,agree,4,agree,4.00,4,agree,4,agree,4,agree,4.00,2,disagree,4,agree,4,agree,2,disagree,2,disagree,3,neutral,3,neutral,4,agree,5,agree,5,agree,4,agree,4,agree,2,disagree,,,,,,,,,,,,,,,,,,,,,,,,,,,,,,,,,,,,,,,,,,
484,32,Other,Agender,United States of America,Further education,1-10,4.00,Never,Weekly,6,6,5,5,6,7,3,5,4,5,2,2,12,10,13,8,9,4,2,disagree,2,disagree,3,neutral,4,agree,2.75,4,agree,4,agree,3,neutral,3,neutral,3.50,4,agree,5,agree,5,agree,4.67,3,neutral,4,agree,4,agree,4,agree,2,disagree,5,agree,1,disagree,4,agree,5,agree,5,agree,3,neutral,1,disagree,3,neutral,,,,,,,,,,,,,,,,,,,,,,,,,,,,,,,,,,,,,,,,,,
341,36,Male,,France,Undergraduate degree,11-20,3.50,Monthly,Weekly,6,5,6,6,6,6,6,6,5,5,3,3,11,12,12,12,10,6,3,neutral,3,neutral,3,neutral,4,agree,3.25,4,agree,4,agree,4,agree,4,agree,4.00,4,agree,4,agree,3,neutral,3.67,3,neutral,5,agree,4,agree,2,disagree,3,neutral,1,disagree,2,disagree,2,disagree,3,neutral,2,disagree,1,disagree,2,disagree,3,neutral,,,,,,,,,,,,,,,,,,,,,,,,,,,,,,,,,,,,,,,,,,
765,31,Female,,United Kingdom,Further education,11-20,4.83,Yearly,Weekly,7,6,5,6,3,7,7,7,6,7,3,3,13,11,10,14,13,6,5,agree,5,agree,5,agree,5,agree,5.00,3,neutral,5,agree,5,agree,5,agree,4.50,5,agree,5,agree,5,agree,5.00,3,neutral,5,agree,5,agree,4,agree,4,agree,4,agree,3,neutral,3,neutral,4,agree,4,agree,3,neutral,2,disagree,3,neutral,,,,,,,,,,,,,,,,,,,,,,,,,,,,,,,,,,,,,,,,,,
693,20,Female,,Sweden,Further education,11-20,4.67,Yearly,Weekly,7,6,5,5,6,6,5,6,3,6,2,1,13,10,12,11,9,3,5,agree,5,agree,5,agree,5,agree,5.00,5,agree,5,agree,5,agree,5,agree,5.00,5,agree,5,agree,3,neutral,4.33,2,disagree,4,agree,5,agree,2,disagree,5,agree,4,agree,3,neutral,3,neutral,4,agree,4,agree,4,agree,2,disagree,3,neutral,,,,,,,,,,,,,,,,,,,,,,,,,,,,,,,,,,,,,,,,,,
473,25,Female,,France,Undergraduate degree,11-20,4.50,Never,Weekly,7,7,6,6,7,7,7,7,5,5,2,2,14,12,14,14,10,4,4,agree,4,agree,4,agree,5,agree,4.25,4,agree,4,agree,4,agree,4,agree,4.00,5,agree,4,agree,2,disagree,3.67,3,neutral,4,agree,5,agree,3,neutral,4,agree,4,agree,3,neutral,4,agree,4,agree,4,agree,4,agree,2,disagree,3,neutral,,,,,,,,,,,,,,,,,,,,,,,,,,,,,,,,,,,,,,,,,,
479,64,Female,,United Kingdom,Further education,11-20,4.50,Monthly,Weekly,7,7,5,2,5,7,7,6,5,6,3,2,14,7,12,13,11,5,2,disagree,4,agree,4,agree,4,agree,3.50,2,disagree,4,agree,2,disagree,4,agree,3.00,5,agree,5,agree,5,agree,5.00,1,disagree,4,agree,4,agree,4,agree,3,neutral,4,agree,4,agree,4,agree,4,agree,4,agree,4,agree,2,disagree,3,neutral,,,,,,,,,,,,,,,,,,,,,,,,,,,,,,,,,,,,,,,,,,
700,23,Male,,United States of America,Undergraduate degree,1-10,4.83,Never,Weekly,6,6,3,3,7,7,7,6,5,7,5,3,12,6,14,13,12,8,5,agree,5,agree,5,agree,5,agree,5.00,4,agree,5,agree,5,agree,4,agree,4.50,5,agree,5,agree,5,agree,5.00,3,neutral,4,agree,4,agree,2,disagree,1,disagree,4,agree,3,neutral,4,agree,5,agree,4,agree,4,agree,2,disagree,3,neutral,,,,,,,,,,,,,,,,,,,,,,,,,,,,,,,,,,,,,,,,,,
717,26,Female,,United Kingdom,Undergraduate degree,11-20,3.00,Never,Weekly,6,6,6,6,5,7,6,6,6,6,2,2,12,12,12,12,12,4,4,agree,4,agree,4,agree,5,agree,4.25,5,agree,4,agree,4,agree,2,disagree,3.75,5,agree,5,agree,4,agree,4.67,4,agree,5,agree,4,agree,3,neutral,3,neutral,3,neutral,3,neutral,3,neutral,3,neutral,5,agree,1,disagree,3,neutral,3,neutral,,,,,,,,,,,,,,,,,,,,,,,,,,,,,,,,,,,,,,,,,,
659,37,Male,,United Kingdom,Postgraduate degree,11-20,4.33,Monthly,Weekly,7,7,6,6,5,5,5,6,3,6,2,2,14,12,10,11,9,4,3,neutral,4,agree,4,agree,4,agree,3.75,4,agree,4,agree,4,agree,4,agree,4.00,2,disagree,3,neutral,2,disagree,2.33,3,neutral,2,disagree,4,agree,2,disagree,4,agree,3,neutral,3,neutral,3,neutral,3,neutral,3,neutral,3,neutral,3,neutral,3,neutral,,,,,,,,,,,,,,,,,,,,,,,,,,,,,,,,,,,,,,,,,,
443,27,Female,,United States of America,Secondary school,11-20,4.33,Once every 3 months,Weekly,7,7,4,5,7,7,6,6,5,3,2,2,14,9,14,12,8,4,4,agree,4,agree,3,neutral,4,agree,3.75,4,agree,4,agree,4,agree,4,agree,4.00,5,agree,4,agree,4,agree,4.33,4,agree,4,agree,3,neutral,3,neutral,5,agree,4,agree,2,disagree,3,neutral,4,agree,4,agree,3,neutral,3,neutral,3,neutral,,,,,,,,,,,,,,,,,,,,,,,,,,,,,,,,,,,,,,,,,,
522,34,Male,,Poland,Undergraduate degree,21-30,4.17,Once every 3 months,Weekly,6,6,5,2,5,6,6,6,5,6,5,4,12,7,11,12,11,9,4,agree,4,agree,4,agree,4,agree,4.00,5,agree,5,agree,5,agree,5,agree,5.00,5,agree,5,agree,3,neutral,4.33,4,agree,3,neutral,3,neutral,2,disagree,3,neutral,3,neutral,3,neutral,4,agree,4,agree,4,agree,3,neutral,3,neutral,3,neutral,,,,,,,,,,,,,,,,,,,,,,,,,,,,,,,,,,,,,,,,,,
810,65,Male,,United Kingdom,Postgraduate degree,11-20,3.50,Yearly,Weekly,7,6,5,1,7,7,5,5,4,5,4,3,13,6,14,10,9,7,4,agree,5,agree,5,agree,5,agree,4.75,2,disagree,3,neutral,4,agree,1,disagree,2.50,5,agree,5,agree,4,agree,4.67,1,disagree,1,disagree,1,disagree,2,disagree,1,disagree,4,agree,3,neutral,4,agree,4,agree,4,agree,4,agree,3,neutral,3,neutral,,,,,,,,,,,,,,,,,,,,,,,,,,,,,,,,,,,,,,,,,,
702,24,Male,,Australia,Postgraduate degree,11-20,3.67,Yearly,Weekly,7,7,6,7,5,5,5,6,6,7,3,4,14,13,10,11,13,7,5,agree,5,agree,5,agree,5,agree,5.00,5,agree,5,agree,5,agree,4,agree,4.75,5,agree,5,agree,5,agree,5.00,4,agree,5,agree,4,agree,2,disagree,5,agree,5,agree,3,neutral,4,agree,5,agree,5,agree,5,agree,3,neutral,3,neutral,,,,,,,,,,,,,,,,,,,,,,,,,,,,,,,,,,,,,,,,,,
133,36,Male,,Australia,Postgraduate degree,1-10,4.17,Never,Weekly,7,7,5,4,5,5,5,6,5,5,5,5,14,9,10,11,10,10,3,neutral,4,agree,3,neutral,4,agree,3.50,4,agree,4,agree,4,agree,4,agree,4.00,5,agree,4,agree,4,agree,4.33,3,neutral,4,agree,4,agree,2,disagree,2,disagree,5,agree,4,agree,5,agree,5,agree,5,agree,5,agree,3,neutral,3,neutral,,,,,,,,,,,,,,,,,,,,,,,,,,,,,,,,,,,,,,,,,,
328,30,Female,,The Netherlands,Undergraduate degree,11-20,4.50,Never,Weekly,7,7,6,7,6,6,6,5,6,4,2,3,14,13,12,11,10,5,3,neutral,4,agree,3,neutral,4,agree,3.50,3,neutral,4,agree,4,agree,3,neutral,3.50,5,agree,4,agree,4,agree,4.33,3,neutral,4,agree,4,agree,4,agree,4,agree,4,agree,4,agree,5,agree,4,agree,4,agree,3,neutral,4,agree,3,neutral,,,,,,,,,,,,,,,,,,,,,,,,,,,,,,,,,,,,,,,,,,
727,27,Male,,United Kingdom,Undergraduate degree,1-10,4.83,Monthly,Weekly,7,7,5,5,5,7,6,7,5,7,4,4,14,10,12,13,12,8,5,agree,5,agree,5,agree,5,agree,5.00,4,agree,5,agree,5,agree,4,agree,4.50,5,agree,5,agree,4,agree,4.67,1,disagree,5,agree,4,agree,4,agree,1,disagree,3,neutral,3,neutral,4,agree,4,agree,4,agree,4,agree,4,agree,3,neutral,,,,,,,,,,,,,,,,,,,,,,,,,,,,,,,,,,,,,,,,,,
786,32,Female,,United Kingdom,Undergraduate degree,21-30,3.00,Never,Weekly,5,5,5,5,1,5,5,5,2,5,2,2,10,10,6,10,7,4,2,disagree,2,disagree,4,agree,5,agree,3.25,4,agree,4,agree,4,agree,4,agree,4.00,5,agree,2,disagree,2,disagree,3.00,3,neutral,2,disagree,5,agree,3,neutral,2,disagree,4,agree,4,agree,2,disagree,3,neutral,5,agree,4,agree,4,agree,3,neutral,,,,,,,,,,,,,,,,,,,,,,,,,,,,,,,,,,,,,,,,,,
778,37,Female,,Sweden,Further education,21-30,4.33,Never,Weekly,6,7,5,5,6,7,5,7,6,7,5,3,13,10,13,12,13,8,4,agree,4,agree,4,agree,5,agree,4.25,5,agree,5,agree,5,agree,5,agree,5.00,5,agree,5,agree,4,agree,4.67,2,disagree,5,agree,4,agree,1,disagree,4,agree,4,agree,4,agree,4,agree,4,agree,5,agree,4,agree,4,agree,3,neutral,,,,,,,,,,,,,,,,,,,,,,,,,,,,,,,,,,,,,,,,,,
419,22,Female,,Poland,Secondary school,1-10,3.83,Never,Weekly,7,7,6,6,2,6,7,6,7,6,1,2,14,12,8,13,13,3,2,disagree,4,agree,2,disagree,5,agree,3.25,1,disagree,2,disagree,5,agree,5,agree,3.25,5,agree,3,neutral,4,agree,4.00,3,neutral,4,agree,2,disagree,4,agree,4,agree,4,agree,4,agree,4,agree,4,agree,5,agree,4,agree,4,agree,3,neutral,,,,,,,,,,,,,,,,,,,,,,,,,,,,,,,,,,,,,,,,,,
116,31,Female,,United Kingdom,Further education,11-20,3.00,Monthly,Weekly,5,5,5,5,4,6,7,6,4,5,5,4,10,10,10,13,9,9,3,neutral,3,neutral,4,agree,4,agree,3.50,5,agree,5,agree,5,agree,4,agree,4.75,4,agree,4,agree,3,neutral,3.67,2,disagree,3,neutral,3,neutral,3,neutral,2,disagree,2,disagree,4,agree,4,agree,5,agree,5,agree,4,agree,4,agree,3,neutral,,,,,,,,,,,,,,,,,,,,,,,,,,,,,,,,,,,,,,,,,,
57,57,Male,,United States of America,Undergraduate degree,21-30,4.83,Once every 6 months,Weekly,6,7,3,3,4,5,6,5,7,6,3,4,13,6,9,11,13,7,4,agree,4,agree,4,agree,5,agree,4.25,4,agree,4,agree,4,agree,4,agree,4.00,4,agree,4,agree,5,agree,4.33,3,neutral,4,agree,4,agree,3,neutral,4,agree,3,neutral,4,agree,1,disagree,4,agree,4,agree,5,agree,4,agree,3,neutral,,,,,,,,,,,,,,,,,,,,,,,,,,,,,,,,,,,,,,,,,,
235,26,Male,,Italy,Postgraduate degree,1-10,3.83,Yearly,Weekly,5,5,4,5,6,6,5,6,6,7,3,4,10,9,12,11,13,7,3,neutral,3,neutral,2,disagree,3,neutral,2.75,2,disagree,2,disagree,3,neutral,2,disagree,2.25,4,agree,3,neutral,3,neutral,3.33,3,neutral,3,neutral,3,neutral,1,disagree,3,neutral,5,agree,3,neutral,4,agree,5,agree,5,agree,5,agree,4,agree,3,neutral,,,,,,,,,,,,,,,,,,,,,,,,,,,,,,,,,,,,,,,,,,
500,36,Male,,United Kingdom,Undergraduate degree,31+,4.17,Yearly,Weekly,6,6,5,5,7,7,6,7,6,7,2,1,12,10,14,13,13,3,4,agree,4,agree,4,agree,4,agree,4.00,4,agree,4,agree,4,agree,4,agree,4.00,3,neutral,4,agree,4,agree,3.67,3,neutral,4,agree,3,neutral,4,agree,4,agree,5,agree,3,neutral,4,agree,5,agree,5,agree,5,agree,4,agree,3,neutral,,,,,,,,,,,,,,,,,,,,,,,,,,,,,,,,,,,,,,,,,,
744,24,Female,,Germany,Undergraduate degree,11-20,3.67,Yearly,Weekly,7,7,6,5,6,6,7,7,7,7,2,2,14,11,12,14,14,4,4,agree,4,agree,4,agree,4,agree,4.00,4,agree,5,agree,4,agree,4,agree,4.25,4,agree,3,neutral,3,neutral,3.33,3,neutral,5,agree,5,agree,4,agree,2,disagree,5,agree,3,neutral,5,agree,5,agree,5,agree,5,agree,1,disagree,4,agree,,,,,,,,,,,,,,,,,,,,,,,,,,,,,,,,,,,,,,,,,,
551,34,Male,,United Kingdom,Undergraduate degree,1-10,3.17,Never,Weekly,6,6,6,6,7,7,7,7,5,6,3,3,12,12,14,14,11,6,4,agree,4,agree,4,agree,3,neutral,3.75,5,agree,5,agree,5,agree,4,agree,4.75,5,agree,5,agree,5,agree,5.00,4,agree,4,agree,5,agree,5,agree,5,agree,5,agree,4,agree,5,agree,5,agree,5,agree,5,agree,1,disagree,4,agree,,,,,,,,,,,,,,,,,,,,,,,,,,,,,,,,,,,,,,,,,,
785,34,Female,,United States of America,Undergraduate degree,1-10,5.00,Yearly,Weekly,7,7,5,3,6,6,6,6,6,5,4,3,14,8,12,12,11,7,4,agree,4,agree,5,agree,5,agree,4.50,4,agree,4,agree,4,agree,4,agree,4.00,5,agree,5,agree,4,agree,4.67,3,neutral,4,agree,2,disagree,3,neutral,2,disagree,2,disagree,4,agree,4,agree,4,agree,4,agree,1,disagree,2,disagree,4,agree,,,,,,,,,,,,,,,,,,,,,,,,,,,,,,,,,,,,,,,,,,
365,54,Male,,United Kingdom,Undergraduate degree,11-20,4.00,Monthly,Weekly,7,6,6,6,7,7,7,6,6,7,4,5,13,12,14,13,13,9,5,agree,4,agree,4,agree,4,agree,4.25,4,agree,5,agree,4,agree,5,agree,4.50,5,agree,5,agree,4,agree,4.67,1,disagree,4,agree,5,agree,5,agree,5,agree,4,agree,3,neutral,2,disagree,3,neutral,4,agree,2,disagree,2,disagree,4,agree,,,,,,,,,,,,,,,,,,,,,,,,,,,,,,,,,,,,,,,,,,
789,35,Female,,Canada,Postgraduate degree,1-10,4.67,Monthly,Weekly,7,7,5,5,5,7,6,7,7,7,5,2,14,10,12,13,14,7,2,disagree,2,disagree,4,agree,4,agree,3.00,3,neutral,4,agree,3,neutral,3,neutral,3.25,3,neutral,2,disagree,2,disagree,2.33,3,neutral,1,disagree,4,agree,3,neutral,1,disagree,4,agree,4,agree,4,agree,4,agree,4,agree,2,disagree,2,disagree,4,agree,,,,,,,,,,,,,,,,,,,,,,,,,,,,,,,,,,,,,,,,,,
804,38,Male,,Australia,Undergraduate degree,11-20,4.67,Yearly,Weekly,7,7,6,7,7,7,4,6,6,7,7,4,14,13,14,10,13,11,5,agree,5,agree,5,agree,5,agree,5.00,5,agree,5,agree,5,agree,4,agree,4.75,5,agree,5,agree,5,agree,5.00,1,disagree,5,agree,5,agree,1,disagree,2,disagree,4,agree,1,disagree,2,disagree,2,disagree,5,agree,3,neutral,2,disagree,4,agree,,,,,,,,,,,,,,,,,,,,,,,,,,,,,,,,,,,,,,,,,,
413,46,Female,,United Kingdom,Further education,11-20,3.83,Yearly,Weekly,5,5,3,2,6,6,6,6,5,5,6,4,10,5,12,12,10,10,4,agree,4,agree,4,agree,4,agree,4.00,4,agree,4,agree,5,agree,4,agree,4.25,5,agree,4,agree,4,agree,4.33,3,neutral,4,agree,3,neutral,3,neutral,4,agree,5,agree,5,agree,5,agree,4,agree,5,agree,5,agree,2,disagree,4,agree,,,,,,,,,,,,,,,,,,,,,,,,,,,,,,,,,,,,,,,,,,
561,30,Male,,United States of America,Secondary school,21-30,3.83,Never,Weekly,6,7,1,1,6,7,6,6,7,7,6,5,13,2,13,12,14,11,5,agree,5,agree,5,agree,3,neutral,4.50,4,agree,4,agree,4,agree,4,agree,4.00,5,agree,5,agree,5,agree,5.00,3,neutral,3,neutral,5,agree,5,agree,5,agree,5,agree,4,agree,5,agree,5,agree,5,agree,5,agree,2,disagree,4,agree,,,,,,,,,,,,,,,,,,,,,,,,,,,,,,,,,,,,,,,,,,
805,39,Female,,United States of America,Undergraduate degree,11-20,4.50,Monthly,Weekly,5,6,5,5,6,6,6,6,6,6,5,4,11,10,12,12,12,9,4,agree,5,agree,5,agree,5,agree,4.75,5,agree,5,agree,5,agree,4,agree,4.75,5,agree,5,agree,5,agree,5.00,3,neutral,4,agree,5,agree,4,agree,4,agree,4,agree,3,neutral,2,disagree,4,agree,4,agree,4,agree,3,neutral,4,agree,,,,,,,,,,,,,,,,,,,,,,,,,,,,,,,,,,,,,,,,,,
261,41,Male,,Ireland,Undergraduate degree,11-20,2.67,Never,Weekly,6,6,2,3,6,6,6,6,2,6,2,2,12,5,12,12,8,4,2,disagree,1,disagree,1,disagree,2,disagree,1.50,4,agree,2,disagree,4,agree,2,disagree,3.00,1,disagree,3,neutral,1,disagree,1.67,3,neutral,3,neutral,3,neutral,1,disagree,1,disagree,5,agree,4,agree,4,agree,4,agree,4,agree,4,agree,3,neutral,4,agree,,,,,,,,,,,,,,,,,,,,,,,,,,,,,,,,,,,,,,,,,,
120,28,Female,,Germany,Undergraduate degree,31+,3.67,Never,Weekly,6,6,5,4,5,6,5,6,6,6,5,5,12,9,11,11,12,10,5,agree,4,agree,4,agree,5,agree,4.50,5,agree,5,agree,5,agree,4,agree,4.75,5,agree,5,agree,3,neutral,4.33,4,agree,4,agree,5,agree,3,neutral,4,agree,5,agree,4,agree,4,agree,3,neutral,5,agree,5,agree,3,neutral,4,agree,,,,,,,,,,,,,,,,,,,,,,,,,,,,,,,,,,,,,,,,,,
225,28,Male,,United Kingdom,Further education,21-30,4.83,Never,Weekly,7,7,2,2,5,6,6,6,4,6,1,4,14,4,11,12,10,5,5,agree,5,agree,5,agree,5,agree,5.00,5,agree,5,agree,5,agree,4,agree,4.75,5,agree,4,agree,4,agree,4.33,3,neutral,5,agree,5,agree,2,disagree,5,agree,5,agree,2,disagree,3,neutral,3,neutral,4,agree,1,disagree,4,agree,4,agree,,,,,,,,,,,,,,,,,,,,,,,,,,,,,,,,,,,,,,,,,,
772,32,Female,,United States of America,Undergraduate degree,11-20,5.00,Once every 3 months,Weekly,7,6,6,6,7,6,5,5,6,7,3,3,13,12,13,10,13,6,5,agree,5,agree,5,agree,5,agree,5.00,4,agree,5,agree,4,agree,5,agree,4.50,5,agree,5,agree,3,neutral,4.33,3,neutral,4,agree,5,agree,5,agree,5,agree,2,disagree,4,agree,4,agree,4,agree,4,agree,1,disagree,4,agree,4,agree,,,,,,,,,,,,,,,,,,,,,,,,,,,,,,,,,,,,,,,,,,
797,36,Female,,United States of America,Further education,1-10,4.33,Yearly,Weekly,7,6,5,6,7,6,5,6,6,6,6,4,13,11,13,11,12,10,4,agree,4,agree,5,agree,4,agree,4.25,4,agree,4,agree,4,agree,3,neutral,3.75,4,agree,4,agree,3,neutral,3.67,2,disagree,4,agree,5,agree,2,disagree,3,neutral,4,agree,3,neutral,5,agree,4,agree,4,agree,2,disagree,4,agree,4,agree,,,,,,,,,,,,,,,,,,,,,,,,,,,,,,,,,,,,,,,,,,
803,38,Other,,United States of America,Undergraduate degree,11-20,4.67,Yearly,Weekly,7,7,1,1,5,4,2,5,7,7,6,7,14,2,9,7,14,13,5,agree,5,agree,5,agree,5,agree,5.00,5,agree,5,agree,5,agree,5,agree,5.00,5,agree,5,agree,4,agree,4.67,1,disagree,5,agree,2,disagree,1,disagree,5,agree,5,agree,4,agree,5,agree,4,agree,5,agree,3,neutral,4,agree,4,agree,,,,,,,,,,,,,,,,,,,,,,,,,,,,,,,,,,,,,,,,,,
582,29,Female,,Poland,Postgraduate degree,1-10,4.67,Once every 3 months,Weekly,7,7,6,2,4,6,5,4,7,6,5,5,14,8,10,9,13,10,5,agree,4,agree,5,agree,5,agree,4.75,5,agree,5,agree,5,agree,4,agree,4.75,4,agree,4,agree,4,agree,4.00,3,neutral,4,agree,3,neutral,5,agree,3,neutral,4,agree,2,disagree,5,agree,5,agree,5,agree,3,neutral,4,agree,4,agree,,,,,,,,,,,,,,,,,,,,,,,,,,,,,,,,,,,,,,,,,,
456,31,Male,,Slovenia,Postgraduate degree,31+,4.17,Never,Weekly,6,6,3,2,3,6,6,6,4,6,3,2,12,5,9,12,10,5,2,disagree,2,disagree,4,agree,3,neutral,2.75,4,agree,4,agree,4,agree,4,agree,4.00,3,neutral,2,disagree,1,disagree,2.00,3,neutral,3,neutral,5,agree,2,disagree,3,neutral,4,agree,3,neutral,3,neutral,3,neutral,4,agree,4,agree,4,agree,4,agree,,,,,,,,,,,,,,,,,,,,,,,,,,,,,,,,,,,,,,,,,,
779,34,Female,,Canada,Further education,31+,4.83,Once every 3 months,Weekly,6,7,6,6,6,6,6,6,5,5,2,2,13,12,12,12,10,4,5,agree,5,agree,5,agree,5,agree,5.00,5,agree,5,agree,4,agree,4,agree,4.50,4,agree,4,agree,4,agree,4.00,3,neutral,4,agree,5,agree,3,neutral,5,agree,3,neutral,4,agree,4,agree,4,agree,4,agree,4,agree,4,agree,4,agree,,,,,,,,,,,,,,,,,,,,,,,,,,,,,,,,,,,,,,,,,,
739,28,Female,,Canada,Undergraduate degree,21-30,4.17,Monthly,Weekly,7,7,5,6,3,4,7,7,3,5,4,2,14,11,7,14,8,6,5,agree,5,agree,5,agree,5,agree,5.00,5,agree,5,agree,5,agree,4,agree,4.75,5,agree,5,agree,3,neutral,4.33,4,agree,4,agree,3,neutral,1,disagree,2,disagree,4,agree,4,agree,4,agree,4,agree,4,agree,4,agree,4,agree,4,agree,,,,,,,,,,,,,,,,,,,,,,,,,,,,,,,,,,,,,,,,,,
281,32,Male,,Poland,Undergraduate degree,11-20,3.67,Never,Weekly,5,5,6,6,6,6,6,6,6,6,3,3,10,12,12,12,12,6,3,neutral,3,neutral,3,neutral,4,agree,3.25,3,neutral,4,agree,4,agree,4,agree,3.75,3,neutral,3,neutral,3,neutral,3.00,2,disagree,4,agree,5,agree,3,neutral,4,agree,5,agree,5,agree,4,agree,4,agree,4,agree,4,agree,4,agree,4,agree,,,,,,,,,,,,,,,,,,,,,,,,,,,,,,,,,,,,,,,,,,
525,22,Female,,United Kingdom,Undergraduate degree,1-10,4.83,Yearly,Weekly,6,6,6,6,2,6,7,7,6,7,2,2,12,12,8,14,13,4,5,agree,5,agree,5,agree,5,agree,5.00,5,agree,5,agree,5,agree,5,agree,5.00,4,agree,4,agree,3,neutral,3.67,5,agree,4,agree,4,agree,4,agree,3,neutral,3,neutral,4,agree,5,agree,4,agree,5,agree,4,agree,4,agree,4,agree,,,,,,,,,,,,,,,,,,,,,,,,,,,,,,,,,,,,,,,,,,
743,28,Male,,United States of America,Undergraduate degree,11-20,4.83,Once every 3 months,Weekly,7,7,6,6,6,6,5,7,5,3,5,2,14,12,12,12,8,7,5,agree,5,agree,5,agree,5,agree,5.00,4,agree,5,agree,5,agree,5,agree,4.75,4,agree,5,agree,5,agree,4.67,3,neutral,5,agree,2,disagree,4,agree,5,agree,5,agree,4,agree,5,agree,4,agree,5,agree,4,agree,4,agree,4,agree,,,,,,,,,,,,,,,,,,,,,,,,,,,,,,,,,,,,,,,,,,
826,34,Male,,United Kingdom,Further education,11-20,3.67,Never,Weekly,6,6,2,1,7,6,6,6,6,7,2,6,12,3,13,12,13,8,5,agree,4,agree,4,agree,4,agree,4.25,5,agree,5,agree,5,agree,3,neutral,4.50,3,neutral,5,agree,5,agree,4.33,3,neutral,5,agree,5,agree,4,agree,4,agree,4,agree,4,agree,4,agree,5,agree,4,agree,5,agree,4,agree,4,agree,,,,,,,,,,,,,,,,,,,,,,,,,,,,,,,,,,,,,,,,,,
816,42,Female,,Canada,Further education,1-10,4.00,Yearly,Weekly,6,6,5,6,5,7,6,7,7,7,5,3,12,11,12,13,14,8,5,agree,5,agree,5,agree,5,agree,5.00,5,agree,4,agree,5,agree,4,agree,4.50,5,agree,5,agree,5,agree,5.00,2,disagree,4,agree,5,agree,2,disagree,4,agree,5,agree,5,agree,2,disagree,5,agree,5,agree,5,agree,4,agree,4,agree,,,,,,,,,,,,,,,,,,,,,,,,,,,,,,,,,,,,,,,,,,
714,28,Female,,United Kingdom,Postgraduate degree,11-20,4.17,Monthly,Weekly,6,7,5,5,6,6,7,7,5,5,4,2,13,10,12,14,10,6,4,agree,5,agree,5,agree,5,agree,4.75,4,agree,4,agree,4,agree,4,agree,4.00,4,agree,5,agree,4,agree,4.33,3,neutral,5,agree,5,agree,4,agree,5,agree,4,agree,4,agree,4,agree,5,agree,5,agree,5,agree,4,agree,4,agree,,,,,,,,,,,,,,,,,,,,,,,,,,,,,,,,,,,,,,,,,,
394,50,Male,,United Kingdom,Further education,11-20,4.67,Yearly,Weekly,5,6,6,4,6,6,3,6,5,6,5,3,11,10,12,9,11,8,2,disagree,3,neutral,4,agree,4,agree,3.25,3,neutral,3,neutral,3,neutral,3,neutral,3.00,5,agree,5,agree,4,agree,4.67,3,neutral,1,disagree,4,agree,4,agree,1,disagree,5,agree,5,agree,5,agree,5,agree,5,agree,5,agree,4,agree,4,agree,,,,,,,,,,,,,,,,,,,,,,,,,,,,,,,,,,,,,,,,,,
406,50,Male,,United States of America,Undergraduate degree,11-20,3.33,Yearly,Weekly,6,7,6,5,7,7,6,7,6,7,4,2,13,11,14,13,13,6,2,disagree,2,disagree,3,neutral,4,agree,2.75,5,agree,4,agree,4,agree,5,agree,4.50,5,agree,5,agree,4,agree,4.67,4,agree,4,agree,4,agree,5,agree,2,disagree,5,agree,4,agree,2,disagree,4,agree,5,agree,5,agree,2,disagree,5,agree,,,,,,,,,,,,,,,,,,,,,,,,,,,,,,,,,,,,,,,,,,
63,48,Female,,United States of America,Further education,21-30,4.33,Yearly,Weekly,7,6,6,6,7,7,6,6,6,6,4,2,13,12,14,12,12,6,4,agree,5,agree,4,agree,5,agree,4.50,4,agree,5,agree,5,agree,4,agree,4.50,5,agree,5,agree,4,agree,4.67,3,neutral,5,agree,5,agree,4,agree,5,agree,4,agree,5,agree,4,agree,4,agree,5,agree,5,agree,3,neutral,5,agree,,,,,,,,,,,,,,,,,,,,,,,,,,,,,,,,,,,,,,,,,,
820,28,Female,,Spain,Undergraduate degree,11-20,3.00,Yearly,Weekly,7,7,5,5,6,7,4,6,6,7,4,4,14,10,13,10,13,8,4,agree,4,agree,5,agree,5,agree,4.50,4,agree,4,agree,4,agree,4,agree,4.00,4,agree,4,agree,4,agree,4.00,3,neutral,4,agree,3,neutral,4,agree,4,agree,4,agree,5,agree,5,agree,5,agree,5,agree,5,agree,3,neutral,5,agree,,,,,,,,,,,,,,,,,,,,,,,,,,,,,,,,,,,,,,,,,,
106,44,Female,,United States of America,Secondary school,21-30,3.50,Yearly,Weekly,5,5,2,4,7,5,5,5,6,7,2,2,10,6,12,10,13,4,3,neutral,1,disagree,1,disagree,2,disagree,1.75,1,disagree,1,disagree,1,disagree,1,disagree,1.00,1,disagree,1,disagree,1,disagree,1.00,1,disagree,3,neutral,3,neutral,3,neutral,3,neutral,4,agree,4,agree,3,neutral,4,agree,5,agree,4,agree,4,agree,5,agree,,,,,,,,,,,,,,,,,,,,,,,,,,,,,,,,,,,,,,,,,,
55,33,Male,,Portugal,Undergraduate degree,1-10,5.00,Never,Weekly,4,5,3,3,6,6,6,6,6,7,3,3,9,6,12,12,13,6,2,disagree,1,disagree,3,neutral,3,neutral,2.25,4,agree,2,disagree,4,agree,2,disagree,3.00,5,agree,5,agree,2,disagree,4.00,4,agree,2,disagree,4,agree,1,disagree,1,disagree,4,agree,4,agree,4,agree,5,agree,5,agree,4,agree,4,agree,5,agree,,,,,,,,,,,,,,,,,,,,,,,,,,,,,,,,,,,,,,,,,,
390,49,Male,,United States of America,Secondary school,31+,2.83,Never,Weekly,6,5,4,5,6,6,7,6,6,4,5,3,11,9,12,13,10,8,3,neutral,4,agree,3,neutral,2,disagree,3.00,3,neutral,4,agree,4,agree,4,agree,3.75,4,agree,2,disagree,3,neutral,3.00,3,neutral,4,agree,4,agree,3,neutral,4,agree,4,agree,3,neutral,3,neutral,4,agree,4,agree,5,agree,4,agree,5,agree,,,,,,,,,,,,,,,,,,,,,,,,,,,,,,,,,,,,,,,,,,
367,36,Male,,United States of America,Undergraduate degree,31+,2.67,Yearly,Weekly,7,7,7,7,7,7,6,7,7,7,4,1,14,14,14,13,14,5,3,neutral,3,neutral,3,neutral,3,neutral,3.00,3,neutral,5,agree,5,agree,5,agree,4.50,4,agree,4,agree,3,neutral,3.67,2,disagree,4,agree,4,agree,3,neutral,3,neutral,5,agree,2,disagree,4,agree,5,agree,5,agree,2,disagree,5,agree,5,agree,,,,,,,,,,,,,,,,,,,,,,,,,,,,,,,,,,,,,,,,,,
542,23,Female,,Poland,Further education,1-10,3.83,Never,Weekly,6,5,6,5,5,6,6,6,5,5,2,3,11,11,11,12,10,5,4,agree,4,agree,4,agree,4,agree,4.00,4,agree,5,agree,4,agree,5,agree,4.50,4,agree,4,agree,4,agree,4.00,4,agree,2,disagree,4,agree,1,disagree,1,disagree,4,agree,5,agree,5,agree,3,neutral,5,agree,4,agree,5,agree,5,agree,,,,,,,,,,,,,,,,,,,,,,,,,,,,,,,,,,,,,,,,,,
828,28,Female,,United States of America,None specified,11-20,4.83,Monthly,Weekly,7,7,5,5,6,6,6,7,5,7,5,4,14,10,12,13,12,9,4,agree,5,agree,5,agree,5,agree,4.75,4,agree,4,agree,4,agree,4,agree,4.00,5,agree,2,disagree,5,agree,4.00,2,disagree,5,agree,5,agree,4,agree,5,agree,5,agree,3,neutral,4,agree,5,agree,5,agree,4,agree,5,agree,5,agree,,,,,,,,,,,,,,,,,,,,,,,,,,,,,,,,,,,,,,,,,,
545,45,Male,,Australia,Postgraduate degree,31+,4.83,Once every 6 months,Weekly,5,6,5,5,6,5,7,7,6,6,6,6,11,10,11,14,12,12,3,neutral,4,agree,3,neutral,4,agree,3.50,3,neutral,3,neutral,4,agree,4,agree,3.50,4,agree,4,agree,4,agree,4.00,3,neutral,4,agree,4,agree,4,agree,4,agree,5,agree,5,agree,5,agree,5,agree,5,agree,4,agree,5,agree,5,agree,,,,,,,,,,,,,,,,,,,,,,,,,,,,,,,,,,,,,,,,,,
718,27,Female,,United Kingdom,Undergraduate degree,31+,4.83,Monthly,Weekly,3,6,4,6,2,4,5,5,4,2,4,4,9,10,6,10,6,8,5,agree,5,agree,5,agree,5,agree,5.00,5,agree,5,agree,5,agree,5,agree,5.00,5,agree,5,agree,5,agree,5.00,4,agree,5,agree,5,agree,5,agree,5,agree,5,agree,5,agree,5,agree,5,agree,5,agree,4,agree,5,agree,5,agree,,,,,,,,,,,,,,,,,,,,,,,,,,,,,,,,,,,,,,,,,,
815,67,Female,,United States of America,Postgraduate degree,11-20,4.83,Monthly,Weekly,7,7,7,7,7,7,7,7,7,7,2,2,14,14,14,14,14,4,5,agree,5,agree,5,agree,5,agree,5.00,5,agree,5,agree,5,agree,5,agree,5.00,5,agree,5,agree,4,agree,4.67,3,neutral,5,agree,5,agree,5,agree,5,agree,5,agree,5,agree,4,agree,5,agree,5,agree,5,agree,5,agree,5,agree,,,,,,,,,,,,,,,,,,,,,,,,,,,,,,,,,,,,,,,,,,
713,26,Male,,Belgium,Postgraduate degree,21-30,4.33,Never,Weekly,5,5,6,5,5,6,6,6,5,6,1,2,10,11,11,12,11,3,3,neutral,4,agree,4,agree,4,agree,3.75,4,agree,3,neutral,3,neutral,3,neutral,3.25,5,agree,4,agree,5,agree,4.67,3,neutral,3,neutral,5,agree,2,disagree,3,neutral,5,agree,5,agree,5,agree,5,agree,5,agree,5,agree,5,agree,5,agree,,,,,,,,,,,,,,,,,,,,,,,,,,,,,,,,,,,,,,,,,,
338,25,Female,,United States of America,Postgraduate degree,1-10,2.17,Never,Yearly,6,3,4,5,4,5,4,5,6,5,6,5,9,9,9,9,11,11,2,disagree,1,disagree,1,disagree,3,neutral,1.75,2,disagree,2,disagree,2,disagree,2,disagree,2.00,4,agree,3,neutral,3,neutral,3.33,1,disagree,1,disagree,3,neutral,1,disagree,1,disagree,1,disagree,1,disagree,1,disagree,1,disagree,1,disagree,1,disagree,1,disagree,1,disagree,,,,,,,,,,,,,,,,,,,,,,,,,,,,,,,,,,,,,,,,,,
665,37,Female,,Germany,Undergraduate degree,1-10,3.00,Yearly,Yearly,7,6,5,3,6,5,5,6,6,7,2,4,13,8,11,11,13,6,3,neutral,4,agree,5,agree,4,agree,4.00,4,agree,4,agree,4,agree,3,neutral,3.75,3,neutral,4,agree,2,disagree,3.00,3,neutral,3,neutral,4,agree,2,disagree,1,disagree,1,disagree,1,disagree,1,disagree,1,disagree,1,disagree,1,disagree,1,disagree,1,disagree,,,,,,,,,,,,,,,,,,,,,,,,,,,,,,,,,,,,,,,,,,
403,35,Female,,United Kingdom,Secondary school,11-20,3.00,Never,Yearly,6,5,5,6,5,6,6,5,5,5,4,4,11,11,11,11,10,8,3,neutral,3,neutral,3,neutral,4,agree,3.25,3,neutral,4,agree,4,agree,4,agree,3.75,2,disagree,3,neutral,4,agree,3.00,3,neutral,3,neutral,3,neutral,2,disagree,2,disagree,1,disagree,1,disagree,1,disagree,1,disagree,1,disagree,1,disagree,1,disagree,1,disagree,,,,,,,,,,,,,,,,,,,,,,,,,,,,,,,,,,,,,,,,,,
506,23,Female,,United States of America,Undergraduate degree,1-10,3.00,Never,Yearly,6,6,5,5,5,5,6,6,3,3,4,2,12,10,10,12,6,6,4,agree,4,agree,4,agree,4,agree,4.00,5,agree,5,agree,5,agree,5,agree,5.00,4,agree,5,agree,4,agree,4.33,3,neutral,2,disagree,5,agree,3,neutral,3,neutral,1,disagree,1,disagree,1,disagree,1,disagree,1,disagree,1,disagree,1,disagree,1,disagree,,,,,,,,,,,,,,,,,,,,,,,,,,,,,,,,,,,,,,,,,,
327,28,Male,,United Kingdom,Undergraduate degree,11-20,3.17,Never,Yearly,6,6,6,6,6,7,6,7,5,5,1,3,12,12,13,13,10,4,4,agree,4,agree,5,agree,5,agree,4.50,5,agree,5,agree,5,agree,4,agree,4.75,3,neutral,4,agree,3,neutral,3.33,3,neutral,4,agree,5,agree,3,neutral,3,neutral,1,disagree,1,disagree,1,disagree,1,disagree,1,disagree,1,disagree,1,disagree,1,disagree,,,,,,,,,,,,,,,,,,,,,,,,,,,,,,,,,,,,,,,,,,
557,26,Female,,United Kingdom,Undergraduate degree,11-20,4.17,Yearly,Yearly,7,7,6,6,6,6,6,7,6,5,1,3,14,12,12,13,11,4,3,neutral,3,neutral,4,agree,3,neutral,3.25,4,agree,4,agree,4,agree,3,neutral,3.75,5,agree,5,agree,5,agree,5.00,3,neutral,4,agree,5,agree,2,disagree,5,agree,1,disagree,1,disagree,1,disagree,1,disagree,1,disagree,1,disagree,1,disagree,1,disagree,,,,,,,,,,,,,,,,,,,,,,,,,,,,,,,,,,,,,,,,,,
397,21,Female,,United States of America,Undergraduate degree,1-10,4.00,Once every 3 months,Yearly,5,5,6,6,5,7,6,5,6,6,2,2,10,12,12,11,12,4,5,agree,4,agree,5,agree,5,agree,4.75,5,agree,5,agree,4,agree,5,agree,4.75,4,agree,4,agree,4,agree,4.00,4,agree,5,agree,4,agree,4,agree,4,agree,1,disagree,1,disagree,2,disagree,1,disagree,2,disagree,1,disagree,1,disagree,1,disagree,,,,,,,,,,,,,,,,,,,,,,,,,,,,,,,,,,,,,,,,,,
549,28,Female,,Italy,Undergraduate degree,1-10,2.67,Yearly,Yearly,5,5,5,4,5,5,4,4,5,5,5,4,10,9,10,8,10,9,2,disagree,3,neutral,3,neutral,3,neutral,2.75,2,disagree,4,agree,3,neutral,4,agree,3.25,3,neutral,3,neutral,3,neutral,3.00,3,neutral,2,disagree,4,agree,3,neutral,3,neutral,2,disagree,1,disagree,3,neutral,1,disagree,2,disagree,1,disagree,1,disagree,1,disagree,,,,,,,,,,,,,,,,,,,,,,,,,,,,,,,,,,,,,,,,,,
556,28,Male,,Spain,Undergraduate degree,11-20,2.17,Never,Yearly,7,6,6,6,5,6,7,7,6,6,2,1,13,12,11,14,12,3,1,disagree,2,disagree,2,disagree,2,disagree,1.75,4,agree,4,agree,4,agree,4,agree,4.00,4,agree,4,agree,4,agree,4.00,2,disagree,2,disagree,4,agree,4,agree,3,neutral,1,disagree,1,disagree,4,agree,1,disagree,2,disagree,1,disagree,1,disagree,1,disagree,,,,,,,,,,,,,,,,,,,,,,,,,,,,,,,,,,,,,,,,,,
719,26,Male,,United States of America,Undergraduate degree,11-20,3.67,Never,Yearly,7,7,7,7,7,7,6,7,5,7,6,6,14,14,14,13,12,12,4,agree,3,neutral,4,agree,5,agree,4.00,5,agree,5,agree,5,agree,5,agree,5.00,5,agree,5,agree,4,agree,4.67,4,agree,4,agree,5,agree,3,neutral,4,agree,1,disagree,1,disagree,1,disagree,3,neutral,2,disagree,1,disagree,1,disagree,1,disagree,,,,,,,,,,,,,,,,,,,,,,,,,,,,,,,,,,,,,,,,,,
86,40,Male,,United States of America,Undergraduate degree,11-20,3.00,Never,Yearly,6,7,6,3,3,5,6,5,5,5,2,5,13,9,8,11,10,7,4,agree,3,neutral,4,agree,4,agree,3.75,2,disagree,3,neutral,3,neutral,2,disagree,2.50,5,agree,4,agree,4,agree,4.33,4,agree,4,agree,4,agree,5,agree,2,disagree,3,neutral,3,neutral,4,agree,3,neutral,2,disagree,1,disagree,1,disagree,1,disagree,,,,,,,,,,,,,,,,,,,,,,,,,,,,,,,,,,,,,,,,,,
528,41,Female,,United Kingdom,Undergraduate degree,11-20,3.50,Never,Yearly,7,7,6,6,7,7,7,7,6,7,5,2,14,12,14,14,13,7,3,neutral,3,neutral,4,agree,3,neutral,3.25,4,agree,3,neutral,4,agree,2,disagree,3.25,4,agree,3,neutral,4,agree,3.67,4,agree,3,neutral,3,neutral,4,agree,2,disagree,1,disagree,1,disagree,1,disagree,1,disagree,3,neutral,1,disagree,1,disagree,1,disagree,,,,,,,,,,,,,,,,,,,,,,,,,,,,,,,,,,,,,,,,,,
256,36,Female,,United States of America,Further education,11-20,4.50,Once every 6 months,Yearly,5,5,6,6,3,5,5,6,6,5,2,6,10,12,8,11,11,8,2,disagree,3,neutral,5,agree,5,agree,3.75,2,disagree,2,disagree,2,disagree,2,disagree,2.00,4,agree,4,agree,4,agree,4.00,4,agree,2,disagree,4,agree,1,disagree,3,neutral,1,disagree,1,disagree,1,disagree,1,disagree,3,neutral,1,disagree,1,disagree,1,disagree,,,,,,,,,,,,,,,,,,,,,,,,,,,,,,,,,,,,,,,,,,
49,36,Male,,United States of America,Further education,21-30,4.67,Yearly,Yearly,7,7,6,5,5,7,7,7,7,7,2,1,14,11,12,14,14,3,5,agree,5,agree,5,agree,5,agree,5.00,5,agree,5,agree,5,agree,5,agree,5.00,5,agree,5,agree,5,agree,5.00,3,neutral,4,agree,5,agree,3,neutral,3,neutral,1,disagree,1,disagree,1,disagree,1,disagree,3,neutral,1,disagree,1,disagree,1,disagree,,,,,,,,,,,,,,,,,,,,,,,,,,,,,,,,,,,,,,,,,,
649,34,Female,,United Kingdom,Undergraduate degree,1-10,4.00,Yearly,Yearly,7,6,7,7,5,6,7,7,3,6,2,1,13,14,11,14,9,3,5,agree,4,agree,4,agree,4,agree,4.25,5,agree,5,agree,5,agree,5,agree,5.00,5,agree,5,agree,4,agree,4.67,3,neutral,5,agree,5,agree,2,disagree,5,agree,1,disagree,1,disagree,1,disagree,1,disagree,3,neutral,1,disagree,1,disagree,1,disagree,,,,,,,,,,,,,,,,,,,,,,,,,,,,,,,,,,,,,,,,,,
177,39,Male,,Italy,Further education,1-10,3.17,Never,Yearly,5,5,4,5,5,5,4,5,3,3,5,2,10,9,10,9,6,7,2,disagree,3,neutral,3,neutral,3,neutral,2.75,2,disagree,3,neutral,2,disagree,2,disagree,2.25,3,neutral,2,disagree,3,neutral,2.67,2,disagree,2,disagree,2,disagree,2,disagree,2,disagree,1,disagree,4,agree,1,disagree,1,disagree,3,neutral,1,disagree,1,disagree,1,disagree,,,,,,,,,,,,,,,,,,,,,,,,,,,,,,,,,,,,,,,,,,
185,29,Male,,Portugal,Undergraduate degree,11-20,3.17,Never,Yearly,6,5,6,5,5,7,6,7,4,6,2,3,11,11,12,13,10,5,3,neutral,2,disagree,3,neutral,2,disagree,2.50,4,agree,2,disagree,1,disagree,3,neutral,2.50,3,neutral,1,disagree,1,disagree,1.67,4,agree,1,disagree,1,disagree,1,disagree,1,disagree,4,agree,1,disagree,2,disagree,2,disagree,3,neutral,1,disagree,1,disagree,1,disagree,,,,,,,,,,,,,,,,,,,,,,,,,,,,,,,,,,,,,,,,,,
675,38,Male,,United Kingdom,Undergraduate degree,31+,4.00,Once every 6 months,Yearly,6,7,7,7,7,6,7,7,6,5,7,3,13,14,13,14,11,10,5,agree,5,agree,5,agree,5,agree,5.00,5,agree,4,agree,4,agree,5,agree,4.50,4,agree,4,agree,4,agree,4.00,4,agree,5,agree,4,agree,1,disagree,2,disagree,2,disagree,1,disagree,1,disagree,1,disagree,4,agree,1,disagree,1,disagree,1,disagree,,,,,,,,,,,,,,,,,,,,,,,,,,,,,,,,,,,,,,,,,,
401,31,Male,,United Kingdom,Further education,1-10,3.83,Never,Yearly,6,6,6,6,6,6,6,6,5,6,4,3,12,12,12,12,11,7,3,neutral,3,neutral,3,neutral,3,neutral,3.00,4,agree,4,agree,4,agree,4,agree,4.00,4,agree,3,neutral,3,neutral,3.33,4,agree,3,neutral,4,agree,2,disagree,1,disagree,1,disagree,1,disagree,1,disagree,1,disagree,5,agree,1,disagree,1,disagree,1,disagree,,,,,,,,,,,,,,,,,,,,,,,,,,,,,,,,,,,,,,,,,,
567,24,Female,,Poland,Postgraduate degree,31+,3.17,Monthly,Yearly,2,3,2,2,6,7,5,7,6,7,6,7,5,4,13,12,13,13,2,disagree,1,disagree,2,disagree,3,neutral,2.00,1,disagree,2,disagree,2,disagree,2,disagree,1.75,5,agree,5,agree,5,agree,5.00,4,agree,1,disagree,1,disagree,1,disagree,1,disagree,1,disagree,1,disagree,2,disagree,2,disagree,5,agree,1,disagree,1,disagree,1,disagree,,,,,,,,,,,,,,,,,,,,,,,,,,,,,,,,,,,,,,,,,,
231,41,Male,,Poland,Undergraduate degree,1-10,1.33,Yearly,Yearly,6,3,6,5,4,5,6,6,5,6,1,4,9,11,9,12,11,5,3,neutral,3,neutral,3,neutral,3,neutral,3.00,2,disagree,2,disagree,4,agree,3,neutral,2.75,3,neutral,3,neutral,3,neutral,3.00,3,neutral,4,agree,3,neutral,2,disagree,2,disagree,1,disagree,1,disagree,1,disagree,1,disagree,4,agree,2,disagree,1,disagree,1,disagree,,,,,,,,,,,,,,,,,,,,,,,,,,,,,,,,,,,,,,,,,,
612,21,Male,,Germany,Further education,21-30,3.17,Never,Yearly,6,6,4,3,5,5,6,6,7,6,2,3,12,7,10,12,13,5,2,disagree,4,agree,4,agree,3,neutral,3.25,2,disagree,4,agree,2,disagree,4,agree,3.00,4,agree,4,agree,3,neutral,3.67,3,neutral,2,disagree,4,agree,1,disagree,2,disagree,4,agree,1,disagree,1,disagree,3,neutral,4,agree,2,disagree,1,disagree,1,disagree,,,,,,,,,,,,,,,,,,,,,,,,,,,,,,,,,,,,,,,,,,
591,32,Female,,United Kingdom,Undergraduate degree,1-10,3.83,Never,Yearly,5,6,6,2,5,6,6,6,6,6,1,1,11,8,11,12,12,2,4,agree,4,agree,3,neutral,4,agree,3.75,4,agree,4,agree,3,neutral,4,agree,3.75,4,agree,3,neutral,4,agree,3.67,4,agree,4,agree,4,agree,2,disagree,3,neutral,4,agree,2,disagree,4,agree,5,agree,4,agree,2,disagree,1,disagree,1,disagree,,,,,,,,,,,,,,,,,,,,,,,,,,,,,,,,,,,,,,,,,,
95,38,Female,,Hungary,Postgraduate degree,1-10,3.83,Yearly,Yearly,5,6,5,5,4,4,7,6,6,7,3,4,11,10,8,13,13,7,4,agree,5,agree,4,agree,4,agree,4.25,2,disagree,4,agree,4,agree,3,neutral,3.25,4,agree,4,agree,3,neutral,3.67,3,neutral,3,neutral,3,neutral,4,agree,3,neutral,2,disagree,3,neutral,2,disagree,4,agree,4,agree,4,agree,1,disagree,1,disagree,,,,,,,,,,,,,,,,,,,,,,,,,,,,,,,,,,,,,,,,,,
242,31,Female,,United Kingdom,Undergraduate degree,1-10,3.50,Yearly,Yearly,6,5,5,6,5,6,6,6,5,7,4,4,11,11,11,12,12,8,3,neutral,4,agree,4,agree,4,agree,3.75,4,agree,4,agree,4,agree,4,agree,4.00,4,agree,4,agree,4,agree,4.00,4,agree,4,agree,3,neutral,2,disagree,2,disagree,4,agree,3,neutral,5,agree,4,agree,4,agree,4,agree,1,disagree,1,disagree,,,,,,,,,,,,,,,,,,,,,,,,,,,,,,,,,,,,,,,,,,
32,29,Male,,Ireland,Undergraduate degree,11-20,2.33,Never,Yearly,6,4,3,2,3,7,6,6,5,2,1,2,10,5,10,12,7,3,3,neutral,5,agree,4,agree,4,agree,4.00,4,agree,4,agree,4,agree,1,disagree,3.25,4,agree,3,neutral,5,agree,4.00,5,agree,1,disagree,4,agree,1,disagree,4,agree,3,neutral,1,disagree,4,agree,4,agree,5,agree,4,agree,1,disagree,1,disagree,,,,,,,,,,,,,,,,,,,,,,,,,,,,,,,,,,,,,,,,,,
634,54,Male,,United States of America,Further education,1-10,3.67,Never,Yearly,5,5,5,5,5,6,5,5,5,5,4,5,10,10,11,10,10,9,3,neutral,3,neutral,4,agree,4,agree,3.50,3,neutral,4,agree,4,agree,4,agree,3.75,4,agree,3,neutral,3,neutral,3.33,3,neutral,4,agree,4,agree,4,agree,3,neutral,1,disagree,1,disagree,4,agree,4,agree,4,agree,1,disagree,2,disagree,1,disagree,,,,,,,,,,,,,,,,,,,,,,,,,,,,,,,,,,,,,,,,,,
373,30,Female,,United Kingdom,Postgraduate degree,1-10,4.50,Yearly,Yearly,7,7,6,5,5,6,7,7,5,5,5,7,14,11,11,14,10,12,4,agree,4,agree,4,agree,4,agree,4.00,5,agree,5,agree,5,agree,5,agree,5.00,4,agree,4,agree,5,agree,4.33,2,disagree,3,neutral,4,agree,1,disagree,4,agree,4,agree,1,disagree,2,disagree,1,disagree,4,agree,2,disagree,2,disagree,1,disagree,,,,,,,,,,,,,,,,,,,,,,,,,,,,,,,,,,,,,,,,,,
415,29,Male,,United Kingdom,Secondary school,31+,2.83,Yearly,Yearly,7,7,7,7,5,7,7,7,4,7,4,2,14,14,12,14,11,6,1,disagree,1,disagree,2,disagree,1,disagree,1.25,4,agree,5,agree,5,agree,3,neutral,4.25,5,agree,1,disagree,5,agree,3.67,5,agree,1,disagree,5,agree,1,disagree,3,neutral,3,neutral,4,agree,4,agree,4,agree,5,agree,3,neutral,2,disagree,1,disagree,,,,,,,,,,,,,,,,,,,,,,,,,,,,,,,,,,,,,,,,,,
495,41,Female,,United States of America,Further education,1-10,3.83,Yearly,Yearly,5,5,4,4,3,6,5,6,3,2,2,4,10,8,9,11,5,6,4,agree,3,neutral,4,agree,3,neutral,3.50,3,neutral,4,agree,3,neutral,4,agree,3.50,3,neutral,3,neutral,3,neutral,3.00,4,agree,3,neutral,3,neutral,3,neutral,3,neutral,5,agree,4,agree,5,agree,5,agree,5,agree,4,agree,2,disagree,1,disagree,,,,,,,,,,,,,,,,,,,,,,,,,,,,,,,,,,,,,,,,,,
221,40,Male,,Italy,Postgraduate degree,11-20,1.83,Never,Yearly,6,6,5,5,5,6,6,6,5,5,4,2,12,10,11,12,10,6,3,neutral,2,disagree,3,neutral,3,neutral,2.75,3,neutral,5,agree,5,agree,4,agree,4.25,4,agree,3,neutral,2,disagree,3.00,4,agree,2,disagree,3,neutral,1,disagree,3,neutral,4,agree,3,neutral,5,agree,5,agree,5,agree,4,agree,3,neutral,1,disagree,,,,,,,,,,,,,,,,,,,,,,,,,,,,,,,,,,,,,,,,,,
104,26,Other,Non-binary,United Kingdom,Undergraduate degree,1-10,2.17,Never,Yearly,5,7,2,2,7,7,7,7,7,7,5,6,12,4,14,14,14,11,3,neutral,3,neutral,3,neutral,3,neutral,3.00,3,neutral,3,neutral,4,agree,3,neutral,3.25,3,neutral,3,neutral,3,neutral,3.00,3,neutral,1,disagree,1,disagree,1,disagree,1,disagree,3,neutral,3,neutral,5,agree,3,neutral,5,agree,1,disagree,4,agree,1,disagree,,,,,,,,,,,,,,,,,,,,,,,,,,,,,,,,,,,,,,,,,,
161,34,Male,,Portugal,Postgraduate degree,21-30,1.17,Never,Yearly,4,3,5,5,5,5,5,6,5,7,5,5,7,10,10,11,12,10,1,disagree,1,disagree,2,disagree,1,disagree,1.25,3,neutral,3,neutral,3,neutral,4,agree,3.25,3,neutral,1,disagree,1,disagree,1.67,3,neutral,2,disagree,2,disagree,1,disagree,1,disagree,5,agree,5,agree,5,agree,5,agree,5,agree,5,agree,5,agree,1,disagree,,,,,,,,,,,,,,,,,,,,,,,,,,,,,,,,,,,,,,,,,,
636,37,Female,,United States of America,Further education,11-20,2.17,Never,Yearly,7,7,5,6,7,7,7,7,7,7,7,3,14,11,14,14,14,10,5,agree,5,agree,4,agree,5,agree,4.75,5,agree,5,agree,5,agree,5,agree,5.00,5,agree,5,agree,2,disagree,4.00,3,neutral,1,disagree,2,disagree,2,disagree,2,disagree,2,disagree,1,disagree,1,disagree,2,disagree,2,disagree,1,disagree,1,disagree,2,disagree,,,,,,,,,,,,,,,,,,,,,,,,,,,,,,,,,,,,,,,,,,
88,40,Male,,Germany,Further education,1-10,4.67,Never,Yearly,5,5,4,4,5,4,5,5,6,7,5,5,10,8,9,10,13,10,1,disagree,1,disagree,2,disagree,3,neutral,1.75,2,disagree,4,agree,2,disagree,4,agree,3.00,5,agree,4,agree,4,agree,4.33,4,agree,2,disagree,2,disagree,1,disagree,1,disagree,1,disagree,1,disagree,1,disagree,5,agree,3,neutral,1,disagree,1,disagree,2,disagree,,,,,,,,,,,,,,,,,,,,,,,,,,,,,,,,,,,,,,,,,,
46,36,Female,,United Kingdom,Undergraduate degree,1-10,3.50,Yearly,Yearly,6,6,5,6,5,5,5,6,5,5,2,2,12,11,10,11,10,4,4,agree,4,agree,4,agree,4,agree,4.00,4,agree,4,agree,4,agree,4,agree,4.00,4,agree,4,agree,4,agree,4.00,4,agree,3,neutral,4,agree,4,agree,4,agree,4,agree,4,agree,2,disagree,4,agree,3,neutral,4,agree,1,disagree,2,disagree,,,,,,,,,,,,,,,,,,,,,,,,,,,,,,,,,,,,,,,,,,
787,35,Female,,Australia,Undergraduate degree,11-20,3.83,Never,Yearly,6,6,2,1,5,4,2,4,4,7,1,2,12,3,9,6,11,3,3,neutral,3,neutral,3,neutral,4,agree,3.25,4,agree,4,agree,4,agree,3,neutral,3.75,5,agree,4,agree,5,agree,4.67,3,neutral,4,agree,2,disagree,3,neutral,2,disagree,2,disagree,4,agree,3,neutral,4,agree,4,agree,4,agree,1,disagree,2,disagree,,,,,,,,,,,,,,,,,,,,,,,,,,,,,,,,,,,,,,,,,,
498,44,Male,,United States of America,Further education,11-20,4.67,Yearly,Yearly,6,6,4,5,6,4,2,4,6,6,2,2,12,9,10,6,12,4,4,agree,3,neutral,3,neutral,3,neutral,3.25,4,agree,4,agree,4,agree,4,agree,4.00,4,agree,4,agree,4,agree,4.00,2,disagree,4,agree,2,disagree,2,disagree,2,disagree,3,neutral,2,disagree,4,agree,3,neutral,5,agree,5,agree,1,disagree,2,disagree,,,,,,,,,,,,,,,,,,,,,,,,,,,,,,,,,,,,,,,,,,
254,33,Female,,United Kingdom,Undergraduate degree,11-20,2.67,Never,Yearly,5,5,5,5,5,5,7,6,6,6,5,5,10,10,10,13,12,10,4,agree,4,agree,4,agree,4,agree,4.00,4,agree,5,agree,4,agree,4,agree,4.25,4,agree,4,agree,4,agree,4.00,4,agree,4,agree,5,agree,4,agree,4,agree,1,disagree,2,disagree,2,disagree,2,disagree,2,disagree,1,disagree,2,disagree,2,disagree,,,,,,,,,,,,,,,,,,,,,,,,,,,,,,,,,,,,,,,,,,
109,21,Male,,United Kingdom,Further education,1-10,2.17,Never,Yearly,4,5,4,5,5,7,6,6,4,4,2,3,9,9,12,12,8,5,3,neutral,3,neutral,3,neutral,4,agree,3.25,3,neutral,4,agree,4,agree,4,agree,3.75,5,agree,2,disagree,2,disagree,3.00,3,neutral,2,disagree,2,disagree,1,disagree,1,disagree,2,disagree,2,disagree,2,disagree,2,disagree,3,neutral,2,disagree,2,disagree,2,disagree,,,,,,,,,,,,,,,,,,,,,,,,,,,,,,,,,,,,,,,,,,
408,37,Male,,United Kingdom,Postgraduate degree,1-10,4.00,Yearly,Yearly,5,5,5,6,7,7,6,6,5,6,3,5,10,11,14,12,11,8,3,neutral,3,neutral,4,agree,4,agree,3.50,5,agree,5,agree,4,agree,3,neutral,4.25,4,agree,3,neutral,3,neutral,3.33,3,neutral,2,disagree,5,agree,2,disagree,2,disagree,2,disagree,2,disagree,2,disagree,2,disagree,3,neutral,2,disagree,2,disagree,2,disagree,,,,,,,,,,,,,,,,,,,,,,,,,,,,,,,,,,,,,,,,,,
440,35,Male,,United Kingdom,Undergraduate degree,11-20,2.50,Never,Yearly,6,5,6,5,6,5,7,7,5,5,2,2,11,11,11,14,10,4,4,agree,4,agree,4,agree,4,agree,4.00,5,agree,4,agree,5,agree,5,agree,4.75,5,agree,5,agree,4,agree,4.67,3,neutral,4,agree,5,agree,4,agree,4,agree,2,disagree,3,neutral,2,disagree,4,agree,4,agree,2,disagree,2,disagree,2,disagree,,,,,,,,,,,,,,,,,,,,,,,,,,,,,,,,,,,,,,,,,,
412,26,Male,,United Kingdom,Secondary school,11-20,3.83,Never,Yearly,6,6,6,6,6,6,6,6,6,6,5,4,12,12,12,12,12,9,2,disagree,4,agree,4,agree,4,agree,3.50,2,disagree,3,neutral,2,disagree,3,neutral,2.50,4,agree,3,neutral,4,agree,3.67,3,neutral,2,disagree,2,disagree,2,disagree,2,disagree,3,neutral,4,agree,4,agree,5,agree,5,agree,2,disagree,2,disagree,2,disagree,,,,,,,,,,,,,,,,,,,,,,,,,,,,,,,,,,,,,,,,,,
364,36,Other,Non-binary,United Kingdom,Undergraduate degree,1-10,4.33,Yearly,Yearly,6,4,2,3,3,5,4,5,6,6,4,6,10,5,8,9,12,10,5,agree,5,agree,5,agree,5,agree,5.00,4,agree,4,agree,4,agree,4,agree,4.00,4,agree,4,agree,3,neutral,3.67,3,neutral,4,agree,3,neutral,3,neutral,3,neutral,3,neutral,3,neutral,2,disagree,2,disagree,4,agree,3,neutral,2,disagree,2,disagree,,,,,,,,,,,,,,,,,,,,,,,,,,,,,,,,,,,,,,,,,,
823,29,Female,,Australia,None specified,11-20,2.83,Never,Yearly,7,6,6,7,3,7,7,6,3,5,2,3,13,13,10,13,8,5,3,neutral,3,neutral,3,neutral,4,agree,3.25,4,agree,4,agree,4,agree,4,agree,4.00,4,agree,4,agree,4,agree,4.00,4,agree,3,neutral,3,neutral,2,disagree,3,neutral,4,agree,3,neutral,3,neutral,3,neutral,4,agree,3,neutral,2,disagree,2,disagree,,,,,,,,,,,,,,,,,,,,,,,,,,,,,,,,,,,,,,,,,,
27,41,Female,,Finland,Secondary school,1-10,4.33,Yearly,Yearly,5,6,4,4,3,5,5,6,5,6,5,5,11,8,8,11,11,10,4,agree,4,agree,3,neutral,5,agree,4.00,4,agree,5,agree,5,agree,4,agree,4.50,4,agree,4,agree,1,disagree,3.00,3,neutral,4,agree,4,agree,3,neutral,3,neutral,2,disagree,2,disagree,4,agree,4,agree,4,agree,3,neutral,2,disagree,2,disagree,,,,,,,,,,,,,,,,,,,,,,,,,,,,,,,,,,,,,,,,,,
253,26,Female,,Poland,Undergraduate degree,11-20,3.67,Once every 3 months,Yearly,6,4,5,5,4,6,6,6,6,6,2,3,10,10,10,12,12,5,3,neutral,3,neutral,3,neutral,3,neutral,3.00,3,neutral,4,agree,3,neutral,4,agree,3.50,4,agree,3,neutral,3,neutral,3.33,3,neutral,4,agree,2,disagree,3,neutral,3,neutral,4,agree,3,neutral,3,neutral,5,agree,4,agree,3,neutral,2,disagree,2,disagree,,,,,,,,,,,,,,,,,,,,,,,,,,,,,,,,,,,,,,,,,,
150,50,Male,,Australia,Further education,11-20,3.67,Never,Yearly,6,5,5,5,6,7,6,5,5,6,4,4,11,10,13,11,11,8,5,agree,4,agree,4,agree,4,agree,4.25,4,agree,4,agree,5,agree,4,agree,4.25,4,agree,4,agree,3,neutral,3.67,3,neutral,2,disagree,4,agree,3,neutral,4,agree,4,agree,4,agree,4,agree,4,agree,2,disagree,4,agree,2,disagree,2,disagree,,,,,,,,,,,,,,,,,,,,,,,,,,,,,,,,,,,,,,,,,,
546,31,Male,,Poland,Undergraduate degree,11-20,1.83,Never,Yearly,5,3,2,2,4,5,5,6,4,5,2,3,8,4,9,11,9,5,1,disagree,1,disagree,1,disagree,1,disagree,1.00,1,disagree,4,agree,4,agree,4,agree,3.25,3,neutral,3,neutral,2,disagree,2.67,3,neutral,1,disagree,3,neutral,1,disagree,1,disagree,4,agree,3,neutral,4,agree,4,agree,3,neutral,4,agree,2,disagree,2,disagree,,,,,,,,,,,,,,,,,,,,,,,,,,,,,,,,,,,,,,,,,,
487,29,Female,,United Kingdom,Undergraduate degree,1-10,2.83,Yearly,Yearly,6,5,5,5,3,4,6,6,4,4,2,5,11,10,7,12,8,7,3,neutral,3,neutral,3,neutral,4,agree,3.25,4,agree,4,agree,5,agree,4,agree,4.25,4,agree,4,agree,2,disagree,3.33,2,disagree,2,disagree,4,agree,4,agree,2,disagree,2,disagree,2,disagree,3,neutral,3,neutral,4,agree,4,agree,2,disagree,2,disagree,,,,,,,,,,,,,,,,,,,,,,,,,,,,,,,,,,,,,,,,,,
31,30,Female,,Belgium,Further education,1-10,3.17,Never,Yearly,6,6,4,2,6,6,6,7,4,5,2,2,12,6,12,13,9,4,2,disagree,2,disagree,4,agree,4,agree,3.00,4,agree,4,agree,4,agree,4,agree,4.00,3,neutral,3,neutral,3,neutral,3.00,3,neutral,1,disagree,2,disagree,1,disagree,1,disagree,3,neutral,4,agree,4,agree,3,neutral,4,agree,4,agree,2,disagree,2,disagree,,,,,,,,,,,,,,,,,,,,,,,,,,,,,,,,,,,,,,,,,,
568,23,Male,,Portugal,Further education,21-30,3.83,Never,Yearly,6,6,5,5,6,6,6,6,6,7,4,3,12,10,12,12,13,7,4,agree,5,agree,5,agree,5,agree,4.75,4,agree,4,agree,4,agree,4,agree,4.00,5,agree,5,agree,4,agree,4.67,5,agree,5,agree,5,agree,4,agree,1,disagree,4,agree,3,neutral,2,disagree,4,agree,4,agree,4,agree,2,disagree,2,disagree,,,,,,,,,,,,,,,,,,,,,,,,,,,,,,,,,,,,,,,,,,
259,22,Female,,Spain,Undergraduate degree,1-10,2.00,Never,Yearly,6,6,6,6,6,6,6,7,6,7,3,3,12,12,12,13,13,6,1,disagree,3,neutral,3,neutral,3,neutral,2.50,2,disagree,4,agree,2,disagree,3,neutral,2.75,5,agree,5,agree,4,agree,4.67,4,agree,2,disagree,2,disagree,1,disagree,2,disagree,4,agree,3,neutral,2,disagree,4,agree,4,agree,4,agree,2,disagree,2,disagree,,,,,,,,,,,,,,,,,,,,,,,,,,,,,,,,,,,,,,,,,,
87,30,Female,,Australia,Postgraduate degree,1-10,3.33,Never,Yearly,5,6,5,5,6,6,6,6,7,6,2,2,11,10,12,12,13,4,3,neutral,2,disagree,4,agree,4,agree,3.25,4,agree,5,agree,5,agree,4,agree,4.50,4,agree,4,agree,5,agree,4.33,4,agree,4,agree,4,agree,3,neutral,4,agree,4,agree,2,disagree,4,agree,4,agree,4,agree,4,agree,2,disagree,2,disagree,,,,,,,,,,,,,,,,,,,,,,,,,,,,,,,,,,,,,,,,,,
381,28,Male,,United Kingdom,Further education,21-30,3.17,Never,Yearly,5,3,2,2,6,5,6,6,5,6,4,4,8,4,11,12,11,8,1,disagree,1,disagree,1,disagree,3,neutral,1.50,1,disagree,1,disagree,1,disagree,1,disagree,1.00,2,disagree,4,agree,2,disagree,2.67,1,disagree,1,disagree,1,disagree,1,disagree,1,disagree,5,agree,2,disagree,4,agree,4,agree,4,agree,4,agree,2,disagree,2,disagree,,,,,,,,,,,,,,,,,,,,,,,,,,,,,,,,,,,,,,,,,,
493,42,Male,,United Kingdom,Further education,11-20,2.17,Never,Yearly,5,6,5,5,5,6,6,7,5,5,4,5,11,10,11,13,10,9,2,disagree,2,disagree,3,neutral,3,neutral,2.50,2,disagree,4,agree,2,disagree,4,agree,3.00,4,agree,3,neutral,2,disagree,3.00,3,neutral,3,neutral,3,neutral,2,disagree,3,neutral,5,agree,4,agree,5,agree,5,agree,4,agree,4,agree,2,disagree,2,disagree,,,,,,,,,,,,,,,,,,,,,,,,,,,,,,,,,,,,,,,,,,
674,33,Male,,United Kingdom,Further education,21-30,4.00,Monthly,Yearly,5,7,7,7,7,4,7,7,7,7,2,3,12,14,11,14,14,5,4,agree,5,agree,1,disagree,3,neutral,3.25,5,agree,5,agree,5,agree,5,agree,5.00,5,agree,1,disagree,4,agree,3.33,1,disagree,5,agree,5,agree,2,disagree,2,disagree,4,agree,3,neutral,4,agree,4,agree,5,agree,4,agree,2,disagree,2,disagree,,,,,,,,,,,,,,,,,,,,,,,,,,,,,,,,,,,,,,,,,,
655,35,Female,,United Kingdom,Undergraduate degree,11-20,2.00,Never,Yearly,5,5,3,1,4,6,7,5,4,6,3,3,10,4,10,12,10,6,2,disagree,2,disagree,2,disagree,3,neutral,2.25,4,agree,4,agree,4,agree,4,agree,4.00,3,neutral,4,agree,3,neutral,3.33,3,neutral,1,disagree,1,disagree,1,disagree,1,disagree,4,agree,4,agree,4,agree,5,agree,5,agree,4,agree,2,disagree,2,disagree,,,,,,,,,,,,,,,,,,,,,,,,,,,,,,,,,,,,,,,,,,
751,27,Female,,United States of America,Postgraduate degree,1-10,3.67,Never,Yearly,6,6,5,5,6,6,6,7,6,7,2,2,12,10,12,13,13,4,5,agree,5,agree,5,agree,4,agree,4.75,5,agree,5,agree,5,agree,5,agree,5.00,4,agree,5,agree,5,agree,4.67,3,neutral,5,agree,5,agree,3,neutral,4,agree,5,agree,4,agree,4,agree,5,agree,5,agree,4,agree,2,disagree,2,disagree,,,,,,,,,,,,,,,,,,,,,,,,,,,,,,,,,,,,,,,,,,
619,53,Female,,Spain,Postgraduate degree,1-10,3.67,Never,Yearly,4,4,1,1,4,5,5,6,5,5,5,3,8,2,9,11,10,8,4,agree,4,agree,4,agree,4,agree,4.00,3,neutral,4,agree,3,neutral,4,agree,3.50,4,agree,4,agree,4,agree,4.00,3,neutral,4,agree,3,neutral,3,neutral,2,disagree,5,agree,4,agree,5,agree,5,agree,5,agree,4,agree,2,disagree,2,disagree,,,,,,,,,,,,,,,,,,,,,,,,,,,,,,,,,,,,,,,,,,
410,31,Other,None,United States of America,Further education,21-30,3.33,Yearly,Yearly,7,7,5,5,6,5,3,5,6,7,6,5,14,10,11,8,13,11,4,agree,5,agree,5,agree,5,agree,4.75,4,agree,4,agree,4,agree,4,agree,4.00,4,agree,4,agree,1,disagree,3.00,5,agree,5,agree,5,agree,1,disagree,3,neutral,4,agree,4,agree,3,neutral,4,agree,4,agree,5,agree,2,disagree,2,disagree,,,,,,,,,,,,,,,,,,,,,,,,,,,,,,,,,,,,,,,,,,
351,49,Male,,Germany,Postgraduate degree,11-20,3.33,Yearly,Yearly,6,6,6,5,6,6,6,5,6,6,5,5,12,11,12,11,12,10,4,agree,4,agree,4,agree,4,agree,4.00,4,agree,4,agree,4,agree,4,agree,4.00,4,agree,4,agree,4,agree,4.00,4,agree,2,disagree,2,disagree,3,neutral,2,disagree,5,agree,3,neutral,3,neutral,4,agree,5,agree,5,agree,2,disagree,2,disagree,,,,,,,,,,,,,,,,,,,,,,,,,,,,,,,,,,,,,,,,,,
35,36,Male,,Canada,Undergraduate degree,21-30,2.00,Never,Yearly,6,5,6,6,6,7,7,7,4,5,2,2,11,12,13,14,9,4,1,disagree,1,disagree,2,disagree,3,neutral,1.75,4,agree,4,agree,4,agree,4,agree,4.00,4,agree,2,disagree,3,neutral,3.00,2,disagree,3,neutral,4,agree,1,disagree,3,neutral,4,agree,2,disagree,3,neutral,4,agree,4,agree,2,disagree,3,neutral,2,disagree,,,,,,,,,,,,,,,,,,,,,,,,,,,,,,,,,,,,,,,,,,
18,31,Male,,United States of America,Secondary school,11-20,3.67,Never,Yearly,4,3,6,2,5,7,6,5,6,4,3,3,7,8,12,11,10,6,4,agree,2,disagree,4,agree,5,agree,3.75,2,disagree,2,disagree,1,disagree,1,disagree,1.50,2,disagree,5,agree,2,disagree,3.00,3,neutral,2,disagree,2,disagree,1,disagree,1,disagree,3,neutral,3,neutral,3,neutral,3,neutral,4,agree,3,neutral,3,neutral,2,disagree,,,,,,,,,,,,,,,,,,,,,,,,,,,,,,,,,,,,,,,,,,
430,30,Female,,Canada,Undergraduate degree,1-10,4.17,Never,Yearly,6,6,4,6,4,6,6,6,6,6,3,2,12,10,10,12,12,5,3,neutral,4,agree,3,neutral,4,agree,3.50,4,agree,3,neutral,3,neutral,4,agree,3.50,2,disagree,3,neutral,2,disagree,2.33,3,neutral,4,agree,2,disagree,3,neutral,3,neutral,3,neutral,3,neutral,2,disagree,4,agree,4,agree,3,neutral,3,neutral,2,disagree,,,,,,,,,,,,,,,,,,,,,,,,,,,,,,,,,,,,,,,,,,
289,34,Male,,United Kingdom,Undergraduate degree,11-20,3.33,Monthly,Yearly,5,5,4,2,3,2,5,7,5,6,1,2,10,6,5,12,11,3,3,neutral,4,agree,4,agree,5,agree,4.00,4,agree,5,agree,4,agree,4,agree,4.25,4,agree,4,agree,3,neutral,3.67,3,neutral,4,agree,4,agree,4,agree,4,agree,4,agree,3,neutral,3,neutral,3,neutral,4,agree,4,agree,3,neutral,2,disagree,,,,,,,,,,,,,,,,,,,,,,,,,,,,,,,,,,,,,,,,,,
269,29,Female,,Latvia,Undergraduate degree,31+,4.00,Yearly,Yearly,6,5,5,5,4,6,6,6,5,5,2,2,11,10,10,12,10,4,2,disagree,4,agree,3,neutral,4,agree,3.25,3,neutral,4,agree,3,neutral,4,agree,3.50,5,agree,4,agree,5,agree,4.67,1,disagree,4,agree,5,agree,4,agree,4,agree,4,agree,3,neutral,5,agree,4,agree,5,agree,4,agree,3,neutral,2,disagree,,,,,,,,,,,,,,,,,,,,,,,,,,,,,,,,,,,,,,,,,,
730,25,Female,,Spain,Further education,21-30,3.33,Never,Yearly,5,5,5,4,2,6,6,6,4,6,3,2,10,9,8,12,10,5,3,neutral,2,disagree,4,agree,4,agree,3.25,4,agree,4,agree,4,agree,2,disagree,3.50,2,disagree,4,agree,3,neutral,3.00,3,neutral,3,neutral,2,disagree,3,neutral,4,agree,1,disagree,1,disagree,4,agree,5,agree,5,agree,4,agree,3,neutral,2,disagree,,,,,,,,,,,,,,,,,,,,,,,,,,,,,,,,,,,,,,,,,,
680,52,Male,,United Kingdom,Postgraduate degree,1-10,3.83,Yearly,Yearly,5,3,4,4,6,5,6,5,4,6,3,3,8,8,11,11,10,6,4,agree,4,agree,3,neutral,3,neutral,3.50,4,agree,5,agree,4,agree,4,agree,4.25,4,agree,3,neutral,4,agree,3.67,2,disagree,4,agree,4,agree,4,agree,2,disagree,1,disagree,5,agree,4,agree,4,agree,2,disagree,5,agree,3,neutral,2,disagree,,,,,,,,,,,,,,,,,,,,,,,,,,,,,,,,,,,,,,,,,,
399,20,Male,,United Kingdom,Further education,21-30,3.33,Never,Yearly,6,5,4,3,3,5,6,5,5,6,5,2,11,7,8,11,11,7,4,agree,4,agree,4,agree,4,agree,4.00,5,agree,4,agree,5,agree,4,agree,4.50,3,neutral,4,agree,5,agree,4.00,3,neutral,4,agree,3,neutral,4,agree,2,disagree,5,agree,4,agree,5,agree,5,agree,4,agree,4,agree,4,agree,2,disagree,,,,,,,,,,,,,,,,,,,,,,,,,,,,,,,,,,,,,,,,,,
96,38,Other,,United Kingdom,Further education,1-10,3.83,Never,Yearly,6,7,3,3,5,6,5,6,7,7,5,5,13,6,11,11,14,10,4,agree,3,neutral,4,agree,4,agree,3.75,4,agree,4,agree,4,agree,4,agree,4.00,3,neutral,4,agree,3,neutral,3.33,3,neutral,3,neutral,3,neutral,3,neutral,3,neutral,5,agree,4,agree,4,agree,5,agree,5,agree,4,agree,4,agree,2,disagree,,,,,,,,,,,,,,,,,,,,,,,,,,,,,,,,,,,,,,,,,,
13,54,Male,,United States of America,Undergraduate degree,21-30,3.00,Yearly,Yearly,4,2,2,3,5,7,7,6,5,6,2,2,6,5,12,13,11,4,1,disagree,2,disagree,1,disagree,2,disagree,1.50,2,disagree,3,neutral,2,disagree,4,agree,2.75,4,agree,3,neutral,4,agree,3.67,2,disagree,2,disagree,2,disagree,1,disagree,1,disagree,4,agree,1,disagree,4,agree,4,agree,4,agree,2,disagree,1,disagree,3,neutral,,,,,,,,,,,,,,,,,,,,,,,,,,,,,,,,,,,,,,,,,,
615,39,Male,,United Kingdom,Further education,31+,3.50,Never,Yearly,6,5,3,1,4,6,7,7,4,1,2,1,11,4,10,14,5,3,1,disagree,1,disagree,1,disagree,1,disagree,1.00,1,disagree,1,disagree,1,disagree,1,disagree,1.00,1,disagree,1,disagree,1,disagree,1.00,1,disagree,1,disagree,1,disagree,1,disagree,1,disagree,2,disagree,4,agree,3,neutral,3,neutral,4,agree,3,neutral,1,disagree,3,neutral,,,,,,,,,,,,,,,,,,,,,,,,,,,,,,,,,,,,,,,,,,
559,38,Male,,United Kingdom,Secondary school,11-20,3.00,Never,Yearly,6,5,5,3,4,6,5,6,5,6,2,2,11,8,10,11,11,4,5,agree,4,agree,4,agree,4,agree,4.25,4,agree,5,agree,4,agree,4,agree,4.25,5,agree,4,agree,3,neutral,4.00,2,disagree,4,agree,3,neutral,4,agree,2,disagree,1,disagree,1,disagree,1,disagree,4,agree,1,disagree,4,agree,1,disagree,3,neutral,,,,,,,,,,,,,,,,,,,,,,,,,,,,,,,,,,,,,,,,,,
543,26,Male,,Spain,Further education,21-30,3.33,Never,Yearly,7,6,6,6,6,7,3,7,7,7,3,3,13,12,13,10,14,6,3,neutral,3,neutral,4,agree,5,agree,3.75,5,agree,5,agree,5,agree,5,agree,5.00,4,agree,5,agree,4,agree,4.33,4,agree,2,disagree,5,agree,1,disagree,5,agree,4,agree,4,agree,4,agree,4,agree,4,agree,4,agree,1,disagree,3,neutral,,,,,,,,,,,,,,,,,,,,,,,,,,,,,,,,,,,,,,,,,,
758,30,Male,,Sweden,Further education,11-20,4.17,Never,Yearly,7,7,5,3,5,5,3,5,4,3,1,1,14,8,10,8,7,2,4,agree,4,agree,3,neutral,5,agree,4.00,4,agree,4,agree,4,agree,4,agree,4.00,2,disagree,5,agree,2,disagree,3.00,4,agree,5,agree,5,agree,1,disagree,4,agree,3,neutral,1,disagree,1,disagree,3,neutral,3,neutral,1,disagree,2,disagree,3,neutral,,,,,,,,,,,,,,,,,,,,,,,,,,,,,,,,,,,,,,,,,,
676,41,Female,,United Kingdom,Postgraduate degree,31+,4.33,Never,Yearly,5,4,4,3,6,6,7,7,5,5,5,4,9,7,12,14,10,9,5,agree,4,agree,5,agree,5,agree,4.75,5,agree,5,agree,5,agree,4,agree,4.75,4,agree,4,agree,3,neutral,3.67,2,disagree,3,neutral,4,agree,3,neutral,4,agree,4,agree,2,disagree,4,agree,4,agree,4,agree,1,disagree,2,disagree,3,neutral,,,,,,,,,,,,,,,,,,,,,,,,,,,,,,,,,,,,,,,,,,
741,28,Female,,United States of America,Undergraduate degree,1-10,3.67,Never,Yearly,6,5,5,2,5,6,6,5,6,6,3,2,11,7,11,11,12,5,2,disagree,4,agree,4,agree,3,neutral,3.25,4,agree,5,agree,5,agree,2,disagree,4.00,5,agree,5,agree,5,agree,5.00,3,neutral,2,disagree,2,disagree,2,disagree,2,disagree,2,disagree,2,disagree,2,disagree,2,disagree,3,neutral,2,disagree,2,disagree,3,neutral,,,,,,,,,,,,,,,,,,,,,,,,,,,,,,,,,,,,,,,,,,
332,39,Male,,United States of America,Further education,11-20,3.83,Never,Yearly,5,5,5,5,5,6,6,6,5,6,4,4,10,10,11,12,11,8,3,neutral,3,neutral,2,disagree,2,disagree,2.50,4,agree,4,agree,4,agree,4,agree,4.00,3,neutral,3,neutral,1,disagree,2.33,3,neutral,1,disagree,1,disagree,1,disagree,1,disagree,4,agree,3,neutral,2,disagree,2,disagree,4,agree,2,disagree,2,disagree,3,neutral,,,,,,,,,,,,,,,,,,,,,,,,,,,,,,,,,,,,,,,,,,
164,39,Male,,Italy,Undergraduate degree,11-20,1.67,Never,Yearly,6,5,4,4,3,6,6,6,7,7,5,4,11,8,9,12,14,9,4,agree,4,agree,4,agree,5,agree,4.25,5,agree,5,agree,5,agree,5,agree,5.00,4,agree,4,agree,3,neutral,3.67,3,neutral,4,agree,5,agree,3,neutral,3,neutral,4,agree,1,disagree,4,agree,3,neutral,4,agree,2,disagree,2,disagree,3,neutral,,,,,,,,,,,,,,,,,,,,,,,,,,,,,,,,,,,,,,,,,,
517,22,Female,,Spain,Undergraduate degree,1-10,4.67,Never,Yearly,7,7,6,6,6,7,7,6,7,7,5,2,14,12,13,13,14,7,3,neutral,4,agree,3,neutral,4,agree,3.50,4,agree,4,agree,4,agree,4,agree,4.00,4,agree,4,agree,5,agree,4.33,3,neutral,4,agree,5,agree,1,disagree,2,disagree,5,agree,4,agree,2,disagree,4,agree,4,agree,4,agree,2,disagree,3,neutral,,,,,,,,,,,,,,,,,,,,,,,,,,,,,,,,,,,,,,,,,,
76,27,Male,,Italy,Further education,11-20,4.00,Yearly,Yearly,7,7,5,6,5,6,7,7,5,5,3,4,14,11,11,14,10,7,5,agree,5,agree,5,agree,5,agree,5.00,5,agree,4,agree,5,agree,4,agree,4.50,4,agree,4,agree,4,agree,4.00,2,disagree,4,agree,4,agree,3,neutral,5,agree,5,agree,4,agree,5,agree,4,agree,5,agree,4,agree,2,disagree,3,neutral,,,,,,,,,,,,,,,,,,,,,,,,,,,,,,,,,,,,,,,,,,
170,41,Male,,United Kingdom,Undergraduate degree,1-10,2.50,Never,Yearly,5,5,4,4,6,6,6,6,6,6,4,4,10,8,12,12,12,8,4,agree,3,neutral,4,agree,3,neutral,3.50,4,agree,4,agree,4,agree,4,agree,4.00,4,agree,3,neutral,3,neutral,3.33,3,neutral,5,agree,5,agree,3,neutral,4,agree,3,neutral,1,disagree,1,disagree,4,agree,2,disagree,1,disagree,3,neutral,3,neutral,,,,,,,,,,,,,,,,,,,,,,,,,,,,,,,,,,,,,,,,,,
70,22,Female,,United States of America,Undergraduate degree,1-10,3.83,Never,Yearly,6,6,5,5,5,6,7,6,6,7,5,3,12,10,11,13,13,8,2,disagree,2,disagree,4,agree,4,agree,3.00,2,disagree,4,agree,5,agree,4,agree,3.75,4,agree,4,agree,2,disagree,3.33,2,disagree,4,agree,4,agree,2,disagree,3,neutral,2,disagree,4,agree,4,agree,4,agree,2,disagree,1,disagree,3,neutral,3,neutral,,,,,,,,,,,,,,,,,,,,,,,,,,,,,,,,,,,,,,,,,,
423,26,Male,,Canada,Undergraduate degree,11-20,3.83,Never,Yearly,7,7,4,5,5,7,7,7,5,7,5,4,14,9,12,14,12,9,3,neutral,4,agree,4,agree,2,disagree,3.25,2,disagree,3,neutral,3,neutral,4,agree,3.00,3,neutral,4,agree,4,agree,3.67,3,neutral,2,disagree,3,neutral,2,disagree,4,agree,3,neutral,1,disagree,2,disagree,3,neutral,3,neutral,1,disagree,3,neutral,3,neutral,,,,,,,,,,,,,,,,,,,,,,,,,,,,,,,,,,,,,,,,,,
343,26,Female,,Estonia,Further education,1-10,3.83,Never,Yearly,7,6,5,6,6,7,5,5,7,7,5,5,13,11,13,10,14,10,3,neutral,3,neutral,2,disagree,2,disagree,2.50,1,disagree,3,neutral,1,disagree,3,neutral,2.00,3,neutral,2,disagree,2,disagree,2.33,3,neutral,2,disagree,4,agree,1,disagree,1,disagree,4,agree,2,disagree,2,disagree,3,neutral,4,agree,2,disagree,3,neutral,3,neutral,,,,,,,,,,,,,,,,,,,,,,,,,,,,,,,,,,,,,,,,,,
813,46,Male,,Australia,Undergraduate degree,11-20,2.33,Never,Yearly,7,7,5,5,5,7,3,6,5,6,5,3,14,10,12,9,11,8,3,neutral,3,neutral,3,neutral,4,agree,3.25,4,agree,4,agree,4,agree,4,agree,4.00,4,agree,4,agree,2,disagree,3.33,5,agree,3,neutral,4,agree,2,disagree,2,disagree,3,neutral,3,neutral,3,neutral,3,neutral,4,agree,2,disagree,3,neutral,3,neutral,,,,,,,,,,,,,,,,,,,,,,,,,,,,,,,,,,,,,,,,,,
573,29,Male,,Poland,Further education,21-30,2.50,Never,Yearly,6,6,6,5,6,6,7,6,5,5,4,3,12,11,12,13,10,7,2,disagree,2,disagree,3,neutral,3,neutral,2.50,4,agree,4,agree,4,agree,4,agree,4.00,4,agree,2,disagree,3,neutral,3.00,3,neutral,3,neutral,5,agree,3,neutral,3,neutral,4,agree,3,neutral,4,agree,3,neutral,4,agree,2,disagree,3,neutral,3,neutral,,,,,,,,,,,,,,,,,,,,,,,,,,,,,,,,,,,,,,,,,,
229,28,Male,,Canada,Undergraduate degree,21-30,4.17,Never,Yearly,7,7,5,5,5,5,6,6,7,6,3,3,14,10,10,12,13,6,4,agree,4,agree,5,agree,3,neutral,4.00,5,agree,5,agree,5,agree,4,agree,4.75,4,agree,4,agree,4,agree,4.00,3,neutral,4,agree,5,agree,4,agree,3,neutral,4,agree,2,disagree,2,disagree,4,agree,4,agree,2,disagree,3,neutral,3,neutral,,,,,,,,,,,,,,,,,,,,,,,,,,,,,,,,,,,,,,,,,,
448,35,Female,,United States of America,Secondary school,1-10,3.50,Yearly,Yearly,6,5,6,5,5,5,5,6,5,4,3,3,11,11,10,11,9,6,2,disagree,3,neutral,3,neutral,3,neutral,2.75,2,disagree,2,disagree,2,disagree,2,disagree,2.00,4,agree,3,neutral,3,neutral,3.33,3,neutral,3,neutral,3,neutral,2,disagree,2,disagree,2,disagree,2,disagree,4,agree,4,agree,5,agree,2,disagree,3,neutral,3,neutral,,,,,,,,,,,,,,,,,,,,,,,,,,,,,,,,,,,,,,,,,,
515,31,Female,,United States of America,Undergraduate degree,11-20,4.33,Yearly,Yearly,7,4,5,7,6,7,7,7,5,4,5,2,11,12,13,14,9,7,4,agree,5,agree,4,agree,4,agree,4.25,3,neutral,3,neutral,3,neutral,3,neutral,3.00,5,agree,5,agree,5,agree,5.00,2,disagree,4,agree,4,agree,3,neutral,4,agree,4,agree,4,agree,5,agree,4,agree,5,agree,2,disagree,3,neutral,3,neutral,,,,,,,,,,,,,,,,,,,,,,,,,,,,,,,,,,,,,,,,,,
313,44,Male,,United States of America,Further education,11-20,3.67,Never,Yearly,5,6,5,5,5,6,6,6,6,5,5,3,11,10,11,12,11,8,4,agree,4,agree,3,neutral,5,agree,4.00,4,agree,4,agree,3,neutral,3,neutral,3.50,4,agree,4,agree,4,agree,4.00,3,neutral,4,agree,4,agree,2,disagree,3,neutral,5,agree,3,neutral,5,agree,5,agree,5,agree,2,disagree,3,neutral,3,neutral,,,,,,,,,,,,,,,,,,,,,,,,,,,,,,,,,,,,,,,,,,
303,26,Male,,Portugal,Postgraduate degree,11-20,3.17,Never,Yearly,6,6,6,6,5,6,6,7,6,6,2,3,12,12,11,13,12,5,2,disagree,2,disagree,3,neutral,3,neutral,2.50,3,neutral,4,agree,2,disagree,4,agree,3.25,4,agree,2,disagree,4,agree,3.33,3,neutral,2,disagree,2,disagree,1,disagree,1,disagree,3,neutral,3,neutral,3,neutral,3,neutral,3,neutral,3,neutral,3,neutral,3,neutral,,,,,,,,,,,,,,,,,,,,,,,,,,,,,,,,,,,,,,,,,,
370,31,Female,,United Kingdom,Undergraduate degree,1-10,2.00,Never,Yearly,5,6,5,3,6,7,6,6,5,4,2,2,11,8,13,12,9,4,3,neutral,3,neutral,4,agree,4,agree,3.50,4,agree,4,agree,5,agree,4,agree,4.25,4,agree,4,agree,4,agree,4.00,3,neutral,3,neutral,5,agree,1,disagree,4,agree,4,agree,4,agree,3,neutral,3,neutral,3,neutral,3,neutral,3,neutral,3,neutral,,,,,,,,,,,,,,,,,,,,,,,,,,,,,,,,,,,,,,,,,,
651,27,Male,,United States of America,Further education,11-20,3.83,Never,Yearly,6,6,6,4,6,4,6,5,2,6,4,4,12,10,10,11,8,8,3,neutral,3,neutral,3,neutral,3,neutral,3.00,5,agree,5,agree,5,agree,3,neutral,4.50,1,disagree,3,neutral,1,disagree,1.67,3,neutral,1,disagree,1,disagree,1,disagree,3,neutral,1,disagree,1,disagree,2,disagree,1,disagree,4,agree,3,neutral,3,neutral,3,neutral,,,,,,,,,,,,,,,,,,,,,,,,,,,,,,,,,,,,,,,,,,
825,25,Male,,Italy,Undergraduate degree,11-20,2.50,Never,Yearly,6,5,6,6,5,6,7,6,6,6,3,4,11,12,11,13,12,7,3,neutral,3,neutral,3,neutral,4,agree,3.25,4,agree,4,agree,4,agree,4,agree,4.00,3,neutral,4,agree,3,neutral,3.33,3,neutral,4,agree,4,agree,3,neutral,3,neutral,3,neutral,3,neutral,4,agree,4,agree,4,agree,3,neutral,3,neutral,3,neutral,,,,,,,,,,,,,,,,,,,,,,,,,,,,,,,,,,,,,,,,,,
662,33,Female,,United Kingdom,Postgraduate degree,1-10,4.00,Never,Yearly,6,6,5,6,7,7,7,6,4,6,6,4,12,11,14,13,10,10,4,agree,4,agree,4,agree,3,neutral,3.75,3,neutral,4,agree,4,agree,4,agree,3.75,4,agree,3,neutral,5,agree,4.00,2,disagree,3,neutral,4,agree,3,neutral,2,disagree,3,neutral,2,disagree,4,agree,4,agree,5,agree,3,neutral,3,neutral,3,neutral,,,,,,,,,,,,,,,,,,,,,,,,,,,,,,,,,,,,,,,,,,
89,33,Male,,Germany,Undergraduate degree,1-10,4.00,Never,Yearly,7,6,5,5,6,6,6,6,5,6,2,2,13,10,12,12,11,4,3,neutral,3,neutral,5,agree,5,agree,4.00,4,agree,4,agree,4,agree,4,agree,4.00,4,agree,4,agree,2,disagree,3.33,3,neutral,4,agree,4,agree,1,disagree,4,agree,3,neutral,4,agree,4,agree,4,agree,3,neutral,4,agree,3,neutral,3,neutral,,,,,,,,,,,,,,,,,,,,,,,,,,,,,,,,,,,,,,,,,,
244,31,Male,,Portugal,Further education,11-20,3.50,Never,Yearly,5,5,4,4,5,6,6,6,5,6,4,4,10,8,11,12,11,8,3,neutral,3,neutral,3,neutral,3,neutral,3.00,4,agree,4,agree,4,agree,4,agree,4.00,4,agree,4,agree,4,agree,4.00,3,neutral,3,neutral,4,agree,1,disagree,4,agree,3,neutral,4,agree,4,agree,3,neutral,4,agree,4,agree,3,neutral,3,neutral,,,,,,,,,,,,,,,,,,,,,,,,,,,,,,,,,,,,,,,,,,
724,28,Female,,Austria,Undergraduate degree,1-10,4.83,Never,Yearly,5,4,6,6,6,7,6,6,5,5,4,4,9,12,13,12,10,8,3,neutral,4,agree,4,agree,4,agree,3.75,4,agree,4,agree,4,agree,2,disagree,3.50,4,agree,4,agree,3,neutral,3.67,2,disagree,3,neutral,4,agree,3,neutral,3,neutral,3,neutral,3,neutral,3,neutral,4,agree,4,agree,4,agree,3,neutral,3,neutral,,,,,,,,,,,,,,,,,,,,,,,,,,,,,,,,,,,,,,,,,,
589,28,Male,,Portugal,Postgraduate degree,21-30,4.17,Never,Yearly,6,5,5,6,5,6,7,7,6,6,4,3,11,11,11,14,12,7,4,agree,4,agree,3,neutral,3,neutral,3.50,4,agree,4,agree,4,agree,4,agree,4.00,4,agree,4,agree,2,disagree,3.33,3,neutral,3,neutral,4,agree,4,agree,4,agree,5,agree,3,neutral,4,agree,4,agree,4,agree,4,agree,3,neutral,3,neutral,,,,,,,,,,,,,,,,,,,,,,,,,,,,,,,,,,,,,,,,,,
377,29,Male,,United States of America,Postgraduate degree,1-10,2.83,Never,Yearly,7,7,6,5,5,7,7,7,4,5,2,2,14,11,12,14,9,4,1,disagree,1,disagree,3,neutral,2,disagree,1.75,4,agree,4,agree,3,neutral,4,agree,3.75,2,disagree,3,neutral,1,disagree,2.00,5,agree,1,disagree,4,agree,1,disagree,1,disagree,4,agree,4,agree,5,agree,5,agree,5,agree,4,agree,3,neutral,3,neutral,,,,,,,,,,,,,,,,,,,,,,,,,,,,,,,,,,,,,,,,,,
350,58,Male,,Australia,Secondary school,11-20,5.00,Yearly,Yearly,7,6,6,6,6,7,4,7,6,7,5,6,13,12,13,11,13,11,5,agree,5,agree,5,agree,5,agree,5.00,5,agree,5,agree,5,agree,5,agree,5.00,5,agree,5,agree,4,agree,4.67,5,agree,2,disagree,5,agree,3,neutral,3,neutral,4,agree,4,agree,5,agree,4,agree,4,agree,5,agree,3,neutral,3,neutral,,,,,,,,,,,,,,,,,,,,,,,,,,,,,,,,,,,,,,,,,,
258,25,Male,,Portugal,Secondary school,31+,2.00,Never,Yearly,5,6,5,6,5,7,6,6,6,6,4,1,11,11,12,12,12,5,1,disagree,1,disagree,1,disagree,1,disagree,1.00,1,disagree,1,disagree,1,disagree,1,disagree,1.00,1,disagree,1,disagree,1,disagree,1.00,1,disagree,4,agree,2,disagree,1,disagree,1,disagree,4,agree,4,agree,5,agree,5,agree,4,agree,5,agree,3,neutral,3,neutral,,,,,,,,,,,,,,,,,,,,,,,,,,,,,,,,,,,,,,,,,,
182,63,Female,,United Kingdom,Secondary school,1-10,3.83,Monthly,Yearly,7,7,5,6,6,6,6,7,7,7,6,5,14,11,12,13,14,11,2,disagree,3,neutral,4,agree,3,neutral,3.00,1,disagree,2,disagree,3,neutral,4,agree,2.50,3,neutral,3,neutral,3,neutral,3.00,3,neutral,4,agree,4,agree,4,agree,1,disagree,5,agree,5,agree,4,agree,5,agree,5,agree,5,agree,3,neutral,3,neutral,,,,,,,,,,,,,,,,,,,,,,,,,,,,,,,,,,,,,,,,,,
110,36,Male,,Spain,Undergraduate degree,11-20,2.50,Never,Yearly,5,5,4,3,4,4,5,6,5,6,5,5,10,7,8,11,11,10,3,neutral,4,agree,3,neutral,3,neutral,3.25,3,neutral,3,neutral,3,neutral,3,neutral,3.00,3,neutral,4,agree,3,neutral,3.33,4,agree,2,disagree,3,neutral,2,disagree,2,disagree,5,agree,4,agree,2,disagree,4,agree,4,agree,2,disagree,4,agree,3,neutral,,,,,,,,,,,,,,,,,,,,,,,,,,,,,,,,,,,,,,,,,,
553,25,Male,,Germany,Undergraduate degree,11-20,3.83,Never,Yearly,6,6,5,5,5,4,4,5,5,5,6,4,12,10,9,9,10,10,4,agree,4,agree,4,agree,4,agree,4.00,4,agree,4,agree,5,agree,4,agree,4.25,5,agree,4,agree,3,neutral,4.00,2,disagree,2,disagree,3,neutral,4,agree,4,agree,2,disagree,1,disagree,2,disagree,1,disagree,2,disagree,3,neutral,4,agree,3,neutral,,,,,,,,,,,,,,,,,,,,,,,,,,,,,,,,,,,,,,,,,,
223,30,Male,,Germany,Postgraduate degree,21-30,3.17,Never,Yearly,5,4,3,4,6,6,6,6,5,5,5,3,9,7,12,12,10,8,1,disagree,2,disagree,2,disagree,1,disagree,1.50,1,disagree,2,disagree,1,disagree,1,disagree,1.25,4,agree,1,disagree,3,neutral,2.67,1,disagree,3,neutral,3,neutral,2,disagree,3,neutral,2,disagree,5,agree,4,agree,2,disagree,4,agree,4,agree,4,agree,3,neutral,,,,,,,,,,,,,,,,,,,,,,,,,,,,,,,,,,,,,,,,,,
82,32,Male,,Germany,Further education,11-20,2.00,Never,Yearly,6,4,1,2,4,7,7,7,7,7,5,6,10,3,11,14,14,11,3,neutral,3,neutral,3,neutral,3,neutral,3.00,5,agree,5,agree,5,agree,4,agree,4.75,2,disagree,3,neutral,5,agree,3.33,2,disagree,1,disagree,1,disagree,1,disagree,1,disagree,4,agree,3,neutral,4,agree,4,agree,4,agree,4,agree,4,agree,3,neutral,,,,,,,,,,,,,,,,,,,,,,,,,,,,,,,,,,,,,,,,,,
405,33,Female,,United Kingdom,Postgraduate degree,1-10,4.00,Never,Yearly,6,6,6,6,5,5,6,6,5,6,2,3,12,12,10,12,11,5,4,agree,5,agree,5,agree,4,agree,4.50,3,neutral,3,neutral,4,agree,2,disagree,3.00,5,agree,5,agree,5,agree,5.00,3,neutral,3,neutral,4,agree,1,disagree,3,neutral,5,agree,3,neutral,4,agree,3,neutral,5,agree,4,agree,4,agree,3,neutral,,,,,,,,,,,,,,,,,,,,,,,,,,,,,,,,,,,,,,,,,,
637,22,Female,,United Kingdom,Undergraduate degree,1-10,2.83,Never,Yearly,7,7,6,7,4,5,6,6,7,7,4,4,14,13,9,12,14,8,4,agree,4,agree,5,agree,4,agree,4.25,4,agree,4,agree,4,agree,4,agree,4.00,5,agree,5,agree,5,agree,5.00,3,neutral,4,agree,5,agree,3,neutral,4,agree,5,agree,4,agree,4,agree,5,agree,5,agree,4,agree,4,agree,3,neutral,,,,,,,,,,,,,,,,,,,,,,,,,,,,,,,,,,,,,,,,,,
293,28,Male,,Hungary,Undergraduate degree,11-20,2.33,Never,Yearly,6,6,4,5,5,6,6,6,5,6,3,5,12,9,11,12,11,8,3,neutral,3,neutral,3,neutral,3,neutral,3.00,4,agree,4,agree,4,agree,4,agree,4.00,3,neutral,3,neutral,2,disagree,2.67,3,neutral,2,disagree,4,agree,1,disagree,3,neutral,4,agree,5,agree,4,agree,5,agree,5,agree,4,agree,4,agree,3,neutral,,,,,,,,,,,,,,,,,,,,,,,,,,,,,,,,,,,,,,,,,,
344,28,Male,,The Netherlands,Postgraduate degree,1-10,3.50,Yearly,Yearly,6,6,6,6,6,7,7,6,6,6,5,5,12,12,13,13,12,10,4,agree,5,agree,4,agree,5,agree,4.50,5,agree,5,agree,5,agree,5,agree,5.00,5,agree,4,agree,4,agree,4.33,2,disagree,3,neutral,2,disagree,1,disagree,4,agree,5,agree,4,agree,5,agree,5,agree,5,agree,4,agree,4,agree,3,neutral,,,,,,,,,,,,,,,,,,,,,,,,,,,,,,,,,,,,,,,,,,
672,47,Male,,United Kingdom,Undergraduate degree,21-30,3.83,Yearly,Yearly,5,6,5,5,6,6,7,6,5,4,3,2,11,10,12,13,9,5,4,agree,4,agree,5,agree,4,agree,4.25,2,disagree,4,agree,2,disagree,3,neutral,2.75,4,agree,4,agree,4,agree,4.00,2,disagree,4,agree,5,agree,3,neutral,4,agree,5,agree,5,agree,5,agree,5,agree,5,agree,5,agree,4,agree,3,neutral,,,,,,,,,,,,,,,,,,,,,,,,,,,,,,,,,,,,,,,,,,
196,28,Female,,Italy,Postgraduate degree,11-20,3.67,Yearly,Yearly,6,6,5,5,5,6,6,6,5,6,2,2,12,10,11,12,11,4,2,disagree,2,disagree,4,agree,4,agree,3.00,4,agree,4,agree,4,agree,4,agree,4.00,3,neutral,2,disagree,4,agree,3.00,2,disagree,3,neutral,3,neutral,2,disagree,4,agree,4,agree,2,disagree,3,neutral,5,agree,4,agree,4,agree,1,disagree,4,agree,,,,,,,,,,,,,,,,,,,,,,,,,,,,,,,,,,,,,,,,,,
149,45,Male,,Spain,Undergraduate degree,21-30,3.00,Never,Yearly,6,6,5,5,5,6,7,7,5,6,2,2,12,10,11,14,11,4,3,neutral,3,neutral,4,agree,3,neutral,3.25,4,agree,4,agree,4,agree,4,agree,4.00,3,neutral,3,neutral,2,disagree,2.67,2,disagree,2,disagree,5,agree,1,disagree,3,neutral,4,agree,2,disagree,4,agree,5,agree,5,agree,5,agree,1,disagree,4,agree,,,,,,,,,,,,,,,,,,,,,,,,,,,,,,,,,,,,,,,,,,
97,62,Female,,United Kingdom,Secondary school,1-10,3.67,Never,Yearly,5,5,3,3,3,5,6,6,3,5,2,2,10,6,8,12,8,4,2,disagree,2,disagree,2,disagree,3,neutral,2.25,4,agree,4,agree,4,agree,4,agree,4.00,3,neutral,3,neutral,4,agree,3.33,3,neutral,4,agree,4,agree,3,neutral,3,neutral,5,agree,5,agree,2,disagree,4,agree,4,agree,1,disagree,2,disagree,4,agree,,,,,,,,,,,,,,,,,,,,,,,,,,,,,,,,,,,,,,,,,,
469,31,Male,,Poland,Postgraduate degree,11-20,3.67,Never,Yearly,7,7,6,5,6,7,6,7,6,6,2,2,14,11,13,13,12,4,4,agree,4,agree,5,agree,5,agree,4.50,4,agree,5,agree,4,agree,4,agree,4.25,4,agree,5,agree,4,agree,4.33,3,neutral,4,agree,4,agree,3,neutral,4,agree,4,agree,4,agree,5,agree,2,disagree,4,agree,2,disagree,2,disagree,4,agree,,,,,,,,,,,,,,,,,,,,,,,,,,,,,,,,,,,,,,,,,,
16,37,Male,,United States of America,Postgraduate degree,1-10,4.50,Never,Yearly,7,7,6,5,5,5,6,6,6,7,5,3,14,11,10,12,13,8,2,disagree,4,agree,4,agree,4,agree,3.50,5,agree,5,agree,5,agree,4,agree,4.75,5,agree,5,agree,2,disagree,4.00,2,disagree,2,disagree,2,disagree,1,disagree,4,agree,4,agree,2,disagree,1,disagree,4,agree,4,agree,2,disagree,2,disagree,4,agree,,,,,,,,,,,,,,,,,,,,,,,,,,,,,,,,,,,,,,,,,,
211,23,Male,,Spain,Undergraduate degree,21-30,3.17,Never,Yearly,4,3,4,5,6,7,7,7,5,6,1,5,7,9,13,14,11,6,1,disagree,1,disagree,1,disagree,3,neutral,1.50,4,agree,2,disagree,4,agree,5,agree,3.75,2,disagree,2,disagree,1,disagree,1.67,3,neutral,1,disagree,2,disagree,1,disagree,1,disagree,4,agree,2,disagree,4,agree,4,agree,5,agree,2,disagree,2,disagree,4,agree,,,,,,,,,,,,,,,,,,,,,,,,,,,,,,,,,,,,,,,,,,
296,23,Female,,Italy,Further education,11-20,3.33,Never,Yearly,5,5,5,5,5,6,5,5,5,6,5,4,10,10,11,10,11,9,3,neutral,4,agree,3,neutral,3,neutral,3.25,3,neutral,4,agree,4,agree,3,neutral,3.50,3,neutral,3,neutral,3,neutral,3.00,3,neutral,2,disagree,3,neutral,3,neutral,4,agree,5,agree,4,agree,5,agree,5,agree,5,agree,3,neutral,2,disagree,4,agree,,,,,,,,,,,,,,,,,,,,,,,,,,,,,,,,,,,,,,,,,,
363,21,Male,,Hungary,Further education,11-20,2.67,Yearly,Yearly,5,6,6,6,6,7,6,7,5,5,5,3,11,12,13,13,10,8,3,neutral,4,agree,3,neutral,4,agree,3.50,3,neutral,4,agree,4,agree,4,agree,3.75,3,neutral,4,agree,4,agree,3.67,3,neutral,4,agree,4,agree,2,disagree,3,neutral,4,agree,4,agree,4,agree,5,agree,4,agree,4,agree,2,disagree,4,agree,,,,,,,,,,,,,,,,,,,,,,,,,,,,,,,,,,,,,,,,,,
677,34,Female,,Canada,Undergraduate degree,1-10,2.50,Never,Yearly,4,4,2,2,2,5,6,5,5,5,5,4,8,4,7,11,10,9,1,disagree,2,disagree,1,disagree,1,disagree,1.25,2,disagree,4,agree,2,disagree,4,agree,3.00,4,agree,2,disagree,3,neutral,3.00,1,disagree,1,disagree,1,disagree,1,disagree,1,disagree,4,agree,5,agree,3,neutral,5,agree,3,neutral,5,agree,2,disagree,4,agree,,,,,,,,,,,,,,,,,,,,,,,,,,,,,,,,,,,,,,,,,,
15,50,Male,,Croatia,Further education,31+,3.83,Never,Yearly,6,6,5,5,5,6,6,6,5,6,5,3,12,10,11,12,11,8,5,agree,4,agree,5,agree,5,agree,4.75,4,agree,5,agree,5,agree,5,agree,4.75,5,agree,5,agree,4,agree,4.67,2,disagree,5,agree,5,agree,5,agree,3,neutral,5,agree,4,agree,4,agree,5,agree,4,agree,5,agree,2,disagree,4,agree,,,,,,,,,,,,,,,,,,,,,,,,,,,,,,,,,,,,,,,,,,
286,31,Male,,United Kingdom,Postgraduate degree,1-10,3.00,Never,Yearly,6,6,3,3,6,4,5,6,4,5,2,3,12,6,10,11,9,5,3,neutral,3,neutral,3,neutral,3,neutral,3.00,4,agree,4,agree,4,agree,4,agree,4.00,4,agree,5,agree,4,agree,4.33,3,neutral,3,neutral,4,agree,2,disagree,3,neutral,4,agree,3,neutral,4,agree,4,agree,4,agree,1,disagree,3,neutral,4,agree,,,,,,,,,,,,,,,,,,,,,,,,,,,,,,,,,,,,,,,,,,
633,28,Male,,United States of America,Undergraduate degree,11-20,3.50,Never,Yearly,6,6,6,6,6,6,6,6,5,4,2,2,12,12,12,12,9,4,3,neutral,4,agree,3,neutral,2,disagree,3.00,4,agree,4,agree,4,agree,3,neutral,3.75,4,agree,4,agree,3,neutral,3.67,3,neutral,4,agree,4,agree,3,neutral,2,disagree,3,neutral,3,neutral,4,agree,2,disagree,2,disagree,2,disagree,3,neutral,4,agree,,,,,,,,,,,,,,,,,,,,,,,,,,,,,,,,,,,,,,,,,,
65,39,Female,,United Kingdom,Secondary school,31+,3.67,Never,Yearly,7,7,1,1,2,6,7,6,6,5,1,2,14,2,8,13,11,3,2,disagree,2,disagree,4,agree,3,neutral,2.75,3,neutral,4,agree,4,agree,4,agree,3.75,4,agree,5,agree,3,neutral,4.00,3,neutral,4,agree,3,neutral,1,disagree,1,disagree,4,agree,3,neutral,4,agree,4,agree,3,neutral,3,neutral,3,neutral,4,agree,,,,,,,,,,,,,,,,,,,,,,,,,,,,,,,,,,,,,,,,,,
204,46,Male,,United States of America,Further education,1-10,4.00,Never,Yearly,6,5,6,6,5,5,6,6,5,6,2,1,11,12,10,12,11,3,1,disagree,2,disagree,2,disagree,4,agree,2.25,1,disagree,2,disagree,2,disagree,4,agree,2.25,4,agree,4,agree,3,neutral,3.67,3,neutral,3,neutral,4,agree,4,agree,1,disagree,5,agree,3,neutral,5,agree,5,agree,4,agree,3,neutral,3,neutral,4,agree,,,,,,,,,,,,,,,,,,,,,,,,,,,,,,,,,,,,,,,,,,
359,35,Male,,United States of America,Undergraduate degree,1-10,4.33,Yearly,Yearly,7,6,6,7,6,6,6,6,6,6,4,4,13,13,12,12,12,8,3,neutral,3,neutral,4,agree,3,neutral,3.25,4,agree,4,agree,4,agree,4,agree,4.00,3,neutral,3,neutral,4,agree,3.33,2,disagree,3,neutral,4,agree,2,disagree,3,neutral,4,agree,4,agree,3,neutral,3,neutral,2,disagree,4,agree,3,neutral,4,agree,,,,,,,,,,,,,,,,,,,,,,,,,,,,,,,,,,,,,,,,,,
594,32,Male,,Spain,Undergraduate degree,11-20,2.33,Never,Yearly,4,6,5,5,7,7,7,6,4,6,2,4,10,10,14,13,10,6,4,agree,3,neutral,3,neutral,3,neutral,3.25,5,agree,5,agree,5,agree,4,agree,4.75,4,agree,4,agree,3,neutral,3.67,4,agree,3,neutral,4,agree,4,agree,2,disagree,5,agree,3,neutral,4,agree,4,agree,4,agree,4,agree,3,neutral,4,agree,,,,,,,,,,,,,,,,,,,,,,,,,,,,,,,,,,,,,,,,,,
330,38,Female,,Poland,Undergraduate degree,21-30,2.67,Never,Yearly,5,5,4,3,3,5,4,5,4,5,4,3,10,7,8,9,9,7,4,agree,3,neutral,4,agree,4,agree,3.75,3,neutral,3,neutral,3,neutral,3,neutral,3.00,4,agree,4,agree,3,neutral,3.67,2,disagree,1,disagree,1,disagree,1,disagree,1,disagree,5,agree,4,agree,4,agree,4,agree,5,agree,4,agree,3,neutral,4,agree,,,,,,,,,,,,,,,,,,,,,,,,,,,,,,,,,,,,,,,,,,
69,24,Female,,United Kingdom,Further education,11-20,4.00,Never,Yearly,6,6,4,2,4,5,6,5,5,5,1,2,12,6,9,11,10,3,2,disagree,4,agree,4,agree,4,agree,3.50,4,agree,4,agree,4,agree,4,agree,4.00,4,agree,4,agree,4,agree,4.00,2,disagree,5,agree,4,agree,4,agree,4,agree,5,agree,4,agree,4,agree,5,agree,5,agree,4,agree,3,neutral,4,agree,,,,,,,,,,,,,,,,,,,,,,,,,,,,,,,,,,,,,,,,,,
126,31,Female,,United Kingdom,Undergraduate degree,11-20,3.33,Never,Yearly,6,6,4,5,4,6,6,6,5,6,4,4,12,9,10,12,11,8,4,agree,4,agree,4,agree,4,agree,4.00,4,agree,5,agree,4,agree,4,agree,4.25,4,agree,4,agree,5,agree,4.33,3,neutral,4,agree,4,agree,3,neutral,3,neutral,5,agree,4,agree,5,agree,5,agree,4,agree,5,agree,3,neutral,4,agree,,,,,,,,,,,,,,,,,,,,,,,,,,,,,,,,,,,,,,,,,,
207,26,Male,,Portugal,Postgraduate degree,1-10,2.83,Never,Yearly,7,7,6,7,6,7,6,7,5,6,4,3,14,13,13,13,11,7,2,disagree,3,neutral,3,neutral,4,agree,3.00,4,agree,4,agree,4,agree,4,agree,4.00,3,neutral,3,neutral,2,disagree,2.67,3,neutral,4,agree,5,agree,3,neutral,3,neutral,4,agree,4,agree,5,agree,3,neutral,5,agree,5,agree,3,neutral,4,agree,,,,,,,,,,,,,,,,,,,,,,,,,,,,,,,,,,,,,,,,,,
186,48,Male,,United States of America,Undergraduate degree,1-10,3.17,Yearly,Yearly,5,5,5,4,5,5,6,6,4,4,2,2,10,9,10,12,8,4,4,agree,4,agree,4,agree,4,agree,4.00,4,agree,4,agree,4,agree,4,agree,4.00,4,agree,4,agree,4,agree,4.00,2,disagree,4,agree,4,agree,4,agree,4,agree,5,agree,3,neutral,5,agree,5,agree,5,agree,5,agree,3,neutral,4,agree,,,,,,,,,,,,,,,,,,,,,,,,,,,,,,,,,,,,,,,,,,
752,30,Female,,United Kingdom,Postgraduate degree,11-20,3.33,Never,Yearly,6,6,5,5,5,5,5,6,4,5,4,3,12,10,10,11,9,7,4,agree,4,agree,5,agree,5,agree,4.50,5,agree,5,agree,5,agree,4,agree,4.75,4,agree,4,agree,3,neutral,3.67,3,neutral,4,agree,4,agree,3,neutral,3,neutral,4,agree,4,agree,5,agree,5,agree,5,agree,5,agree,3,neutral,4,agree,,,,,,,,,,,,,,,,,,,,,,,,,,,,,,,,,,,,,,,,,,
178,29,Male,,Canada,Undergraduate degree,1-10,3.17,Never,Yearly,6,5,5,5,5,6,6,6,5,6,2,2,11,10,11,12,11,4,2,disagree,2,disagree,3,neutral,3,neutral,2.50,2,disagree,3,neutral,4,agree,3,neutral,3.00,4,agree,4,agree,3,neutral,3.67,3,neutral,4,agree,4,agree,2,disagree,2,disagree,4,agree,3,neutral,5,agree,4,agree,4,agree,2,disagree,4,agree,4,agree,,,,,,,,,,,,,,,,,,,,,,,,,,,,,,,,,,,,,,,,,,
214,37,Male,,United States of America,Further education,11-20,2.33,Never,Yearly,6,6,6,6,5,7,6,6,4,4,2,2,12,12,12,12,8,4,4,agree,3,neutral,4,agree,4,agree,3.75,5,agree,5,agree,4,agree,4,agree,4.50,4,agree,3,neutral,2,disagree,3.00,3,neutral,3,neutral,3,neutral,3,neutral,4,agree,4,agree,4,agree,4,agree,4,agree,3,neutral,3,neutral,4,agree,4,agree,,,,,,,,,,,,,,,,,,,,,,,,,,,,,,,,,,,,,,,,,,
113,22,Male,,Hungary,Further education,31+,2.33,Never,Yearly,6,6,7,7,5,7,7,7,2,6,5,2,12,14,12,14,8,7,3,neutral,3,neutral,3,neutral,3,neutral,3.00,2,disagree,5,agree,5,agree,4,agree,4.00,5,agree,3,neutral,4,agree,4.00,3,neutral,2,disagree,5,agree,1,disagree,4,agree,5,agree,3,neutral,3,neutral,4,agree,4,agree,3,neutral,4,agree,4,agree,,,,,,,,,,,,,,,,,,,,,,,,,,,,,,,,,,,,,,,,,,
587,30,Male,,United Kingdom,Further education,11-20,2.17,Never,Yearly,5,3,4,4,3,6,6,5,4,4,2,2,8,8,9,11,8,4,1,disagree,1,disagree,1,disagree,1,disagree,1.00,1,disagree,1,disagree,1,disagree,1,disagree,1.00,1,disagree,1,disagree,1,disagree,1.00,1,disagree,1,disagree,1,disagree,1,disagree,1,disagree,5,agree,3,neutral,4,agree,5,agree,5,agree,3,neutral,4,agree,4,agree,,,,,,,,,,,,,,,,,,,,,,,,,,,,,,,,,,,,,,,,,,
682,32,Male,,Canada,Further education,21-30,2.33,Never,Yearly,6,6,6,6,5,6,6,7,2,5,2,2,12,12,11,13,7,4,2,disagree,2,disagree,4,agree,4,agree,3.00,4,agree,4,agree,4,agree,4,agree,4.00,5,agree,2,disagree,1,disagree,2.67,4,agree,2,disagree,4,agree,1,disagree,2,disagree,4,agree,1,disagree,3,neutral,3,neutral,4,agree,4,agree,4,agree,4,agree,,,,,,,,,,,,,,,,,,,,,,,,,,,,,,,,,,,,,,,,,,
429,22,Female,,United Kingdom,Undergraduate degree,1-10,3.17,Never,Yearly,6,6,5,2,7,6,7,6,5,6,1,1,12,7,13,13,11,2,3,neutral,4,agree,4,agree,4,agree,3.75,4,agree,4,agree,3,neutral,4,agree,3.75,4,agree,4,agree,4,agree,4.00,2,disagree,3,neutral,4,agree,4,agree,2,disagree,1,disagree,4,agree,4,agree,4,agree,4,agree,4,agree,4,agree,4,agree,,,,,,,,,,,,,,,,,,,,,,,,,,,,,,,,,,,,,,,,,,
726,25,Female,,The Netherlands,Undergraduate degree,11-20,3.50,Never,Yearly,7,7,6,6,6,6,7,7,6,6,2,6,14,12,12,14,12,8,3,neutral,3,neutral,4,agree,4,agree,3.50,3,neutral,4,agree,4,agree,4,agree,3.75,4,agree,5,agree,3,neutral,4.00,3,neutral,4,agree,4,agree,2,disagree,2,disagree,3,neutral,4,agree,4,agree,4,agree,4,agree,4,agree,4,agree,4,agree,,,,,,,,,,,,,,,,,,,,,,,,,,,,,,,,,,,,,,,,,,
442,26,Male,,Belgium,Postgraduate degree,1-10,3.33,Never,Yearly,6,5,6,7,5,6,6,6,5,6,5,3,11,13,11,12,11,8,1,disagree,1,disagree,1,disagree,2,disagree,1.25,4,agree,4,agree,4,agree,4,agree,4.00,2,disagree,3,neutral,4,agree,3.00,3,neutral,4,agree,4,agree,1,disagree,1,disagree,4,agree,4,agree,4,agree,4,agree,4,agree,4,agree,4,agree,4,agree,,,,,,,,,,,,,,,,,,,,,,,,,,,,,,,,,,,,,,,,,,
246,36,Male,,United Kingdom,Undergraduate degree,31+,2.00,Never,Yearly,5,5,3,3,6,6,7,7,6,6,2,4,10,6,12,14,12,6,3,neutral,3,neutral,2,disagree,2,disagree,2.50,4,agree,4,agree,4,agree,5,agree,4.25,4,agree,4,agree,4,agree,4.00,3,neutral,2,disagree,4,agree,3,neutral,1,disagree,4,agree,4,agree,4,agree,4,agree,4,agree,4,agree,4,agree,4,agree,,,,,,,,,,,,,,,,,,,,,,,,,,,,,,,,,,,,,,,,,,
11,24,Male,,Norway,Postgraduate degree,1-10,2.50,Never,Yearly,5,5,6,5,6,7,6,6,4,6,2,3,10,11,13,12,10,5,2,disagree,2,disagree,2,disagree,3,neutral,2.25,4,agree,4,agree,4,agree,4,agree,4.00,3,neutral,3,neutral,2,disagree,2.67,3,neutral,3,neutral,4,agree,1,disagree,4,agree,4,agree,4,agree,4,agree,4,agree,4,agree,4,agree,4,agree,4,agree,,,,,,,,,,,,,,,,,,,,,,,,,,,,,,,,,,,,,,,,,,
3,53,Male,,United Kingdom,Undergraduate degree,11-20,3.33,Never,Yearly,7,5,5,5,5,6,6,6,4,5,3,2,12,10,11,12,9,5,4,agree,4,agree,4,agree,4,agree,4.00,4,agree,4,agree,4,agree,4,agree,4.00,4,agree,5,agree,5,agree,4.67,3,neutral,3,neutral,3,neutral,1,disagree,2,disagree,4,agree,2,disagree,5,agree,4,agree,4,agree,4,agree,4,agree,4,agree,,,,,,,,,,,,,,,,,,,,,,,,,,,,,,,,,,,,,,,,,,
657,47,Male,,United Kingdom,Secondary school,11-20,3.17,Never,Yearly,6,6,2,3,1,5,2,6,6,6,1,4,12,5,6,8,12,5,1,disagree,1,disagree,3,neutral,5,agree,2.50,5,agree,5,agree,5,agree,4,agree,4.75,1,disagree,3,neutral,1,disagree,1.67,3,neutral,1,disagree,4,agree,1,disagree,1,disagree,5,agree,4,agree,3,neutral,4,agree,5,agree,4,agree,4,agree,4,agree,,,,,,,,,,,,,,,,,,,,,,,,,,,,,,,,,,,,,,,,,,
375,32,Male,,United Kingdom,Undergraduate degree,11-20,3.67,Once every 6 months,Yearly,5,6,4,4,6,6,5,6,5,6,4,4,11,8,12,11,11,8,3,neutral,4,agree,4,agree,4,agree,3.75,3,neutral,3,neutral,3,neutral,3,neutral,3.00,4,agree,5,agree,4,agree,4.33,3,neutral,3,neutral,4,agree,4,agree,3,neutral,5,agree,4,agree,4,agree,4,agree,5,agree,4,agree,4,agree,4,agree,,,,,,,,,,,,,,,,,,,,,,,,,,,,,,,,,,,,,,,,,,
192,42,Male,,United Kingdom,Secondary school,21-30,3.67,Never,Yearly,6,6,3,4,5,6,6,6,5,6,3,2,12,7,11,12,11,5,3,neutral,3,neutral,3,neutral,3,neutral,3.00,5,agree,5,agree,5,agree,3,neutral,4.50,5,agree,3,neutral,3,neutral,3.67,3,neutral,3,neutral,5,agree,3,neutral,3,neutral,4,agree,3,neutral,5,agree,5,agree,5,agree,4,agree,4,agree,4,agree,,,,,,,,,,,,,,,,,,,,,,,,,,,,,,,,,,,,,,,,,,
407,49,Male,,United Kingdom,Further education,21-30,4.33,Never,Yearly,7,7,3,3,5,5,6,6,5,7,2,4,14,6,10,12,12,6,3,neutral,3,neutral,4,agree,4,agree,3.50,4,agree,4,agree,4,agree,4,agree,4.00,5,agree,5,agree,4,agree,4.67,3,neutral,1,disagree,1,disagree,1,disagree,1,disagree,5,agree,4,agree,4,agree,5,agree,5,agree,5,agree,4,agree,4,agree,,,,,,,,,,,,,,,,,,,,,,,,,,,,,,,,,,,,,,,,,,
318,45,Male,,Canada,Secondary school,11-20,4.67,Yearly,Yearly,5,5,5,5,6,6,6,6,6,6,3,2,10,10,12,12,12,5,4,agree,4,agree,4,agree,4,agree,4.00,4,agree,4,agree,4,agree,4,agree,4.00,4,agree,4,agree,4,agree,4.00,2,disagree,4,agree,4,agree,4,agree,4,agree,5,agree,4,agree,5,agree,5,agree,5,agree,5,agree,4,agree,4,agree,,,,,,,,,,,,,,,,,,,,,,,,,,,,,,,,,,,,,,,,,,
514,34,Male,,United States of America,Postgraduate degree,11-20,3.83,Yearly,Yearly,7,7,5,5,5,7,7,7,7,6,4,5,14,10,12,14,13,9,3,neutral,4,agree,4,agree,4,agree,3.75,5,agree,5,agree,5,agree,4,agree,4.75,2,disagree,3,neutral,3,neutral,2.67,1,disagree,5,agree,5,agree,1,disagree,1,disagree,5,agree,4,agree,4,agree,5,agree,4,agree,4,agree,5,agree,4,agree,,,,,,,,,,,,,,,,,,,,,,,,,,,,,,,,,,,,,,,,,,
683,52,Female,,Hungary,Postgraduate degree,11-20,3.83,Never,Yearly,6,7,5,5,7,7,7,7,5,7,5,4,13,10,14,14,12,9,3,neutral,4,agree,3,neutral,5,agree,3.75,2,disagree,4,agree,4,agree,4,agree,3.50,4,agree,4,agree,4,agree,4.00,3,neutral,4,agree,4,agree,2,disagree,1,disagree,5,agree,5,agree,5,agree,5,agree,5,agree,4,agree,5,agree,4,agree,,,,,,,,,,,,,,,,,,,,,,,,,,,,,,,,,,,,,,,,,,
24,33,Male,,United Kingdom,Further education,11-20,3.33,Never,Yearly,6,7,7,7,5,7,7,7,7,7,2,2,13,14,12,14,14,4,4,agree,5,agree,5,agree,5,agree,4.75,4,agree,4,agree,4,agree,5,agree,4.25,5,agree,5,agree,5,agree,5.00,4,agree,4,agree,5,agree,4,agree,5,agree,4,agree,4,agree,4,agree,4,agree,5,agree,5,agree,5,agree,4,agree,,,,,,,,,,,,,,,,,,,,,,,,,,,,,,,,,,,,,,,,,,
282,50,Male,,United Kingdom,Further education,1-10,2.83,Never,Yearly,5,5,4,2,6,6,6,6,4,6,4,2,10,6,12,12,10,6,4,agree,4,agree,4,agree,3,neutral,3.75,3,neutral,3,neutral,2,disagree,3,neutral,2.75,4,agree,3,neutral,3,neutral,3.33,3,neutral,2,disagree,3,neutral,2,disagree,2,disagree,5,agree,4,agree,4,agree,5,agree,5,agree,5,agree,2,disagree,5,agree,,,,,,,,,,,,,,,,,,,,,,,,,,,,,,,,,,,,,,,,,,
824,25,Male,,Portugal,Secondary school,1-10,3.83,Never,Yearly,6,6,5,5,6,6,6,6,6,5,2,2,12,10,12,12,11,4,5,agree,5,agree,5,agree,4,agree,4.75,4,agree,5,agree,5,agree,5,agree,4.75,5,agree,4,agree,5,agree,4.67,4,agree,4,agree,5,agree,3,neutral,2,disagree,4,agree,4,agree,5,agree,5,agree,5,agree,4,agree,3,neutral,5,agree,,,,,,,,,,,,,,,,,,,,,,,,,,,,,,,,,,,,,,,,,,
206,25,Female,,United States of America,Further education,31+,3.33,Never,Yearly,7,6,2,3,6,6,5,5,7,3,5,5,13,5,12,10,10,10,3,neutral,3,neutral,4,agree,4,agree,3.50,4,agree,5,agree,5,agree,4,agree,4.50,4,agree,4,agree,3,neutral,3.67,3,neutral,4,agree,5,agree,4,agree,4,agree,4,agree,4,agree,4,agree,5,agree,4,agree,4,agree,4,agree,5,agree,,,,,,,,,,,,,,,,,,,,,,,,,,,,,,,,,,,,,,,,,,
310,37,Female,,United Kingdom,Secondary school,11-20,2.67,Never,Yearly,7,7,6,5,6,7,7,7,5,6,3,4,14,11,13,14,11,7,4,agree,3,neutral,4,agree,4,agree,3.75,2,disagree,4,agree,4,agree,4,agree,3.50,2,disagree,4,agree,5,agree,3.67,3,neutral,2,disagree,4,agree,1,disagree,1,disagree,5,agree,5,agree,4,agree,5,agree,4,agree,5,agree,4,agree,5,agree,,,,,,,,,,,,,,,,,,,,,,,,,,,,,,,,,,,,,,,,,,
114,27,Male,,Portugal,Further education,11-20,3.50,Never,Yearly,5,6,7,6,6,7,7,6,5,4,4,3,11,13,13,13,9,7,2,disagree,1,disagree,2,disagree,1,disagree,1.50,4,agree,4,agree,4,agree,3,neutral,3.75,4,agree,1,disagree,2,disagree,2.33,3,neutral,1,disagree,3,neutral,1,disagree,1,disagree,5,agree,4,agree,4,agree,5,agree,5,agree,5,agree,4,agree,5,agree,,,,,,,,,,,,,,,,,,,,,,,,,,,,,,,,,,,,,,,,,,
611,53,Male,,United States of America,Undergraduate degree,11-20,2.33,Yearly,Yearly,5,4,5,5,6,6,6,6,6,6,2,2,9,10,12,12,12,4,2,disagree,2,disagree,1,disagree,2,disagree,1.75,1,disagree,2,disagree,1,disagree,1,disagree,1.25,2,disagree,4,agree,1,disagree,2.33,3,neutral,2,disagree,4,agree,2,disagree,1,disagree,4,agree,4,agree,5,agree,5,agree,5,agree,5,agree,4,agree,5,agree,,,,,,,,,,,,,,,,,,,,,,,,,,,,,,,,,,,,,,,,,,
302,30,Female,,United Kingdom,Further education,11-20,2.67,Yearly,Yearly,6,6,4,4,6,5,4,6,5,5,1,2,12,8,11,10,10,3,4,agree,3,neutral,3,neutral,3,neutral,3.25,4,agree,4,agree,4,agree,3,neutral,3.75,3,neutral,3,neutral,3,neutral,3.00,3,neutral,3,neutral,4,agree,2,disagree,3,neutral,5,agree,4,agree,5,agree,4,agree,5,agree,4,agree,5,agree,5,agree,,,,,,,,,,,,,,,,,,,,,,,,,,,,,,,,,,,,,,,,,,
652,27,Female,,United Kingdom,Further education,11-20,1.50,Never,Yearly,5,4,3,3,6,7,7,6,6,5,3,5,9,6,13,13,11,8,1,disagree,2,disagree,2,disagree,2,disagree,1.75,4,agree,4,agree,2,disagree,4,agree,3.50,4,agree,4,agree,2,disagree,3.33,3,neutral,2,disagree,1,disagree,1,disagree,1,disagree,5,agree,5,agree,4,agree,5,agree,5,agree,4,agree,5,agree,5,agree,,,,,,,,,,,,,,,,,,,,,,,,,,,,,,,,,,,,,,,,,,
678,30,Female,,Canada,Undergraduate degree,11-20,1.83,Never,Yearly,5,5,4,5,6,7,6,7,5,6,2,2,10,9,13,13,11,4,4,agree,3,neutral,2,disagree,3,neutral,3.00,4,agree,4,agree,5,agree,4,agree,4.25,4,agree,2,disagree,2,disagree,2.67,5,agree,4,agree,5,agree,1,disagree,5,agree,3,neutral,5,agree,3,neutral,4,agree,5,agree,5,agree,5,agree,5,agree,,,,,,,,,,,,,,,,,,,,,,,,,,,,,,,,,,,,,,,,,,
431,42,Female,,Poland,Undergraduate degree,11-20,3.50,Yearly,Yearly,5,3,4,2,3,5,5,5,5,5,4,5,8,6,8,10,10,9,4,agree,4,agree,4,agree,3,neutral,3.75,4,agree,3,neutral,4,agree,4,agree,3.75,3,neutral,3,neutral,3,neutral,3.00,4,agree,4,agree,3,neutral,3,neutral,3,neutral,4,agree,5,agree,5,agree,5,agree,5,agree,5,agree,5,agree,5,agree,,,,,,,,,,,,,,,,,,,,,,,,,,,,,,,,,,,,,,,,,,
